timestamp,open,high,low,close,momentum_5,momentum_20,rsi_14,atr_14,volatility_regime
2022-01-03 00:00:00+00:00,1.1000000000,1.1015866120,1.0997221826,1.1013087947,,,,,
2022-01-03 01:00:00+00:00,1.1013087947,1.1017764082,1.1004690519,1.1009366654,,,,,
2022-01-03 02:00:00+00:00,1.1009366654,1.1016561080,1.1006834689,1.1014029115,,,,,
2022-01-03 03:00:00+00:00,1.1014029115,1.1017344599,1.1009175982,1.1012491466,,,,,
2022-01-03 04:00:00+00:00,1.1012491466,1.1015692213,1.1006907188,1.1010107936,,,,,
2022-01-03 05:00:00+00:00,1.1010107936,1.1016735851,1.1007476365,1.1014104280,0.0000922842,,,,
2022-01-03 06:00:00+00:00,1.1014104280,1.1016531081,1.1012447804,1.1014874605,0.0005002968,,,,
2022-01-03 07:00:00+00:00,1.1014874605,1.1016129249,1.1006915888,1.1008170533,-0.0005319200,,,,
2022-01-03 08:00:00+00:00,1.1008170533,1.1011140097,1.1004447705,1.1007417269,-0.0004607674,,,,
2022-01-03 09:00:00+00:00,1.1007417269,1.1011535889,1.1004314594,1.1008433213,-0.0001521077,,,,
2022-01-03 10:00:00+00:00,1.1008433213,1.1011697997,1.1005361505,1.1008626288,-0.0004973615,,,,
2022-01-03 11:00:00+00:00,1.1008626288,1.1014380245,1.1006508829,1.1012262786,-0.0002371174,,,,
2022-01-03 12:00:00+00:00,1.1012262786,1.1014876036,1.1008297615,1.1010910866,0.0002489363,,,,
2022-01-03 13:00:00+00:00,1.1010910866,1.1017899243,1.1007404852,1.1014393230,0.0006337509,,,,
2022-01-03 14:00:00+00:00,1.1014393230,1.1019389916,1.1012597690,1.1017594377,0.0008321950,,,,
2022-01-03 15:00:00+00:00,1.1017594377,1.1019887001,1.1010003925,1.1012296549,0.0003333986,,,,
2022-01-03 16:00:00+00:00,1.1012296549,1.1014407360,1.1008272773,1.1010383584,-0.0001706464,,,,
2022-01-03 17:00:00+00:00,1.1010383584,1.1013141835,1.1004434847,1.1007193098,-0.0003376440,,,,
2022-01-03 18:00:00+00:00,1.1007193098,1.1020953916,1.1005467944,1.1019228762,0.0004390194,,,,
2022-01-03 19:00:00+00:00,1.1019228762,1.1023204245,1.1008280558,1.1012256040,-0.0004845283,,,,
2022-01-03 20:00:00+00:00,1.1012256040,1.1014387101,1.1010230254,1.1012361316,0.0000058813,-0.0000659789,,,
2022-01-03 21:00:00+00:00,1.1012361316,1.1019702315,1.1009372033,1.1016713033,0.0005748618,0.0006672844,,,
2022-01-03 22:00:00+00:00,1.1016713033,1.1018009214,1.1012396751,1.1013692932,0.0005905079,-0.0000305232,,,
2022-01-03 23:00:00+00:00,1.1013692932,1.1017070432,1.1011175496,1.1014552997,-0.0004243278,0.0001871993,,,
2022-01-04 00:00:00+00:00,1.1014552997,1.1021766263,1.1010904649,1.1018117915,0.0005323046,0.0007275114,,,
2022-01-04 01:00:00+00:00,1.1018117915,1.1020372747,1.1010871054,1.1013125886,0.0000694284,-0.0000888310,,,
2022-01-04 02:00:00+00:00,1.1013125886,1.1014080968,1.1006618097,1.1007573179,-0.0008296353,-0.0006628696,,,
2022-01-04 03:00:00+00:00,1.1007573179,1.1014528966,1.1005918844,1.1012874631,-0.0000742985,0.0004273279,,,
2022-01-04 04:00:00+00:00,1.1012874631,1.1014808490,1.1009009348,1.1010943207,-0.0003277291,0.0003203238,,,
2022-01-04 05:00:00+00:00,1.1010943207,1.1014175140,1.1006368245,1.1009600178,-0.0007730664,0.0001060064,,,
2022-01-04 06:00:00+00:00,1.1009600178,1.1015167337,1.1006992042,1.1012559201,-0.0000514554,0.0003572573,,,
2022-01-04 07:00:00+00:00,1.1012559201,1.1017512606,1.1010118091,1.1015071497,0.0006811963,0.0002550530,,,
2022-01-04 08:00:00+00:00,1.1015071497,1.1016844331,1.1010371929,1.1012144763,-0.0000662741,0.0001120613,,,
2022-01-04 09:00:00+00:00,1.1012144763,1.1019928168,1.1009078825,1.1016862231,0.0005375583,0.0002241613,,,
2022-01-04 10:00:00+00:00,1.1016862231,1.1019675893,1.1010426010,1.1013239672,0.0003305746,-0.0003952500,,,
2022-01-04 11:00:00+00:00,1.1013239672,1.1019909387,1.1009624879,1.1016294594,0.0003391939,0.0003630527,,,
2022-01-04 12:00:00+00:00,1.1016294594,1.1019388666,1.1012490206,1.1015584278,0.0000465527,0.0004723446,,,
2022-01-04 13:00:00+00:00,1.1015584278,1.1017312482,1.1010524267,1.1012252471,0.0000097808,0.0004596424,,,
2022-01-04 14:00:00+00:00,1.1012252471,1.1015062979,1.1004837081,1.1007647590,-0.0008364125,-0.0010509966,,,
2022-01-04 15:00:00+00:00,1.1007647590,1.1017439464,1.1004735145,1.1014527019,0.0001168908,0.0002062228,,,
2022-01-04 16:00:00+00:00,1.1014527019,1.1018010462,1.1009896618,1.1013380061,-0.0002645656,0.0000925093,,,
2022-01-04 17:00:00+00:00,1.1013380061,1.1021852761,1.1009484913,1.1017957614,0.0002154525,0.0001129721,,,
2022-01-04 18:00:00+00:00,1.1017957614,1.1024860253,1.1015782193,1.1022684832,0.0009473413,0.0008164292,,,
2022-01-04 19:00:00+00:00,1.1022684832,1.1027200193,1.1020311968,1.1024827328,0.0015607093,0.0009327960,,,
2022-01-04 20:00:00+00:00,1.1024827328,1.1027401550,1.1021030144,1.1023604365,0.0008241250,0.0004979481,,,
2022-01-04 21:00:00+00:00,1.1023604365,1.1024624928,1.1020716120,1.1021736683,0.0007587700,0.0007818667,,,
2022-01-04 22:00:00+00:00,1.1021736683,1.1024368270,1.1014426558,1.1017058145,-0.0000816366,0.0008616764,,,
2022-01-04 23:00:00+00:00,1.1017058145,1.1020022888,1.1014822661,1.1017787403,-0.0004443045,0.0004460936,,,
2022-01-05 00:00:00+00:00,1.1017787403,1.1022102696,1.1013451386,1.1017766678,-0.0006404318,0.0006196991,,,
2022-01-05 01:00:00+00:00,1.1017766678,1.1020052387,1.1014082667,1.1016368376,-0.0006564087,0.0006147542,,,
2022-01-05 02:00:00+00:00,1.1016368376,1.1022609371,1.1012536007,1.1018777003,-0.0002685312,0.0005646100,,,
2022-01-05 03:00:00+00:00,1.1018777003,1.1027261544,1.1014903923,1.1023388465,0.0005745926,0.0007550535,,,
2022-01-05 04:00:00+00:00,1.1023388465,1.1025934934,1.1016869604,1.1019416073,0.0001478218,0.0006602992,,,
2022-01-05 05:00:00+00:00,1.1019416073,1.1021867001,1.1017811573,1.1020262501,0.0002265271,0.0003086424,,,
2022-01-05 06:00:00+00:00,1.1020262501,1.1026684305,1.1016483491,1.1022905294,0.0005933824,0.0008776366,,,
2022-01-05 07:00:00+00:00,1.1022905294,1.1025107145,1.1020436359,1.1022638210,0.0003504207,0.0005758394,,,
2022-01-05 08:00:00+00:00,1.1022638210,1.1024476226,1.1019837015,1.1021675031,-0.0001554362,0.0005529215,,,
2022-01-05 09:00:00+00:00,1.1021675031,1.1025782552,1.1013883602,1.1017991123,-0.0001293126,0.0005211152,,,
2022-01-05 10:00:00+00:00,1.1017991123,1.1021901506,1.1013789979,1.1017700363,-0.0002324934,0.0009132535,,,
2022-01-05 11:00:00+00:00,1.1017700363,1.1022629887,1.1015829893,1.1020759417,-0.0001946744,0.0005658344,,,
2022-01-05 12:00:00+00:00,1.1020759417,1.1023696367,1.1015843754,1.1018780704,-0.0003499621,0.0004903711,,,
2022-01-05 13:00:00+00:00,1.1018780704,1.1021695945,1.1016177154,1.1019092395,-0.0002343234,0.0001029938,,,
2022-01-05 14:00:00+00:00,1.1019092395,1.1023206490,1.1009023868,1.1013137963,-0.0004404760,-0.0008661111,,,
2022-01-05 15:00:00+00:00,1.1013137963,1.1016737212,1.1007732431,1.1011331680,-0.0005780410,-0.0012241142,,,
2022-01-05 16:00:00+00:00,1.1011331680,1.1022004154,1.1008824239,1.1019496713,-0.0001145751,-0.0003726234,,,
2022-01-05 17:00:00+00:00,1.1019496713,1.1023861245,1.1017252012,1.1021616545,0.0002573643,-0.0000109001,,,
2022-01-05 18:00:00+00:00,1.1021616545,1.1031032549,1.1019297608,1.1028713613,0.0008731407,0.0010579474,,,
2022-01-05 19:00:00+00:00,1.1028713613,1.1031351396,1.1026589719,1.1029227502,0.0014609405,0.0010383299,,,
2022-01-05 20:00:00+00:00,1.1029227502,1.1031882136,1.1021652205,1.1024306839,0.0011783461,0.0005936013,,,
2022-01-05 21:00:00+00:00,1.1024306839,1.1027918730,1.1022573068,1.1026184958,0.0006069466,0.0008910906,,,
2022-01-05 22:00:00+00:00,1.1026184958,1.1029066908,1.1022416684,1.1025298633,0.0003340788,0.0005918652,,,
2022-01-05 23:00:00+00:00,1.1025298633,1.1029133290,1.1021832018,1.1025666675,-0.0002762732,0.0002066706,,,
2022-01-06 00:00:00+00:00,1.1025666675,1.1033097948,1.1022842302,1.1030273575,0.0000948455,0.0009853065,,,
2022-01-06 01:00:00+00:00,1.1030273575,1.1035567548,1.1027175857,1.1032469830,0.0007404539,0.0011077167,,,
2022-01-06 02:00:00+00:00,1.1032469830,1.1039274798,1.1028829521,1.1035634488,0.0008570081,0.0011547948,,,
2022-01-06 03:00:00+00:00,1.1035634488,1.1039233349,1.1024482679,1.1028081539,0.0002524109,0.0004938318,,,
2022-01-06 04:00:00+00:00,1.1028081539,1.1030416841,1.1020442882,1.1022778184,-0.0002619788,0.0001000894,,,
2022-01-06 05:00:00+00:00,1.1022778184,1.1026097555,1.1014336347,1.1017655718,-0.0011439296,-0.0000304415,,,
2022-01-06 06:00:00+00:00,1.1017655718,1.1021161104,1.1014293937,1.1017799323,-0.0013297573,0.0000089819,,,
2022-01-06 07:00:00+00:00,1.1017799323,1.1021200020,1.1010563514,1.1013964211,-0.0019636639,-0.0006165824,,,
2022-01-06 08:00:00+00:00,1.1013964211,1.1016074075,1.1011285041,1.1013394905,-0.0013317488,-0.0004887836,,,
2022-01-06 09:00:00+00:00,1.1013394905,1.1016728446,1.1003709198,1.1007042740,-0.0014275388,-0.0010935252,,,
2022-01-06 10:00:00+00:00,1.1007042740,1.1010573468,1.1005056777,1.1008587505,-0.0008230619,-0.0004131845,,,
2022-01-06 11:00:00+00:00,1.1008587505,1.1011995536,1.0999632950,1.1003040980,-0.0013395000,-0.0007529243,,,
2022-01-06 12:00:00+00:00,1.1003040980,1.1009425808,1.1000855451,1.1007240278,-0.0006104916,-0.0011122499,,,
2022-01-06 13:00:00+00:00,1.1007240278,1.1021597947,1.1003355216,1.1017712885,0.0003920662,-0.0003541821,,,
2022-01-06 14:00:00+00:00,1.1017712885,1.1019800780,1.1010841561,1.1012929456,0.0005348136,-0.0014311875,,,
2022-01-06 15:00:00+00:00,1.1012929456,1.1019412343,1.1009553670,1.1016036558,0.0006766583,-0.0011959989,,,
2022-01-06 16:00:00+00:00,1.1016036558,1.1022061128,1.1013823672,1.1019848242,0.0015275106,-0.0004044333,,,
2022-01-06 17:00:00+00:00,1.1019848242,1.1023827558,1.1009477931,1.1013457246,0.0005648071,-0.0011543169,,,
2022-01-06 18:00:00+00:00,1.1013457246,1.1016034172,1.1010594365,1.1013171291,-0.0004122084,-0.0010999559,,,
2022-01-06 19:00:00+00:00,1.1013171291,1.1014746628,1.1010616877,1.1012192214,-0.0000669433,-0.0012220995,,,
2022-01-06 20:00:00+00:00,1.1012192214,1.1022574028,1.1008439281,1.1018821095,0.0002527713,-0.0010382770,,,
2022-01-06 21:00:00+00:00,1.1018821095,1.1024906790,1.1016018980,1.1022104675,0.0002047607,-0.0009395136,,,
2022-01-06 22:00:00+00:00,1.1022104675,1.1026069588,1.1019844709,1.1023809622,0.0009399752,-0.0010715166,,,
2022-01-06 23:00:00+00:00,1.1023809622,1.1028512047,1.1020341743,1.1025044168,0.0010780615,-0.0002754216,,,
2022-01-07 00:00:00+00:00,1.1025044168,1.1027285705,1.1018439160,1.1020680697,0.0007708259,-0.0001902866,,,
2022-01-07 01:00:00+00:00,1.1020680697,1.1026624572,1.1016900849,1.1022844725,0.0003651597,0.0004709719,,,
2022-01-07 02:00:00+00:00,1.1022844725,1.1026189207,1.1017057799,1.1020402281,-0.0001544526,0.0002362503,,,
2022-01-07 03:00:00+00:00,1.1020402281,1.1023558204,1.1016554731,1.1019710654,-0.0003718287,0.0005217416,,,
2022-01-07 04:00:00+00:00,1.1019710654,1.1026625667,1.1016911742,1.1023826755,-0.0001104225,0.0009471966,55.5333695125,0.0009105559,
2022-01-07 05:00:00+00:00,1.1023826755,1.1026197308,1.1018752432,1.1021122985,0.0000401326,0.0012792033,52.1777465023,0.0008986939,
2022-01-07 06:00:00+00:00,1.1021122985,1.1027573955,1.1018422967,1.1024873936,0.0001840915,0.0014794297,56.1375062118,0.0008998657,
2022-01-07 07:00:00+00:00,1.1024873936,1.1035075826,1.1021837976,1.1032039865,0.0010560036,0.0026355337,62.5220563447,0.0009301456,
2022-01-07 08:00:00+00:00,1.1032039865,1.1033747183,1.1030336220,1.1032043538,0.0011191659,0.0022533586,62.5250670872,0.0008880707,
2022-01-07 09:00:00+00:00,1.1032043538,1.1033602335,1.1028312346,1.1029871142,0.0005483021,0.0011035192,59.4812533576,0.0008624227,
2022-01-07 10:00:00+00:00,1.1029871142,1.1036395302,1.1026346988,1.1032871148,0.0010659679,0.0018107527,62.2167197654,0.0008725948,
2022-01-07 11:00:00+00:00,1.1032871148,1.1037502253,1.1032628995,1.1037260100,0.0011234744,0.0019266042,65.8491726170,0.0008450755,
2022-01-07 12:00:00+00:00,1.1037260100,1.1038855185,1.1035466051,1.1037061135,0.0004551533,0.0015619900,65.5415503902,0.0008089211,
2022-01-07 13:00:00+00:00,1.1037061135,1.1047009039,1.1035744966,1.1045692870,0.0012372442,0.0029269305,71.7150188331,0.0008315987,
2022-01-07 14:00:00+00:00,1.1045692870,1.1048487212,1.1043643143,1.1046437485,0.0015019525,0.0030205826,72.1780806475,0.0008067993,
2022-01-07 15:00:00+00:00,1.1046437485,1.1050394559,1.1043814700,1.1047771774,0.0013505664,0.0032309244,73.0301298073,0.0007961698,
2022-01-07 16:00:00+00:00,1.1047771774,1.1052545445,1.1045692742,1.1050466413,0.0011965210,0.0028719332,74.7143077192,0.0007882484,
2022-01-07 17:00:00+00:00,1.1050466413,1.1054835905,1.1046841438,1.1051210929,0.0012820255,0.0026407166,75.1755682043,0.0007890482,
2022-01-07 18:00:00+00:00,1.1051210929,1.1055465108,1.1049231755,1.1053485933,0.0007055296,0.0026920195,76.5813757297,0.0007772116,
2022-01-07 19:00:00+00:00,1.1053485933,1.1065289216,1.1050594759,1.1062398042,0.0014448601,0.0033880930,81.0973559123,0.0008266569,
2022-01-07 20:00:00+00:00,1.1062398042,1.1065320020,1.1055557301,1.1058479279,0.0009692005,0.0034297865,74.3115679679,0.0008373437,
2022-01-07 21:00:00+00:00,1.1058479279,1.1061532854,1.1056571481,1.1059625056,0.0008288015,0.0033367368,74.9710042627,0.0008129718,
2022-01-07 22:00:00+00:00,1.1059625056,1.1062899849,1.1051948520,1.1055223312,0.0003630718,0.0031596878,67.7731624246,0.0008331262,
2022-01-07 23:00:00+00:00,1.1055223312,1.1056692881,1.1047035554,1.1048505123,-0.0004506099,0.0026129968,58.5358970363,0.0008425981,
2022-01-08 00:00:00+00:00,1.1048505123,1.1048515123,1.1048495123,1.1048505123,-0.0012558687,0.0022386389,58.5358970363,0.0007825553,
2022-01-08 01:00:00+00:00,1.1048505123,1.1048515123,1.1048495123,1.1048505123,-0.0009019465,0.0024845143,58.5358970363,0.0007268014,
2022-01-08 02:00:00+00:00,1.1048505123,1.1048515123,1.1048495123,1.1048505123,-0.0010054530,0.0021434428,58.5358970363,0.0006750299,
2022-01-08 03:00:00+00:00,1.1048505123,1.1048515123,1.1048495123,1.1048505123,-0.0006076937,0.0014924944,58.5358970363,0.0006269563,
2022-01-08 04:00:00+00:00,1.1048505123,1.1048515123,1.1048495123,1.1048505123,0.0000000000,0.0014921610,58.5358970363,0.0005823166,
2022-01-08 05:00:00+00:00,1.1048505123,1.1048515123,1.1048495123,1.1048505123,0.0000000000,0.0016894106,58.5358970363,0.0005408654,
2022-01-08 06:00:00+00:00,1.1048505123,1.1048515123,1.1048495123,1.1048505123,0.0000000000,0.0014170359,58.5358970363,0.0005023750,
2022-01-08 07:00:00+00:00,1.1048505123,1.1048515123,1.1048495123,1.1048505123,0.0000000000,0.0010188237,58.5358970363,0.0004666339,
2022-01-08 08:00:00+00:00,1.1048505123,1.1048515123,1.1048495123,1.1048505123,0.0000000000,0.0010368691,58.5358970363,0.0004334458,
2022-01-08 09:00:00+00:00,1.1048505123,1.1048515123,1.1048495123,1.1048505123,0.0000000000,0.0002546018,58.5358970363,0.0004026282,
2022-01-08 10:00:00+00:00,1.1048505123,1.1048515123,1.1048495123,1.1048505123,0.0000000000,0.0001871769,58.5358970363,0.0003740119,
2022-01-08 11:00:00+00:00,1.1048505123,1.1048515123,1.1048495123,1.1048505123,0.0000000000,0.0000663798,58.5358970363,0.0003474396,
2022-01-08 12:00:00+00:00,1.1048505123,1.1048515123,1.1048495123,1.1048505123,0.0000000000,-0.0001774849,58.5358970363,0.0003227654,
2022-01-08 13:00:00+00:00,1.1048505123,1.1048515123,1.1048495123,1.1048505123,0.0000000000,-0.0002448425,58.5358970363,0.0002998536,
2022-01-08 14:00:00+00:00,1.1048505123,1.1048515123,1.1048495123,1.1048505123,0.0000000000,-0.0004506099,58.5358970363,0.0002785783,
2022-01-08 15:00:00+00:00,1.1048505123,1.1048515123,1.1048495123,1.1048505123,0.0000000000,-0.0012558687,58.5358970363,0.0002588227,
2022-01-08 16:00:00+00:00,1.1048505123,1.1048515123,1.1048495123,1.1048505123,0.0000000000,-0.0009019465,58.5358970363,0.0002404782,
2022-01-08 17:00:00+00:00,1.1048505123,1.1048515123,1.1048495123,1.1048505123,0.0000000000,-0.0010054530,58.5358970363,0.0002234441,
2022-01-08 18:00:00+00:00,1.1048505123,1.1048515123,1.1048495123,1.1048505123,0.0000000000,-0.0006076937,58.5358970363,0.0002076266,
2022-01-08 19:00:00+00:00,1.1048505123,1.1048515123,1.1048495123,1.1048505123,0.0000000000,0.0000000000,58.5358970363,0.0001929390,
2022-01-08 20:00:00+00:00,1.1048505123,1.1048515123,1.1048495123,1.1048505123,0.0000000000,0.0000000000,58.5358970363,0.0001793005,
2022-01-08 21:00:00+00:00,1.1048505123,1.1048515123,1.1048495123,1.1048505123,0.0000000000,0.0000000000,58.5358970363,0.0001666362,
2022-01-08 22:00:00+00:00,1.1048505123,1.1048515123,1.1048495123,1.1048505123,0.0000000000,0.0000000000,58.5358970363,0.0001548765,
2022-01-08 23:00:00+00:00,1.1048505123,1.1048515123,1.1048495123,1.1048505123,0.0000000000,0.0000000000,58.5358970363,0.0001439567,
2022-01-09 00:00:00+00:00,1.1048505123,1.1048515123,1.1048495123,1.1048505123,0.0000000000,0.0000000000,58.5358970363,0.0001338170,
2022-01-09 01:00:00+00:00,1.1048505123,1.1048515123,1.1048495123,1.1048505123,0.0000000000,0.0000000000,58.5358970363,0.0001244015,
2022-01-09 02:00:00+00:00,1.1048505123,1.1048515123,1.1048495123,1.1048505123,0.0000000000,0.0000000000,58.5358970363,0.0001156585,
2022-01-09 03:00:00+00:00,1.1048505123,1.1048515123,1.1048495123,1.1048505123,0.0000000000,0.0000000000,58.5358970363,0.0001075400,
2022-01-09 04:00:00+00:00,1.1048505123,1.1048515123,1.1048495123,1.1048505123,0.0000000000,0.0000000000,58.5358970363,0.0001000015,
2022-01-09 05:00:00+00:00,1.1048505123,1.1048515123,1.1048495123,1.1048505123,0.0000000000,0.0000000000,58.5358970363,0.0000930014,
2022-01-09 06:00:00+00:00,1.1048505123,1.1052135636,1.1047374610,1.1051005123,0.0002262750,0.0002262750,72.4407415006,0.0001203657,
2022-01-09 07:00:00+00:00,1.1051005123,1.1054798152,1.1049712094,1.1053505123,0.0004525499,0.0004525499,79.7528477460,0.0001480972,
2022-01-09 08:00:00+00:00,1.1053505123,1.1057246023,1.1052264222,1.1056005123,0.0006788249,0.0006788249,84.2524380606,0.0001731031,
2022-01-09 09:00:00+00:00,1.1056005123,1.1059314647,1.1055195598,1.1058505123,0.0009050998,0.0009050998,87.2934682636,0.0001901604,
2022-01-09 10:00:00+00:00,1.1058505123,1.1062117642,1.1057392604,1.1061005123,0.0011313748,0.0011313748,89.4810508070,0.0002103277,
2022-01-09 11:00:00+00:00,1.1061005123,1.1065002395,1.1059507851,1.1063505123,0.0011311188,0.0013576497,91.1262845407,0.0002345511,
2022-01-09 12:00:00+00:00,1.1063505123,1.1068037561,1.1061472684,1.1066005123,0.0011308630,0.0015839247,92.4054884514,0.0002646894,
2022-01-09 13:00:00+00:00,1.1066005123,1.1069476061,1.1065034185,1.1068505123,0.0011306073,0.0018101996,93.4260625267,0.0002775107,
2022-01-09 14:00:00+00:00,1.1068505123,1.1072634806,1.1066875440,1.1071005123,0.0011303517,0.0020364746,94.2571668933,0.0002988268,
2022-01-09 15:00:00+00:00,1.1071005123,1.1075318090,1.1069192156,1.1073505123,0.0011300962,0.0022627496,94.9453524546,0.0003212387,
2022-01-09 16:00:00+00:00,1.1073505123,1.1077347688,1.1072162558,1.1076005123,0.0011298408,0.0024890245,95.5231039226,0.0003353298,
2022-01-09 17:00:00+00:00,1.1076005123,1.1079804252,1.1074705994,1.1078505123,0.0011295856,0.0027152995,96.0137812494,0.0003477938,
2022-01-09 18:00:00+00:00,1.1078505123,1.1082391327,1.1077118918,1.1081005123,0.0011293305,0.0029415744,96.4346145937,0.0003606114,
2022-01-09 19:00:00+00:00,1.1081005123,1.1085285870,1.1079224375,1.1083505123,0.0011290754,0.0031678494,96.7985922249,0.0003781499,
2022-01-09 20:00:00+00:00,1.1083505123,1.1087139285,1.1082370961,1.1086005123,0.0011288205,0.0033941243,97.1156910763,0.0003851986,
2022-01-09 21:00:00+00:00,1.1086005123,1.1089668473,1.1084841772,1.1088505123,0.0011285657,0.0036203993,97.3937023279,0.0003921609,
2022-01-09 22:00:00+00:00,1.1088505123,1.1092435376,1.1087074870,1.1091005123,0.0011283111,0.0038466742,97.6387994227,0.0004024387,
2022-01-09 23:00:00+00:00,1.1091005123,1.1095512144,1.1088998102,1.1093505123,0.0011280565,0.0040729492,97.8559376288,0.0004202219,
2022-01-10 00:00:00+00:00,1.1093505123,1.1097525460,1.1091984785,1.1096005123,0.0011278021,0.0042992241,98.0491406882,0.0004297823,
2022-01-10 01:00:00+00:00,1.1096005123,1.1100690945,1.1093819301,1.1098505123,0.0011275477,0.0045254991,98.2217101039,0.0004481668,
2022-01-10 02:00:00+00:00,1.1098505123,1.1102739523,1.1096770723,1.1101005123,0.0011272935,0.0045244753,98.3763803770,0.0004587891,
2022-01-10 03:00:00+00:00,1.1101005123,1.1105248771,1.1099261475,1.1103505123,0.0011270394,0.0045234520,98.5154358082,0.0004687849,
2022-01-10 04:00:00+00:00,1.1103505123,1.1106884127,1.1102626119,1.1106005123,0.0011267854,0.0045224292,98.6407995265,0.0004657146,
2022-01-10 05:00:00+00:00,1.1106005123,1.1109276971,1.1105233275,1.1108505123,0.0011265316,0.0045214068,98.7541021590,0.0004613328,
2022-01-10 06:00:00+00:00,1.1108505123,1.1111526901,1.1107983344,1.1111005123,0.0011262778,0.0045203849,98.8567353739,0.0004536916,
2022-01-10 07:00:00+00:00,1.1111005123,1.1115176234,1.1109334011,1.1113505123,0.0011260242,0.0045193634,98.9498940489,0.0004630152,
2022-01-10 08:00:00+00:00,1.1113505123,1.1117201461,1.1112308785,1.1116005123,0.0011257706,0.0045183424,99.0346097893,0.0004648904,
2022-01-10 09:00:00+00:00,1.1116005123,1.1119841479,1.1114668767,1.1118505123,0.0011255172,0.0045173218,99.1117777988,0.0004686319,
2022-01-10 10:00:00+00:00,1.1118505123,1.1122749094,1.1116761151,1.1121005123,0.0011252639,0.0045163018,99.1821785941,0.0004779292,
2022-01-10 11:00:00+00:00,1.1121005123,1.1125530717,1.1118979529,1.1123505123,0.0011250107,0.0045152821,99.2464956816,0.0004905856,
2022-01-10 12:00:00+00:00,1.1123505123,1.1127430452,1.1122079793,1.1126005123,0.0011247577,0.0045142630,99.3053300495,0.0004937628,
2022-01-10 13:00:00+00:00,1.1126005123,1.1130366813,1.1124143432,1.1128505123,0.0011245047,0.0045132443,99.3592121250,0.0005029467,
2022-01-10 14:00:00+00:00,1.1128505123,1.1132292461,1.1127217785,1.1131005123,0.0011242519,0.0045122261,99.4086117001,0.0005032696,
2022-01-10 15:00:00+00:00,1.1131005123,1.1134293888,1.1130216358,1.1133505123,0.0011239991,0.0045112083,99.4539462209,0.0004964470,
2022-01-10 16:00:00+00:00,1.1133505123,1.1137808139,1.1131702107,1.1136005123,0.0011237465,0.0045101910,99.4955877448,0.0005046010,
2022-01-10 17:00:00+00:00,1.1136005123,1.1139593089,1.1134917157,1.1138505123,0.0011234940,0.0045091741,99.5338688124,0.0005019576,
2022-01-10 18:00:00+00:00,1.1138505123,1.1142866380,1.1136643866,1.1141005123,0.0011232416,0.0045081577,99.5690874265,0.0005105500,
2022-01-10 19:00:00+00:00,1.1141005123,1.1144388143,1.1140122103,1.1143505123,0.0011229893,0.0045071417,99.6015112930,0.0005045539,
2022-01-10 20:00:00+00:00,1.1143505123,1.1147571208,1.1141939038,1.1146005123,0.0011227372,0.0045061263,99.6313814500,0.0005087441,
2022-01-10 21:00:00+00:00,1.1146005123,1.1149941636,1.1144568610,1.1148505123,0.0011224851,0.0045051112,99.6589153861,0.0005107840,
2022-01-10 22:00:00+00:00,1.1148505123,1.1153278909,1.1146231337,1.1151005123,0.0011222332,0.0045040967,99.6843097298,0.0005246392,
2022-01-10 23:00:00+00:00,1.1151005123,1.1155504643,1.1149005603,1.1153505123,0.0011219814,0.0045030825,99.7077425789,0.0005335867,
2022-01-11 00:00:00+00:00,1.1153505123,1.1157553261,1.1151956985,1.1156005123,0.0011217296,0.0045020689,99.7293755243,0.0005354468,
2022-01-11 01:00:00+00:00,1.1156005123,1.1158964032,1.1155546213,1.1158505123,0.0011214780,0.0045010557,99.7493554153,0.0005216136,
2022-01-11 02:00:00+00:00,1.1158505123,1.1161813985,1.1157696261,1.1161005123,0.0011212266,0.0045000429,99.7678159041,0.0005137678,
2022-01-11 03:00:00+00:00,1.1161005123,1.1164379882,1.1160130364,1.1163505123,0.0011209752,0.0044990306,99.7848788008,0.0005074238,
2022-01-11 04:00:00+00:00,1.1163505123,1.1167342321,1.1162167924,1.1166005123,0.0011207239,0.0044980188,99.8006552674,0.0005081392,
2022-01-11 05:00:00+00:00,1.1166005123,1.1170312295,1.1164197951,1.1168505123,0.0011204728,0.0044970074,99.8152468709,0.0005155174,
2022-01-11 06:00:00+00:00,1.1168505123,1.1172446793,1.1167063452,1.1171005123,0.0011202217,0.0044959965,99.8287465160,0.0005171472,
2022-01-11 07:00:00+00:00,1.1171005123,1.1174934516,1.1169575730,1.1173505123,0.0011199708,0.0044949860,99.8412392735,0.0005184851,
2022-01-11 08:00:00+00:00,1.1173505123,1.1176669750,1.1172840496,1.1176005123,0.0011197200,0.0044939760,99.8528031167,0.0005088023,
2022-01-11 09:00:00+00:00,1.1176005123,1.1179058683,1.1175451562,1.1178505123,0.0011194693,0.0044929664,99.8635095786,0.0004982244,
2022-01-11 10:00:00+00:00,1.1178505123,1.1182069042,1.1177441204,1.1181005123,0.0011192187,0.0044919573,99.8734243395,0.0004956930,
2022-01-11 11:00:00+00:00,1.1181005123,1.1185636746,1.1178873500,1.1183505123,0.0011189682,0.0044909487,99.8826077535,0.0005085952,
2022-01-11 12:00:00+00:00,1.1183505123,1.1187752203,1.1181758042,1.1186005123,0.0011187179,0.0044899405,99.8911153214,0.0005150824,
2022-01-11 13:00:00+00:00,1.1186005123,1.1190358909,1.1184151337,1.1188505123,0.0011184676,0.0044889327,99.8989981153,0.0005226306,
2022-01-11 14:00:00+00:00,1.1188505123,1.1192897075,1.1186613171,1.1191005123,0.0011182175,0.0044879254,99.9063031622,0.0005301849,
2022-01-11 15:00:00+00:00,1.1191005123,1.1194725365,1.1189784881,1.1193505123,0.0011179675,0.0044869186,99.9130737904,0.0005276037,
2022-01-11 16:00:00+00:00,1.1193505123,1.1197768813,1.1191741433,1.1196005123,0.0011177176,0.0044859122,99.9193499416,0.0005329705,
2022-01-11 17:00:00+00:00,1.1196005123,1.1200170208,1.1194340038,1.1198505123,0.0011174678,0.0044849062,99.9251684551,0.0005365452,
2022-01-11 18:00:00+00:00,1.1198505123,1.1199604391,1.1194905854,1.1196005123,0.0006703308,0.0040355107,92.7212109680,0.0005317815,
2022-01-11 19:00:00+00:00,1.1196005123,1.1197892150,1.1191618095,1.1193505123,0.0002233937,0.0035863165,86.0410541443,0.0005386118,
2022-01-11 20:00:00+00:00,1.1193505123,1.1194346972,1.1190163273,1.1191005123,-0.0002233438,0.0031373238,79.8459959697,0.0005300231,
2022-01-11 21:00:00+00:00,1.1191005123,1.1191634861,1.1187875385,1.1188505123,-0.0006698818,0.0026885322,74.1002794442,0.0005190177,
2022-01-11 22:00:00+00:00,1.1188505123,1.1189596158,1.1184914087,1.1186005123,-0.0011162204,0.0022399416,68.7708567009,0.0005153884,
2022-01-11 23:00:00+00:00,1.1186005123,1.1187021305,1.1182488941,1.1183505123,-0.0011164697,0.0017915520,63.8271736209,0.0005109490,
2022-01-12 00:00:00+00:00,1.1183505123,1.1185153428,1.1179356818,1.1181005123,-0.0011167190,0.0013433632,59.2409729501,0.0005158570,
2022-01-12 01:00:00+00:00,1.1181005123,1.1182442887,1.1177067359,1.1178505123,-0.0011169685,0.0008953750,54.9861141471,0.0005174067,
2022-01-12 02:00:00+00:00,1.1178505123,1.1179839679,1.1174670567,1.1176005123,-0.0011172181,0.0004475873,51.0384083809,0.0005173713,
2022-01-12 03:00:00+00:00,1.1176005123,1.1176965534,1.1172544712,1.1173505123,-0.0011174678,0.0000000000,47.3754672700,0.0005119935,
2022-01-12 04:00:00+00:00,1.1173505123,1.1174802294,1.1169707952,1.1171005123,-0.0011177176,-0.0004473871,43.9765641010,0.0005118107,
2022-01-12 05:00:00+00:00,1.1171005123,1.1173443837,1.1166066408,1.1168505123,-0.0011179675,-0.0008945740,40.8225063951,0.0005279487,
2022-01-12 06:00:00+00:00,1.1168505123,1.1169947361,1.1164562885,1.1166005123,-0.0011182175,-0.0013415610,37.8955188090,0.0005286986,
2022-01-12 07:00:00+00:00,1.1166005123,1.1167463303,1.1162046942,1.1163505123,-0.0011184676,-0.0017883481,35.1791354553,0.0005296227,
2022-01-12 08:00:00+00:00,1.1163505123,1.1164488458,1.1160021788,1.1161005123,-0.0011187179,-0.0022349355,32.6581008214,0.0005236973,
2022-01-12 09:00:00+00:00,1.1161005123,1.1162093099,1.1157417147,1.1158505123,-0.0011189682,-0.0026813233,30.3182785427,0.0005196900,
2022-01-12 10:00:00+00:00,1.1158505123,1.1160009472,1.1154500774,1.1156005123,-0.0011192187,-0.0031275117,28.1465673613,0.0005219171,
2022-01-12 11:00:00+00:00,1.1156005123,1.1157620837,1.1151889408,1.1153505123,-0.0011194693,-0.0035735008,26.1308236604,0.0005255761,
2022-01-12 12:00:00+00:00,1.1153505123,1.1155327622,1.1149182623,1.1151005123,-0.0011197200,-0.0040192908,24.2597900258,0.0005319278,
2022-01-12 13:00:00+00:00,1.1151005123,1.1152238047,1.1147272198,1.1148505123,-0.0011199708,-0.0044648816,22.5230293334,0.0005294033,
2022-01-12 14:00:00+00:00,1.1148505123,1.1149615642,1.1144894604,1.1146005123,-0.0011202217,-0.0044658786,20.9108639095,0.0005253105,
2022-01-12 15:00:00+00:00,1.1146005123,1.1147818936,1.1141691309,1.1143505123,-0.0011204728,-0.0044668761,19.4143193492,0.0005315571,
2022-01-12 16:00:00+00:00,1.1143505123,1.1145108979,1.1139401267,1.1141005123,-0.0011207239,-0.0044678739,18.0250726183,0.0005343581,
2022-01-12 17:00:00+00:00,1.1141005123,1.1142857421,1.1136652824,1.1138505123,-0.0011209752,-0.0044688722,16.7354040926,0.0005405082,
2022-01-12 18:00:00+00:00,1.1138505123,1.1139911493,1.1134598753,1.1136005123,-0.0011212266,-0.0044698710,15.5381532231,0.0005398486,
2022-01-12 19:00:00+00:00,1.1136005123,1.1137463184,1.1132047061,1.1133505123,-0.0011214780,-0.0044708702,14.4266775394,0.0005399746,
2022-01-12 20:00:00+00:00,1.1133505123,1.1134731980,1.1129778266,1.1131005123,-0.0011217296,-0.0044718699,13.3948147283,0.0005367887,
2022-01-12 21:00:00+00:00,1.1131005123,1.1131305505,1.1128204741,1.1128505123,-0.0011219814,-0.0044728700,12.4368475492,0.0005205949,
2022-01-12 22:00:00+00:00,1.1128505123,1.1129992280,1.1124517965,1.1126005123,-0.0011222332,-0.0044738705,11.5474713639,0.0005225118,
2022-01-12 23:00:00+00:00,1.1126005123,1.1126819709,1.1122690537,1.1123505123,-0.0011224851,-0.0044748715,10.7217640800,0.0005146836,
2022-01-13 00:00:00+00:00,1.1123505123,1.1125215411,1.1119294835,1.1121005123,-0.0011227372,-0.0044758730,9.9551583229,0.0005202104,
2022-01-13 01:00:00+00:00,1.1121005123,1.1122617697,1.1116892549,1.1118505123,-0.0011229893,-0.0044768749,9.2434156645,0.0005239464,
2022-01-13 02:00:00+00:00,1.1118505123,1.1119655528,1.1114854717,1.1116005123,-0.0011232416,-0.0044778772,8.5826027533,0.0005208132,
2022-01-13 03:00:00+00:00,1.1116005123,1.1117067931,1.1112442315,1.1113505123,-0.0011234940,-0.0044788800,7.9690692008,0.0005166523,
2022-01-13 04:00:00+00:00,1.1113505123,1.1114805121,1.1109705125,1.1111005123,-0.0011237465,-0.0044798833,7.3994270923,0.0005161771,
2022-01-13 05:00:00+00:00,1.1111005123,1.1112380181,1.1107130065,1.1108505123,-0.0011239991,-0.0044808870,6.8705319999,0.0005168082,
2022-01-13 06:00:00+00:00,1.1108505123,1.1109230954,1.1105279292,1.1106005123,-0.0011242519,-0.0044818911,6.3794653841,0.0005081195,
2022-01-13 07:00:00+00:00,1.1106005123,1.1107655570,1.1101854676,1.1103505123,-0.0011245047,-0.0044828957,5.9235182815,0.0005132602,
2022-01-13 08:00:00+00:00,1.1103505123,1.1105182100,1.1099328146,1.1101005123,-0.0011247577,-0.0044839007,5.5001761818,0.0005184127,
2022-01-13 09:00:00+00:00,1.1101005123,1.1101926052,1.1097584194,1.1098505123,-0.0011250107,-0.0044849062,5.1071050067,0.0005123965,
2022-01-13 10:00:00+00:00,1.1098505123,1.1100779258,1.1093730988,1.1096005123,-0.0011252639,-0.0044859122,4.7421381077,0.0005261415,
2022-01-13 11:00:00+00:00,1.1096005123,1.1098377253,1.1091132993,1.1093505123,-0.0011255172,-0.0044869186,4.4032642094,0.0005403047,
2022-01-13 12:00:00+00:00,1.1093505123,1.1094715610,1.1089794635,1.1091005123,-0.0011257706,-0.0044879254,4.0886162266,0.0005368613,
2022-01-13 13:00:00+00:00,1.1091005123,1.1092339301,1.1087170944,1.1088505123,-0.0011260242,-0.0044889327,3.7964608921,0.0005354309,
2022-01-13 14:00:00+00:00,1.1088505123,1.1089691089,1.1084819157,1.1086005123,-0.0011262778,-0.0044899405,3.5251891359,0.0005319854,
2022-01-13 15:00:00+00:00,1.1086005123,1.1087441469,1.1082068777,1.1083505123,-0.0011265316,-0.0044909487,3.2733071595,0.0005323628,
2022-01-13 16:00:00+00:00,1.1083505123,1.1084736842,1.1079773403,1.1081005123,-0.0011267854,-0.0044919573,3.0394281559,0.0005297900,
2022-01-13 17:00:00+00:00,1.1081005123,1.1082234049,1.1077276197,1.1078505123,-0.0011270394,-0.0044929664,2.8222646270,0.0005273611,
2022-01-13 18:00:00+00:00,1.1078505123,1.1079269410,1.1075240836,1.1076005123,-0.0011272935,-0.0044939760,2.6206212553,0.0005184680,
2022-01-13 19:00:00+00:00,1.1076005123,1.1077891497,1.1071618748,1.1073505123,-0.0011275477,-0.0044949860,2.4333882901,0.0005262399,
2022-01-13 20:00:00+00:00,1.1073505123,1.1075090998,1.1069419248,1.1071005123,-0.0011278021,-0.0044959965,2.2595354094,0.0005291638,
2022-01-13 21:00:00+00:00,1.1071005123,1.1072260010,1.1067250235,1.1068505123,-0.0011280565,-0.0044970074,2.0981060247,0.0005271505,
2022-01-13 22:00:00+00:00,1.1068505123,1.1070186199,1.1064324047,1.1066005123,-0.0011283111,-0.0044980188,1.9482119946,0.0005313694,
2022-01-13 23:00:00+00:00,1.1066005123,1.1067571890,1.1061938356,1.1063505123,-0.0011285657,-0.0044990306,1.8090287199,0.0005336540,
2022-01-14 00:00:00+00:00,1.1063505123,1.1064926221,1.1059584025,1.1061005123,-0.0011288205,-0.0045000429,1.6797905900,0.0005336944,
2022-01-14 01:00:00+00:00,1.1061005123,1.1062249529,1.1057260717,1.1058505123,-0.0011290754,-0.0045010557,1.5597867577,0.0005312077,
2022-01-14 02:00:00+00:00,1.1058505123,1.1059371482,1.1055138764,1.1056005123,-0.0011293305,-0.0045020689,1.4483572164,0.0005234980,
2022-01-14 03:00:00+00:00,1.1056005123,1.1057777771,1.1051732475,1.1053505123,-0.0011295856,-0.0045030825,1.3448891603,0.0005292860,
2022-01-14 04:00:00+00:00,1.1053505123,1.1054830729,1.1049679516,1.1051005123,-0.0011298408,-0.0045040967,1.2488136042,0.0005282742,
2022-01-14 05:00:00+00:00,1.1051005123,1.1051486788,1.1048023458,1.1048505123,-0.0011300962,-0.0045051112,1.1596022472,0.0005152784,
2022-01-14 06:00:00+00:00,1.1048505123,1.1050141536,1.1047793044,1.1049429457,-0.0008206956,-0.0041975167,3.8932947485,0.0004952478,
2022-01-14 07:00:00+00:00,1.1049429457,1.1050200188,1.1047577790,1.1048348522,-0.0006925287,-0.0040705440,3.7622503890,0.0004786044,
2022-01-14 08:00:00+00:00,1.1048348522,1.1049377361,1.1047607760,1.1048636599,-0.0004404506,-0.0038200797,4.6830522125,0.0004570583,
2022-01-14 09:00:00+00:00,1.1048636599,1.1050015324,1.1047898844,1.1049277569,-0.0001563255,-0.0035376774,6.8193345013,0.0004395290,
2022-01-14 10:00:00+00:00,1.1049277569,1.1052677466,1.1048178439,1.1051578336,0.0002781565,-0.0031054276,14.2486621723,0.0004402700,
2022-01-14 11:00:00+00:00,1.1051578336,1.1052462644,1.1048126200,1.1049010508,-0.0000379158,-0.0031122478,13.0026206524,0.0004397967,
2022-01-14 12:00:00+00:00,1.1049010508,1.1049922184,1.1047035383,1.1047947059,-0.0000363369,-0.0029833091,12.5145214486,0.0004290027,
2022-01-14 13:00:00+00:00,1.1047947059,1.1049338772,1.1047484609,1.1048876321,0.0000216970,-0.0026744404,15.4995098560,0.0004116037,
2022-01-14 14:00:00+00:00,1.1048876321,1.1049994615,1.1048003031,1.1049121324,-0.0000141407,-0.0024272107,16.3102785545,0.0003964290,
2022-01-14 15:00:00+00:00,1.1049121324,1.1051581208,1.1048082102,1.1050541985,-0.0000937740,-0.0020737009,21.0411584472,0.0003931063,
2022-01-14 16:00:00+00:00,1.1050541985,1.1051857312,1.1047760764,1.1049076091,0.0000059356,-0.0019807625,19.7975648609,0.0003942883,
2022-01-14 17:00:00+00:00,1.1049076091,1.1049965258,1.1047640741,1.1048529908,0.0000527563,-0.0018046895,19.3389355509,0.0003827285,
2022-01-14 18:00:00+00:00,1.1048529908,1.1049359848,1.1047700107,1.1048530047,-0.0000313402,-0.0015791675,19.3394490148,0.0003672461,
2022-01-14 19:00:00+00:00,1.1048530047,1.1050581536,1.1047659247,1.1049710736,0.0000533447,-0.0012468369,23.7669358712,0.0003618877,
2022-01-14 20:00:00+00:00,1.1049710736,1.1050468386,1.1048332739,1.1049090389,-0.0001313598,-0.0010771837,23.0510063082,0.0003512932,
2022-01-14 21:00:00+00:00,1.1049090389,1.1049719463,1.1046745672,1.1047374747,-0.0001539807,-0.0010064992,21.1532106453,0.0003474422,
2022-01-14 22:00:00+00:00,1.1047374747,1.1048356882,1.1045574217,1.1046556352,-0.0001786261,-0.0008546279,20.2948569665,0.0003425011,
2022-01-14 23:00:00+00:00,1.1046556352,1.1047478235,1.1046002153,1.1046924035,-0.0001453598,-0.0005953847,21.8295733089,0.0003285802,
2022-01-15 00:00:00+00:00,1.1046924035,1.1048005988,1.1045208981,1.1046290934,-0.0003094925,-0.0004265846,21.0770234275,0.0003250888,
2022-01-15 01:00:00+00:00,1.1046290934,1.1046961333,1.1043453506,1.1044123905,-0.0004494925,-0.0003965439,18.7006102017,0.0003269241,
2022-01-15 02:00:00+00:00,1.1044123905,1.1044898673,1.1041141901,1.1041916668,-0.0004940612,-0.0006799255,16.6423663948,0.0003304064,
2022-01-15 03:00:00+00:00,1.1041916668,1.1042946564,1.1040643662,1.1041673558,-0.0004420196,-0.0006041594,16.4278989793,0.0003232553,
2022-01-15 04:00:00+00:00,1.1041673558,1.1042434763,1.1040813036,1.1041574241,-0.0004842791,-0.0006392063,16.3352848402,0.0003117494,
2022-01-15 05:00:00+00:00,1.1041574241,1.1043035124,1.1040755216,1.1042216098,-0.0003688872,-0.0006390889,19.4940957859,0.0003057666,
2022-01-15 06:00:00+00:00,1.1042216098,1.1042745907,1.1039960170,1.1040489979,-0.0003290371,-0.0010033280,17.5726191484,0.0003038243,
2022-01-15 07:00:00+00:00,1.1040489979,1.1041505239,1.1039711035,1.1040726295,-0.0001078049,-0.0007497697,18.7533331134,0.0002949383,
2022-01-15 08:00:00+00:00,1.1040726295,1.1042296207,1.1039369105,1.1040939017,-0.0000665244,-0.0006343298,19.8660746405,0.0002947791,
2022-01-15 09:00:00+00:00,1.1040939017,1.1041765452,1.1038758682,1.1039585117,-0.0001801486,-0.0008409185,18.1612035599,0.0002952004,
2022-01-15 10:00:00+00:00,1.1039585117,1.1040811467,1.1038516398,1.1039742748,-0.0002239904,-0.0008488075,19.0324274615,0.0002905080,
2022-01-15 11:00:00+00:00,1.1039742748,1.1041258235,1.1039052342,1.1040567829,0.0000070514,-0.0009025943,23.6160910348,0.0002855138,
2022-01-15 12:00:00+00:00,1.1040567829,1.1041285439,1.1039435413,1.1040153023,-0.0000519234,-0.0008075850,22.9137770964,0.0002783344,
2022-01-15 13:00:00+00:00,1.1040153023,1.1041084019,1.1037965712,1.1038896707,-0.0001849761,-0.0008718988,20.8877162017,0.0002807270,
2022-01-15 14:00:00+00:00,1.1038896707,1.1039668745,1.1037527892,1.1038299929,-0.0001164163,-0.0009259257,19.9837914086,0.0002759669,
2022-01-15 15:00:00+00:00,1.1038299929,1.1040494459,1.1037666219,1.1039860748,0.0000106887,-0.0008914250,28.6772735592,0.0002764567,
2022-01-15 16:00:00+00:00,1.1039860748,1.1040267183,1.1039581207,1.1039987641,-0.0000525505,-0.0008238458,29.3493250891,0.0002616096,
2022-01-15 17:00:00+00:00,1.1039987641,1.1040333742,1.1039639505,1.1039985606,-0.0000151644,-0.0006688595,29.3445476722,0.0002478820,
2022-01-15 18:00:00+00:00,1.1039985606,1.1041483617,1.1038919140,1.1040417152,0.0001377352,-0.0005557570,31.8759574017,0.0002484939,
2022-01-15 19:00:00+00:00,1.1040417152,1.1041285229,1.1039799437,1.1040667514,0.0002144882,-0.0005663587,33.3674819266,0.0002413571,
2022-01-15 20:00:00+00:00,1.1040667514,1.1042009952,1.1039774541,1.1041116979,0.0001137904,-0.0004683885,36.0734430110,0.0002400845,
2022-01-15 21:00:00+00:00,1.1041116979,1.1041994789,1.1039662669,1.1040540479,0.0000500760,-0.0003244645,34.1573871223,0.0002395936,
2022-01-15 22:00:00+00:00,1.1040540479,1.1041550064,1.1036366260,1.1037375844,-0.0002363918,-0.0004112351,25.9949605627,0.0002595070,
2022-01-15 23:00:00+00:00,1.1037375844,1.1038068555,1.1036080776,1.1036773487,-0.0003300296,-0.0004437797,24.7810973106,0.0002551692,
2022-01-16 00:00:00+00:00,1.1036773487,1.1038407427,1.1036322959,1.1037956899,-0.0002455119,-0.0003276111,31.5443655469,0.0002518319,
2022-01-16 01:00:00+00:00,1.1037956899,1.1038866283,1.1036635695,1.1037545079,-0.0003235089,-0.0004230147,30.5160785385,0.0002497767,
2022-01-16 02:00:00+00:00,1.1037545079,1.1038537945,1.1036223882,1.1037216749,-0.0003010478,-0.0002964751,29.6852300130,0.0002484645,
2022-01-16 03:00:00+00:00,1.1037216749,1.1038278350,1.1034951188,1.1036012790,-0.0001234943,-0.0004269198,26.8034031415,0.0002544825,
2022-01-16 04:00:00+00:00,1.1036012790,1.1036910134,1.1032889448,1.1033786791,-0.0002706132,-0.0006477915,22.4616302808,0.0002650243,
2022-01-16 05:00:00+00:00,1.1033786791,1.1034659061,1.1031101166,1.1031973437,-0.0005420806,-0.0006894897,19.6668129491,0.0002715076,
2022-01-16 06:00:00+00:00,1.1031973437,1.1034322300,1.1031072354,1.1033421218,-0.0003736213,-0.0005726157,27.4305510907,0.0002753281,
2022-01-16 07:00:00+00:00,1.1033421218,1.1035033519,1.1032496031,1.1034108333,-0.0002816304,-0.0005850692,30.8464249813,0.0002737867,
2022-01-16 08:00:00+00:00,1.1034108333,1.1035003787,1.1031675963,1.1032571417,-0.0003118312,-0.0006867301,27.7051002531,0.0002780007,
2022-01-16 09:00:00+00:00,1.1032571417,1.1033573478,1.1031556277,1.1032558338,-0.0001113356,-0.0005741851,27.6792661340,0.0002725521,
2022-01-16 10:00:00+00:00,1.1032558338,1.1035108433,1.1031591938,1.1034142033,0.0001965737,-0.0003766791,35.5193911019,0.0002782019,
2022-01-16 11:00:00+00:00,1.1034142033,1.1034989281,1.1033399481,1.1034246730,0.0000748192,-0.0005085226,36.0132427293,0.0002696860,
2022-01-16 12:00:00+00:00,1.1034246730,1.1034771097,1.1034086037,1.1034610405,0.0000455018,-0.0004870691,37.7954356719,0.0002553160,
2022-01-16 13:00:00+00:00,1.1034610405,1.1034880356,1.1031277193,1.1031547144,-0.0000928409,-0.0007643544,30.1723772815,0.0002628160,
2022-01-16 14:00:00+00:00,1.1031547144,1.1032718500,1.1030313827,1.1031485183,-0.0000972716,-0.0008090245,30.0403957924,0.0002612197,
2022-01-16 15:00:00+00:00,1.1031485183,1.1033741383,1.1030880529,1.1033136729,-0.0000911085,-0.0006820951,37.8447971079,0.0002629958,
2022-01-16 16:00:00+00:00,1.1033136729,1.1036659788,1.1032717756,1.1036240814,0.0001807178,-0.0004416369,49.2940851935,0.0002723678,
2022-01-16 17:00:00+00:00,1.1036240814,1.1039001430,1.1035607378,1.1038367993,0.0003405275,-0.0001967735,55.3622621107,0.0002771562,
2022-01-16 18:00:00+00:00,1.1038367993,1.1041475173,1.1037894970,1.1041002150,0.0008570879,0.0003285478,61.5057839051,0.0002829322,
2022-01-16 19:00:00+00:00,1.1041002150,1.1041689207,1.1039447287,1.1040134344,0.0007840431,0.0003045144,58.6423168471,0.0002787365,
2022-01-16 20:00:00+00:00,1.1040134344,1.1040874665,1.1038788273,1.1039528594,0.0005793334,0.0001423900,56.6594048089,0.0002737295,
2022-01-16 21:00:00+00:00,1.1039528594,1.1042762509,1.1038216788,1.1041450704,0.0004720710,0.0003538491,61.1486019450,0.0002866468,
2022-01-16 22:00:00+00:00,1.1041450704,1.1044000456,1.1040452302,1.1043002054,0.0004198139,0.0005241634,64.3575141016,0.0002915160,
2022-01-16 23:00:00+00:00,1.1043002054,1.1045369867,1.1041963694,1.1044331507,0.0003015448,0.0007537792,66.8819485574,0.0002950233,
2022-01-17 00:00:00+00:00,1.1044331507,1.1044817478,1.1042466927,1.1042952898,0.0002553007,0.0008307309,61.9796695449,0.0002907398,
2022-01-17 01:00:00+00:00,1.1042952898,1.1044372569,1.1042196327,1.1043615997,0.0003702516,0.0010553471,63.3704013912,0.0002855173,
2022-01-17 02:00:00+00:00,1.1043615997,1.1043788528,1.1040841211,1.1041013742,-0.0000395747,0.0006881388,54.8855962901,0.0002861754,
2022-01-17 03:00:00+00:00,1.1041013742,1.1041486320,1.1040385131,1.1040857709,-0.0001941813,0.0006116830,54.4151305365,0.0002736000,
2022-01-17 04:00:00+00:00,1.1040857709,1.1043438683,1.1040013399,1.1042594373,-0.0001572874,0.0009084877,58.6622890232,0.0002785234,
2022-01-17 05:00:00+00:00,1.1042594373,1.1044166280,1.1040422935,1.1041994842,-0.0000867572,0.0008553324,56.6983476601,0.0002853671,
2022-01-17 06:00:00+00:00,1.1041994842,1.1044179254,1.1040930983,1.1043115395,-0.0000453296,0.0008132360,59.4320895804,0.0002881857,
2022-01-17 07:00:00+00:00,1.1043115395,1.1044699396,1.1042323674,1.1043907676,0.0002621076,0.0008755420,61.2927914441,0.0002845704,
2022-01-17 08:00:00+00:00,1.1043907676,1.1044324607,1.1042824178,1.1043241109,0.0002158709,0.0007821485,58.8472792811,0.0002749613,
2022-01-17 09:00:00+00:00,1.1043241109,1.1044715226,1.1042545614,1.1044019731,0.0001290782,0.0011306290,60.8140712801,0.0002708184,
2022-01-17 10:00:00+00:00,1.1044019731,1.1044943908,1.1041045572,1.1041969749,-0.0000022725,0.0009504220,53.5566711589,0.0002793195,
2022-01-17 11:00:00+00:00,1.1041969749,1.1042989815,1.1041124909,1.1042144975,-0.0000878755,0.0008164719,54.0613190006,0.0002726889,
2022-01-17 12:00:00+00:00,1.1042144975,1.1042631203,1.1040530567,1.1041016795,-0.0002617625,0.0004327543,50.2736634258,0.0002682157,
2022-01-17 13:00:00+00:00,1.1041016795,1.1043381501,1.1040300590,1.1042665296,-0.0000521417,0.0003893060,55.2115917549,0.0002710639,
2022-01-17 14:00:00+00:00,1.1042665296,1.1043763986,1.1041380020,1.1042478711,-0.0001395344,0.0001337343,54.5513011076,0.0002687305,
2022-01-17 15:00:00+00:00,1.1042478711,1.1043219224,1.1040459999,1.1041200512,-0.0000696648,0.0000965721,50.1285090982,0.0002692442,
2022-01-17 16:00:00+00:00,1.1041200512,1.1044938004,1.1040217954,1.1043955446,0.0001639600,0.0004010001,58.0272256857,0.0002837272,
2022-01-17 17:00:00+00:00,1.1043955446,1.1044741937,1.1041767815,1.1042554306,0.0001392545,0.0000999508,53.3952952561,0.0002847047,
2022-01-17 18:00:00+00:00,1.1042554306,1.1045861290,1.1041784260,1.1045091244,0.0002196887,0.0001891868,59.6722296856,0.0002934903,
2022-01-17 19:00:00+00:00,1.1045091244,1.1046520059,1.1044700010,1.1046128825,0.0003305521,0.0001627367,61.9305788883,0.0002855270,
2022-01-17 20:00:00+00:00,1.1046128825,1.1047383323,1.1045113216,1.1046367715,0.0004679928,0.0003092304,62.4519351343,0.0002813473,
2022-01-17 21:00:00+00:00,1.1046367715,1.1047058491,1.1044780212,1.1045470989,0.0001372283,0.0001679696,59.1758901165,0.0002775245,
2022-01-17 22:00:00+00:00,1.1045470989,1.1049278990,1.1044293175,1.1048101175,0.0005023176,0.0006419187,64.9788090130,0.0002933143,
2022-01-17 23:00:00+00:00,1.1048101175,1.1049157795,1.1046261931,1.1047318551,0.0002016559,0.0005851758,62.1480137590,0.0002930480,
2022-01-18 00:00:00+00:00,1.1047318551,1.1049883955,1.1046686525,1.1049251929,0.0002827329,0.0006028978,66.0794210548,0.0002949548,
2022-01-18 01:00:00+00:00,1.1049251929,1.1050993262,1.1048409231,1.1050150564,0.0003424519,0.0007386094,67.7557637671,0.0002923439,
2022-01-18 02:00:00+00:00,1.1050150564,1.1051099804,1.1048622388,1.1049571628,0.0003712507,0.0005846387,65.5096247981,0.0002891581,
2022-01-18 03:00:00+00:00,1.1049571628,1.1050264302,1.1048077295,1.1048769969,0.0000605347,0.0004402693,62.4237139508,0.0002841254,
2022-01-18 04:00:00+00:00,1.1048769969,1.1049551957,1.1048198685,1.1048980672,0.0001504547,0.0005197354,62.9181439409,0.0002734969,
2022-01-18 05:00:00+00:00,1.1048980672,1.1049856288,1.1045728390,1.1046604006,-0.0002396472,0.0002339977,54.2474592365,0.0002834464,
2022-01-18 06:00:00+00:00,1.1046604006,1.1049721894,1.1045785359,1.1048903246,-0.0001128779,0.0006279221,59.9916524707,0.0002913184,
2022-01-18 07:00:00+00:00,1.1048903246,1.1049782124,1.1048572409,1.1049451286,-0.0000108911,0.0006616750,61.2407647461,0.0002791507,
2022-01-18 08:00:00+00:00,1.1049451286,1.1049917993,1.1048845500,1.1049312207,0.0000490767,0.0007513268,60.7226374463,0.0002668721,
2022-01-18 09:00:00+00:00,1.1049312207,1.1050458767,1.1048239739,1.1049386298,0.0000367117,0.0006086396,60.9123632138,0.0002636600,
2022-01-18 10:00:00+00:00,1.1049386298,1.1050187744,1.1047329534,1.1048130980,0.0001382301,0.0005118660,55.9786238333,0.0002652429,
2022-01-18 11:00:00+00:00,1.1048130980,1.1049514939,1.1046775733,1.1048159692,-0.0000672967,0.0006302920,56.0662777686,0.0002658627,
2022-01-18 12:00:00+00:00,1.1048159692,1.1049999461,1.1047368969,1.1049208738,-0.0000219512,0.0004756713,59.2582182020,0.0002656618,
2022-01-18 13:00:00+00:00,1.1049208738,1.1050447101,1.1046792306,1.1048030669,-0.0001159835,0.0004959326,54.4720146506,0.0002727916,
2022-01-18 14:00:00+00:00,1.1048030669,1.1048848426,1.1046124984,1.1046942741,-0.0002211487,0.0001676308,50.4218255210,0.0002727596,
2022-01-18 15:00:00+00:00,1.1046942741,1.1047958775,1.1045889412,1.1046905446,-0.0001109268,0.0000703071,50.2837968459,0.0002680580,
2022-01-18 16:00:00+00:00,1.1046905446,1.1047656235,1.1045415111,1.1046165900,-0.0001804637,-0.0000182698,47.5066419053,0.0002649190,
2022-01-18 17:00:00+00:00,1.1046165900,1.1048253657,1.1045316653,1.1047404409,-0.0001632993,0.0001750419,52.2617193590,0.0002669748,
2022-01-18 18:00:00+00:00,1.1047404409,1.1048255312,1.1046052299,1.1046903201,-0.0001020515,-0.0001084326,50.2768820033,0.0002636410,
2022-01-18 19:00:00+00:00,1.1046903201,1.1047750314,1.1041136483,1.1041983596,-0.0004489157,-0.0004829186,35.8747387033,0.0002920512,
2022-01-18 20:00:00+00:00,1.1041983596,1.1042956027,1.1040114303,1.1041086734,-0.0005267278,-0.0007389817,33.9645994161,0.0002914884,
2022-01-18 21:00:00+00:00,1.1041086734,1.1043309701,1.1039693135,1.1041916102,-0.0003847306,-0.0007451900,37.2898247819,0.0002965004,
2022-01-18 22:00:00+00:00,1.1041916102,1.1042645774,1.1039671183,1.1040400855,-0.0006339548,-0.0008299664,33.9283638881,0.0002965689,
2022-01-18 23:00:00+00:00,1.1040400855,1.1040917063,1.1038298287,1.1038814495,-0.0007322148,-0.0009010482,30.7982088928,0.0002940909,
2022-01-19 00:00:00+00:00,1.1038814495,1.1039787676,1.1036236427,1.1037209608,-0.0004323487,-0.0010653529,27.9852722611,0.0002984505,
2022-01-19 01:00:00+00:00,1.1037209608,1.1037886404,1.1035667210,1.1036344006,-0.0004295526,-0.0009287922,26.5754221484,0.0002929840,
2022-01-19 02:00:00+00:00,1.1036344006,1.1037227838,1.1034633508,1.1035517340,-0.0005794975,-0.0012115145,25.2662943929,0.0002905875,
2022-01-19 03:00:00+00:00,1.1035517340,1.1036825041,1.1032346021,1.1033653722,-0.0006111312,-0.0014297149,22.5673518043,0.0003018242,
2022-01-19 04:00:00+00:00,1.1033653722,1.1036095972,1.1032857134,1.1035299385,-0.0003184319,-0.0012682076,29.7078368577,0.0003033999,
2022-01-19 05:00:00+00:00,1.1035299385,1.1036353958,1.1033917054,1.1034971627,-0.0002027669,-0.0013045676,29.1316474129,0.0002991350,
2022-01-19 06:00:00+00:00,1.1034971627,1.1037977864,1.1033860497,1.1036866734,0.0000473642,-0.0010195612,36.7681662607,0.0003071779,
2022-01-19 07:00:00+00:00,1.1036866734,1.1037467493,1.1036349981,1.1036950740,0.0001298897,-0.0010145538,37.0917705304,0.0002932189,
2022-01-19 08:00:00+00:00,1.1036950740,1.1037472939,1.1036019909,1.1036542107,0.0002617796,-0.0011463835,36.1233328938,0.0002826535,
2022-01-19 09:00:00+00:00,1.1036542107,1.1038861076,1.1035719453,1.1038038421,0.0002482068,-0.0009044370,42.0861387591,0.0002849041,
2022-01-19 10:00:00+00:00,1.1038038421,1.1038587285,1.1035330219,1.1035879083,0.0000822345,-0.0010015132,36.7540620449,0.0002878186,
2022-01-19 11:00:00+00:00,1.1035879083,1.1037704721,1.1035202830,1.1037028468,0.0000146540,-0.0008940946,41.0363058874,0.0002851307,
2022-01-19 12:00:00+00:00,1.1037028468,1.1038558816,1.1035769067,1.1037299416,0.0000315917,-0.0008026753,42.0326922191,0.0002846910,
2022-01-19 13:00:00+00:00,1.1037299416,1.1039669874,1.1036492096,1.1038862554,0.0002102512,-0.0007732002,47.5403148470,0.0002870544,
2022-01-19 14:00:00+00:00,1.1038862554,1.1040954781,1.1038221444,1.1040313671,0.0002061281,-0.0005965048,52.0911076501,0.0002860743,
2022-01-19 15:00:00+00:00,1.1040313671,1.1040744797,1.1038351855,1.1038782981,0.0002631325,-0.0002898586,47.4183111986,0.0002827329,
2022-01-19 16:00:00+00:00,1.1038782981,1.1039306156,1.1038497188,1.1039020362,0.0001804738,-0.0001871529,48.1944384839,0.0002683160,
2022-01-19 17:00:00+00:00,1.1039020362,1.1039804499,1.1038198677,1.1038982814,0.0001525190,-0.0002656503,48.0735634596,0.0002606208,
2022-01-19 18:00:00+00:00,1.1038982814,1.1039873062,1.1037899786,1.1038790035,-0.0000065694,-0.0001459023,47.4160331345,0.0002560998,
2022-01-19 19:00:00+00:00,1.1038790035,1.1039880078,1.1037410546,1.1038500590,-0.0001642237,-0.0000284365,46.3900831579,0.0002554465,
2022-01-19 20:00:00+00:00,1.1038500590,1.1040471261,1.1037588558,1.1039559229,0.0000703200,0.0002128818,50.6001855870,0.0002577911,
2022-01-19 21:00:00+00:00,1.1039559229,1.1040612411,1.1036427753,1.1037480935,-0.0001394532,0.0001030168,43.3952021233,0.0002692678,
2022-01-19 22:00:00+00:00,1.1037480935,1.1038262584,1.1036886929,1.1037668578,-0.0001190541,0.0001949377,44.1681891172,0.0002598605,
2022-01-19 23:00:00+00:00,1.1037668578,1.1038947452,1.1036832125,1.1038110999,-0.0000615136,0.0004039711,46.0392413268,0.0002564085,
2022-01-20 00:00:00+00:00,1.1038110999,1.1039498098,1.1037421676,1.1038808774,0.0000279190,0.0003180149,48.9452974546,0.0002529252,
2022-01-20 01:00:00+00:00,1.1038808774,1.1039689415,1.1038171177,1.1039051818,-0.0000459629,0.0003697509,49.9562476432,0.0002457037,
2022-01-20 02:00:00+00:00,1.1039051818,1.1040004162,1.1037987500,1.1038939845,0.0001321778,0.0001878351,49.4702295907,0.0002425581,
2022-01-20 03:00:00+00:00,1.1038939845,1.1041153305,1.1038409277,1.1040622738,0.0002676435,0.0003327004,56.3445250076,0.0002448328,
2022-01-20 04:00:00+00:00,1.1040622738,1.1041153921,1.1040164442,1.1040695625,0.0002341547,0.0003763423,56.6197889967,0.0002344124,
2022-01-20 05:00:00+00:00,1.1040695625,1.1041612911,1.1039614252,1.1040531538,0.0001560643,0.0002258660,55.7672793503,0.0002319448,
2022-01-20 06:00:00+00:00,1.1040531538,1.1041432583,1.1039608519,1.1040509564,0.0001320536,0.0004195843,55.6464456601,0.0002284064,
2022-01-20 07:00:00+00:00,1.1040509564,1.1041258654,1.1039098541,1.1039847630,0.0000822348,0.0002554277,51.9918814600,0.0002275210,
2022-01-20 08:00:00+00:00,1.1039847630,1.1041474250,1.1039019379,1.1040645999,0.0000021069,0.0003032067,55.7652995166,0.0002288043,
2022-01-20 09:00:00+00:00,1.1040645999,1.1042063874,1.1039869787,1.1041287662,0.0000536232,0.0002196882,58.5829494976,0.0002281332,
2022-01-20 10:00:00+00:00,1.1041287662,1.1043094688,1.1040247607,1.1042054633,0.0001379548,0.0001576913,61.7215418133,0.0002321742,
2022-01-20 11:00:00+00:00,1.1042054633,1.1044242804,1.1041117019,1.1043305190,0.0002532152,0.0004096655,66.2169026680,0.0002379174,
2022-01-20 12:00:00+00:00,1.1043305190,1.1045385402,1.1042237450,1.1044317663,0.0004048999,0.0004798706,69.3547926498,0.0002434087,
2022-01-20 13:00:00+00:00,1.1044317663,1.1045074942,1.1043637920,1.1044395199,0.0003395815,0.0004902975,69.5877569084,0.0002362868,
2022-01-20 14:00:00+00:00,1.1044395199,1.1045214407,1.1040969631,1.1041788838,0.0000453911,0.0002716605,54.5701858758,0.0002497290,
2022-01-20 15:00:00+00:00,1.1041788838,1.1042825684,1.1039503007,1.1040539853,-0.0001371828,0.0001847409,49.1016559498,0.0002556246,
2022-01-20 16:00:00+00:00,1.1040539853,1.1041549200,1.1040008673,1.1041018020,-0.0002071091,0.0001321422,51.1211539091,0.0002483695,
2022-01-20 17:00:00+00:00,1.1041018020,1.1044312835,1.1040063019,1.1043357834,-0.0000869071,0.0005324493,59.5737342076,0.0002609846,
2022-01-20 18:00:00+00:00,1.1043357834,1.1044568400,1.1042245852,1.1043456418,-0.0000850006,0.0005243716,59.8884718982,0.0002589325,
2022-01-20 19:00:00+00:00,1.1043456418,1.1044080019,1.1041196998,1.1041820598,0.0000028763,0.0003360719,52.5742131529,0.0002610303,
2022-01-20 20:00:00+00:00,1.1041820598,1.1042837842,1.1040358818,1.1041376061,0.0000757398,0.0002325692,50.7599297818,0.0002600926,
2022-01-20 21:00:00+00:00,1.1041376061,1.1042204208,1.1040222949,1.1041051095,0.0000029956,0.0001811095,49.4173893509,0.0002556664,
2022-01-20 22:00:00+00:00,1.1041051095,1.1044359637,1.1039969985,1.1043278528,-0.0000071814,0.0003930344,57.6797706598,0.0002687592,
2022-01-20 23:00:00+00:00,1.1043278528,1.1044457168,1.1040516149,1.1041694789,-0.0001595179,0.0000971006,51.2675265855,0.0002777122,
2022-01-21 00:00:00+00:00,1.1041694789,1.1042237243,1.1041107878,1.1041650332,-0.0000154201,0.0000864717,51.0958123050,0.0002659425,
2022-01-21 01:00:00+00:00,1.1041650332,1.1042760060,1.1040786332,1.1041896059,0.0000470954,0.0001235919,52.0517728708,0.0002610447,
2022-01-21 02:00:00+00:00,1.1041896059,1.1044302648,1.1041110530,1.1043517120,0.0002233505,0.0002724109,57.8986232804,0.0002651995,
2022-01-21 03:00:00+00:00,1.1043517120,1.1044247171,1.1040922019,1.1041652070,-0.0001472803,0.0001634479,50.2991139896,0.0002700078,
2022-01-21 04:00:00+00:00,1.1041652070,1.1044634783,1.1040957376,1.1043940089,0.0002033474,0.0002983602,57.6440166395,0.0002769887,
2022-01-21 05:00:00+00:00,1.1043940089,1.1045728346,1.1042962756,1.1044751012,0.0002808167,0.0003136727,59.9055895617,0.0002769580,
2022-01-21 06:00:00+00:00,1.1044751012,1.1045479205,1.1043304196,1.1044032388,0.0001934749,0.0001791112,57.0009988878,0.0002727111,
2022-01-21 07:00:00+00:00,1.1044032388,1.1045510017,1.1043269493,1.1044747121,0.0001113777,0.0001305707,59.1238256124,0.0002692354,
2022-01-21 08:00:00+00:00,1.1044747121,1.1046514800,1.1043922771,1.1045690450,0.0003657406,0.0001242980,61.8040866561,0.0002685188,
2022-01-21 09:00:00+00:00,1.1045690450,1.1046559547,1.1043667892,1.1044536989,0.0000540477,0.0000128382,56.8918268212,0.0002699936,
2022-01-21 10:00:00+00:00,1.1044536989,1.1045507369,1.1041165669,1.1042136049,-0.0002367608,0.0000314451,48.2884252240,0.0002817205,
2022-01-21 11:00:00+00:00,1.1042136049,1.1043141503,1.1039167580,1.1040173034,-0.0003494515,-0.0000332247,42.6142595765,0.0002899828,
2022-01-21 12:00:00+00:00,1.1040173034,1.1042675411,1.1039241606,1.1041743982,-0.0002719065,0.0000657514,47.8913198620,0.0002937969,
2022-01-21 13:00:00+00:00,1.1041743982,1.1042788820,1.1040572901,1.1041617739,-0.0003687149,-0.0001575694,47.5131970055,0.0002886394,
2022-01-21 14:00:00+00:00,1.1041617739,1.1041791594,1.1040657489,1.1040831344,-0.0003355183,-0.0002377040,45.1232190924,0.0002761230,
2022-01-21 15:00:00+00:00,1.1040831344,1.1041918072,1.1039997835,1.1041084562,-0.0000952249,-0.0000666589,46.0640177627,0.0002701159,
2022-01-21 16:00:00+00:00,1.1041084562,1.1043188351,1.1040044037,1.1042147826,0.0001788732,0.0000698975,49.9445450162,0.0002732813,
2022-01-21 17:00:00+00:00,1.1042147826,1.1042949026,1.1041642615,1.1042443816,0.0000633807,0.0001261402,51.0014011406,0.0002630927,
2022-01-21 18:00:00+00:00,1.1042443816,1.1043721989,1.1041376090,1.1042654264,0.0000938744,-0.0000565288,51.7809386019,0.0002610568,
2022-01-21 19:00:00+00:00,1.1042654264,1.1044649456,1.1041678427,1.1043673619,0.0002574331,0.0001792144,55.4759267562,0.0002636315,
2022-01-21 20:00:00+00:00,1.1043673619,1.1047779765,1.1043050925,1.1047157071,0.0005499920,0.0004987242,65.2700793162,0.0002785782,
2022-01-21 21:00:00+00:00,1.1047157071,1.1047635169,1.1045800785,1.1046278882,0.0003741171,0.0003969267,61.5916968719,0.0002717825,
2022-01-21 22:00:00+00:00,1.1046278882,1.1047386171,1.1045702199,1.1046809488,0.0003953538,0.0002981268,62.9503099171,0.0002643978,
2022-01-21 23:00:00+00:00,1.1046809488,1.1047825435,1.1046057630,1.1047073577,0.0004002039,0.0004910050,63.6396960061,0.0002581394,
2022-01-22 00:00:00+00:00,1.1047073577,1.1047648025,1.1046514900,1.1047089348,0.0003092928,0.0002851572,63.6831551693,0.0002477946,
2022-01-22 01:00:00+00:00,1.1047089348,1.1049171260,1.1046380095,1.1048462006,0.0001181241,0.0003359961,67.3418825188,0.0002500319,
2022-01-22 02:00:00+00:00,1.1048462006,1.1049443826,1.1044562846,1.1045544666,-0.0000664673,0.0001369317,54.7234637354,0.0002670366,
2022-01-22 03:00:00+00:00,1.1045544666,1.1047256065,1.1045001816,1.1046713215,-0.0000087150,0.0001780116,58.1094139030,0.0002640644,
2022-01-22 04:00:00+00:00,1.1046713215,1.1048783493,1.1046210998,1.1048281276,0.0001093230,0.0002345554,62.1950277023,0.0002635776,
2022-01-22 05:00:00+00:00,1.1048281276,1.1050176228,1.1047189570,1.1049084523,0.0001806063,0.0004117451,64.1252196755,0.0002660839,
2022-01-22 06:00:00+00:00,1.1049084523,1.1050802242,1.1048258156,1.1049975875,0.0001370208,0.0007099918,66.1882456141,0.0002652499,
2022-01-22 07:00:00+00:00,1.1049975875,1.1052899462,1.1048784209,1.1051707795,0.0005579742,0.0010447989,69.8198604195,0.0002756982,
2022-01-22 08:00:00+00:00,1.1051707795,1.1051823609,1.1050880073,1.1050995886,0.0003876874,0.0008379024,66.6508822981,0.0002627450,
2022-01-22 09:00:00+00:00,1.1050995886,1.1052129753,1.1049744513,1.1050878379,0.0002350685,0.0008387032,66.1174473652,0.0002610149,
2022-01-22 10:00:00+00:00,1.1050878379,1.1051417137,1.1050249055,1.1050787813,0.0001541567,0.0009017861,65.6811293549,0.0002507144,
2022-01-22 11:00:00+00:00,1.1050787813,1.1053610896,1.1050028219,1.1052851302,0.0002602202,0.0010657232,70.4637131023,0.0002583968,
2022-01-22 12:00:00+00:00,1.1052851302,1.1053649481,1.1051097850,1.1051896030,0.0000170321,0.0008828177,65.8861600711,0.0002581658,
2022-01-22 13:00:00+00:00,1.1051896030,1.1052661933,1.1051257509,1.1052023412,0.0000929804,0.0008675250,66.2014664191,0.0002497570,
2022-01-22 14:00:00+00:00,1.1118335553,1.1131197208,1.1112376793,1.1125238448,0.0067288831,0.0074786534,94.9712612992,0.0007974443,
2022-01-22 15:00:00+00:00,1.1125238448,1.1160575360,1.1117077571,1.1152414483,0.0091963280,0.0098464394,96.2479346478,0.0010511825,
2022-01-22 16:00:00+00:00,1.1152414483,1.1174313775,1.1144864849,1.1166764142,0.0103061949,0.0108269548,96.7212677303,0.0011864475,
2022-01-22 17:00:00+00:00,1.1166764142,1.1174066708,1.1157573712,1.1164876278,0.0102227028,0.0107364115,95.0228742866,0.0012195084,
2022-01-22 18:00:00+00:00,1.1164876278,1.1168324608,1.1147594139,1.1151042468,0.0089593600,0.0094355733,83.4580166510,0.0012804754,
2022-01-22 19:00:00+00:00,1.1151042468,1.1160314055,1.1122772074,1.1132043660,0.0006116914,0.0076916373,70.7269127601,0.0014571699,
2022-01-22 20:00:00+00:00,1.1132043660,1.1134022242,1.1126302296,1.1128280877,-0.0021639803,0.0073495856,68.4982467864,0.0014082288,
2022-01-22 21:00:00+00:00,1.1128280877,1.1139446471,1.1121092773,1.1132258367,-0.0030900424,0.0075844367,69.5891188857,0.0014387389,
2022-01-22 22:00:00+00:00,1.1132258367,1.1138947858,1.1108216167,1.1114905658,-0.0044756985,0.0062795447,59.8514174582,0.0015554839,
2022-01-22 23:00:00+00:00,1.1114905658,1.1123123911,1.1111091718,1.1119309970,-0.0028456979,0.0065717969,61.3304565883,0.0015303221,
2022-01-23 00:00:00+00:00,1.1119309970,1.1125181153,1.1115743093,1.1121614276,-0.0009368796,0.0066375029,62.1167830306,0.0014884281,
2022-01-23 01:00:00+00:00,1.1121614276,1.1126977368,1.1109557834,1.1114920926,-0.0012005404,0.0059585392,58.4018691582,0.0015065371,
2022-01-23 02:00:00+00:00,1.1114920926,1.1122963548,1.1105744228,1.1113786850,-0.0016592785,0.0057747615,57.7714399122,0.0015219224,
2022-01-23 03:00:00+00:00,1.1113786850,1.1126424813,1.1108182132,1.1120820094,0.0005321175,0.0062535401,60.6111931254,0.0015435185,
2022-01-23 04:00:00+00:00,1.1120820094,1.1133340101,1.1111786744,1.1124306752,0.0004493788,0.0066338696,61.9763014088,0.0015872198,
2022-01-23 05:00:00+00:00,1.1124306752,1.1147199625,1.1118161387,1.1141054260,0.0017479463,0.0081600645,67.7567164857,0.0016812629,
2022-01-23 06:00:00+00:00,1.1141054260,1.1145640710,1.1130379556,1.1134966006,0.0018034388,0.0076173930,63.9506459456,0.0016701810,
2022-01-23 07:00:00+00:00,1.1134966006,1.1151060974,1.1128327125,1.1144422093,0.0027565080,0.0082848116,67.0468189036,0.0017132670,
2022-01-23 08:00:00+00:00,1.1144422093,1.1154522476,1.1122750252,1.1132850635,0.0010818034,0.0073249518,60.2297157825,0.0018178352,
2022-01-23 09:00:00+00:00,1.1132850635,1.1139589932,1.1118011168,1.1124750464,0.0000398867,0.0065804287,55.9417758051,0.0018421239,
2022-01-23 10:00:00+00:00,1.1124750464,1.1131486001,1.1120358312,1.1127093848,-0.0012530602,0.0001667740,56.8978051898,0.0017900271,
2022-01-23 11:00:00+00:00,1.1127093848,1.1133426462,1.1118821713,1.1125154327,-0.0008811594,-0.0024443277,55.8182219371,0.0017664876,
2022-01-23 12:00:00+00:00,1.1125154327,1.1135950800,1.1118050401,1.1128846873,-0.0013975798,-0.0033955466,57.4726393774,0.0017681699,
2022-01-23 13:00:00+00:00,1.1128846873,1.1140033947,1.1122048098,1.1133235171,0.0000345407,-0.0028339864,59.4175297782,0.0017703424,
2022-01-23 14:00:00+00:00,1.1133235171,1.1136515879,1.1102808021,1.1106088729,-0.0016774970,-0.0040313486,45.5422263985,0.0018846598,
2022-01-23 15:00:00+00:00,1.1106088729,1.1114538402,1.1083190912,1.1091640585,-0.0031862105,-0.0036294392,40.1660789055,0.0019739519,
2022-01-23 16:00:00+00:00,1.1091640585,1.1098801592,1.1082012111,1.1089173119,-0.0032342210,-0.0035142678,39.3125621715,0.0019528802,
2022-01-23 17:00:00+00:00,1.1089173119,1.1126487490,1.1082196125,1.1119510496,-0.0008389348,-0.0011451289,52.6383041466,0.0021297556,
2022-01-23 18:00:00+00:00,1.1119510496,1.1122099630,1.1105919969,1.1108509103,-0.0022209239,-0.0005754935,48.4809407755,0.0020931993,
2022-01-23 19:00:00+00:00,1.1108509103,1.1125734020,1.1101590972,1.1118815889,0.0011459624,-0.0000444345,52.2832483026,0.0021161354,
2022-01-23 20:00:00+00:00,1.1118815889,1.1132509679,1.1112162925,1.1125856715,0.0030848575,0.0003814590,54.7406311114,0.0021103168,
2022-01-23 21:00:00+00:00,1.1125856715,1.1135385909,1.1121630928,1.1131160122,0.0037863061,0.0014610267,56.5555301448,0.0020578298,
2022-01-23 22:00:00+00:00,1.1131160122,1.1138584782,1.1113091223,1.1120515883,0.0000904165,0.0006054671,52.0446199873,0.0020929388,
2022-01-23 23:00:00+00:00,1.1120515883,1.1145011383,1.1114371221,1.1138866721,0.0027328257,0.0016227785,58.2301632220,0.0021623014,
2022-01-24 00:00:00+00:00,1.1138866721,1.1154206752,1.1129763030,1.1145103061,0.0023642060,0.0018694476,60.1130733679,0.0021824493,
2022-01-24 01:00:00+00:00,1.1145103061,1.1154976822,1.1142088045,1.1151961806,0.0023463443,0.0009790408,62.1347304120,0.0021186228,
2022-01-24 02:00:00+00:00,1.1151961806,1.1156488524,1.1148200980,1.1152727698,0.0019375856,0.0015951276,62.3641266291,0.0020264893,
2022-01-24 03:00:00+00:00,1.1152727698,1.1159693398,1.1146721226,1.1153686927,0.0029828692,0.0008313427,62.6691637213,0.0019743985,
2022-01-24 04:00:00+00:00,1.1153686927,1.1157893976,1.1144596064,1.1148803114,0.0008920470,0.0014329195,60.0026582035,0.0019283551,
2022-01-24 05:00:00+00:00,1.1148803114,1.1157726290,1.1130275420,1.1139198597,-0.0005297810,0.0012987377,55.0425800234,0.0019866931,
2022-01-24 06:00:00+00:00,1.1139198597,1.1145448835,1.1127052243,1.1133302481,-0.0016731877,0.0005579743,52.1903567153,0.0019761907,
2022-01-24 07:00:00+00:00,1.1133302481,1.1138821194,1.1117674953,1.1123193667,-0.0026481442,-0.0001762367,47.6330144654,0.0019860788,
2022-01-24 08:00:00+00:00,1.1123193667,1.1137321164,1.1118008236,1.1132135734,-0.0019322035,0.0002955257,51.6546138671,0.0019821655,
2022-01-24 09:00:00+00:00,1.1132135734,1.1136453903,1.1122063173,1.1126381343,-0.0020111370,-0.0006156187,49.0443962336,0.0019433732,
2022-01-24 10:00:00+00:00,1.1126381343,1.1149854109,1.1117900236,1.1141373002,0.0001952030,0.0031770206,55.3716272436,0.0020328027,
2022-01-24 11:00:00+00:00,1.1141373002,1.1147581596,1.1117793229,1.1124001823,-0.0008353907,0.0029176242,47.9429606351,0.0021003766,
2022-01-24 12:00:00+00:00,1.1124001823,1.1156332656,1.1115049008,1.1147379840,0.0021743911,0.0052489686,56.4172171209,0.0022452329,
2022-01-24 13:00:00+00:00,1.1147379840,1.1157208800,1.1136820447,1.1146649408,0.0013037637,0.0024406570,56.1098775456,0.0022304902,
2022-01-24 14:00:00+00:00,1.1146649408,1.1152877805,1.1133948311,1.1140176708,0.0012398789,0.0028507521,53.3370313285,0.0022063802,
2022-01-24 15:00:00+00:00,1.1140176708,1.1148252344,1.1128264731,1.1136340367,-0.0004517069,0.0015761100,51.7060669625,0.0021915502,
2022-01-24 16:00:00+00:00,1.1136340367,1.1143759088,1.1127383571,1.1134802293,0.0009709158,0.0008040349,51.0323065891,0.0021519789,
2022-01-24 17:00:00+00:00,1.1134802293,1.1139254869,1.1124505195,1.1128957772,-0.0016525917,-0.0001978545,48.4488351265,0.0021036210,
2022-01-24 18:00:00+00:00,1.1128957772,1.1148728383,1.1122928733,1.1142699344,-0.0003543722,0.0019948231,54.3060288526,0.0021376455,
2022-01-24 19:00:00+00:00,1.1142699344,1.1157275387,1.1134606018,1.1149182061,0.0008083671,0.0009260672,56.7997215461,0.0021468806,
2022-01-24 20:00:00+00:00,1.1149182061,1.1153501302,1.1140504481,1.1144823723,0.0007617724,-0.0000250637,54.6407389258,0.0020863664,
2022-01-24 21:00:00+00:00,1.1144823723,1.1149451811,1.1133956688,1.1138584776,0.0003396992,-0.0011995226,51.6161679995,0.0020480197,
2022-01-24 22:00:00+00:00,1.1138584776,1.1143982839,1.1120671747,1.1126069810,-0.0002594998,-0.0023902572,46.1032465180,0.0020682404,
2022-01-24 23:00:00+00:00,1.1126069810,1.1138298813,1.1120630491,1.1132859495,-0.0008830759,-0.0018673137,49.2689794769,0.0020467112,
2022-01-25 00:00:00+00:00,1.1132859495,1.1139148522,1.1122123483,1.1128412510,-0.0018628766,-0.0018289500,47.3089802688,0.0020221250,
2022-01-25 01:00:00+00:00,1.1128412510,1.1133777881,1.1110969274,1.1116334644,-0.0025562611,-0.0020525672,42.3780118379,0.0020406061,
2022-01-25 02:00:00+00:00,1.1116334644,1.1147984565,1.1109607037,1.1141256958,0.0002399032,0.0007144760,53.2143818314,0.0021689737,
2022-01-25 03:00:00+00:00,1.1141256958,1.1146175948,1.1131925349,1.1136844340,0.0009684040,0.0012272261,51.3722659667,0.0021158370,
2022-01-25 04:00:00+00:00,1.1136844340,1.1144444925,1.1124363097,1.1131963681,-0.0000804657,-0.0000154555,49.3378715466,0.0021081474,
2022-01-25 05:00:00+00:00,1.1131963681,1.1144249679,1.1125248054,1.1137534052,0.0008196624,0.0010023662,51.6893430190,0.0020932914,
2022-01-25 06:00:00+00:00,1.1137534052,1.1159357393,1.1126970173,1.1148793514,0.0029199256,0.0006660321,56.1225302825,0.0021751078,
2022-01-25 07:00:00+00:00,1.1148793514,1.1155324037,1.1145401229,1.1151931753,0.0009581320,0.0025107807,57.2986927010,0.0020906202,
2022-01-25 08:00:00+00:00,1.1151931753,1.1159175707,1.1134757415,1.1142001370,0.0004630602,-0.0004824874,52.5027649701,0.0021157066,
2022-01-25 09:00:00+00:00,1.1142001370,1.1148646313,1.1127591386,1.1134236329,0.0002041552,-0.0011136152,49.0458210137,0.0021149770,
2022-01-25 10:00:00+00:00,1.1134236329,1.1147418362,1.1128192672,1.1141374705,0.0003448387,0.0001075384,52.1640292307,0.0021012336,
2022-01-25 11:00:00+00:00,1.1141374705,1.1148737580,1.1118970996,1.1126333871,-0.0020145357,-0.0008985443,45.8036556809,0.0021637639,
2022-01-25 12:00:00+00:00,1.1126333871,1.1136642219,1.1118252323,1.1128560670,-0.0020956981,-0.0005605508,46.8371628089,0.0021405658,
2022-01-25 13:00:00+00:00,1.1128560670,1.1142153218,1.1124479270,1.1138071818,-0.0003526791,0.0008189487,51.1243512283,0.0021139107,
2022-01-25 14:00:00+00:00,1.1138071818,1.1144271906,1.1129233563,1.1135433652,0.0001075352,-0.0006520586,49.9217863868,0.0020703338,
2022-01-25 15:00:00+00:00,1.1135433652,1.1143370560,1.1124418867,1.1132355776,-0.0008094987,-0.0015091946,48.4887563274,0.0020578220,
2022-01-25 16:00:00+00:00,1.1132355776,1.1147899195,1.1124718108,1.1140261527,0.0012517740,-0.0004093556,52.2780650247,0.0020764139,
2022-01-25 17:00:00+00:00,1.1140261527,1.1159009221,1.1132582037,1.1151329731,0.0020460023,0.0011442168,57.0425418796,0.0021168643,
2022-01-25 18:00:00+00:00,1.1151329731,1.1158087311,1.1141667478,1.1148425057,0.0009295361,0.0020092673,55.4771739294,0.0020829442,
2022-01-25 19:00:00+00:00,1.1148425057,1.1163860838,1.1142443258,1.1157879039,0.0020156725,0.0022473601,59.3839396241,0.0020871452,
2022-01-25 20:00:00+00:00,1.1157879039,1.1182547022,1.1151882535,1.1176550519,0.0039699363,0.0043256851,65.7719486158,0.0021570954,
2022-01-25 21:00:00+00:00,1.1176550519,1.1184860795,1.1148021849,1.1156332125,0.0014425692,0.0035980818,55.5783813586,0.0022661525,
2022-01-25 22:00:00+00:00,1.1156332125,1.1162130548,1.1139637152,1.1145435574,-0.0005285609,0.0003750579,50.9915690557,0.0022649516,
2022-01-25 23:00:00+00:00,1.1145435574,1.1156705758,1.1140114611,1.1151384796,0.0002654849,0.0013056172,53.2596212676,0.0022216775,
2022-01-26 00:00:00+00:00,1.1151384796,1.1169568950,1.1145733781,1.1163917936,0.0005412227,0.0028704958,57.7008055841,0.0022332375,
2022-01-26 01:00:00+00:00,1.1163917936,1.1170674644,1.1147320144,1.1154076852,-0.0020107874,0.0014853198,53.4094692548,0.0022405384,
2022-01-26 02:00:00+00:00,1.1154076852,1.1159754867,1.1140861326,1.1146539341,-0.0008777781,-0.0002021899,50.3224311692,0.0022154538,
2022-01-26 03:00:00+00:00,1.1146539341,1.1170530101,1.1139135312,1.1163126072,0.0015872415,0.0010038010,56.3072456578,0.0022814556,
2022-01-26 04:00:00+00:00,1.1163126072,1.1170490979,1.1158428711,1.1165793618,0.0012921106,0.0021353658,57.2002777433,0.0022046535,
2022-01-26 05:00:00+00:00,1.1165793618,1.1169914279,1.1162446223,1.1166566884,0.0002372777,0.0029037066,57.4716329353,0.0021005215,
2022-01-26 06:00:00+00:00,1.1166566884,1.1177835951,1.1161971999,1.1173241066,0.0017181354,0.0028601822,59.8384328909,0.0020637982,
2022-01-26 07:00:00+00:00,1.1173241066,1.1190306970,1.1167925478,1.1184991382,0.0034496842,0.0052719531,63.6716604778,0.0020762519,
2022-01-26 08:00:00+00:00,1.1184991382,1.1192538135,1.1169357937,1.1176904690,0.0012342974,0.0043441395,59.4651453666,0.0020935210,
2022-01-26 09:00:00+00:00,1.1176904690,1.1183243633,1.1173904407,1.1180243349,0.0012941070,0.0037862506,60.6218370291,0.0020106925,
2022-01-26 10:00:00+00:00,1.1180243349,1.1197584384,1.1176899954,1.1194240988,0.0024783001,0.0052810998,65.1163103124,0.0020148176,
2022-01-26 11:00:00+00:00,1.1194240988,1.1204616429,1.1190221571,1.1200597011,0.0024483447,0.0061299905,66.9603655899,0.0019737225,
2022-01-26 12:00:00+00:00,1.1200597011,1.1204008918,1.1196827965,1.1200239872,0.0013632992,0.0053839261,66.7468551722,0.0018840348,
2022-01-26 13:00:00+00:00,1.1200239872,1.1207888724,1.1181384379,1.1189033231,0.0010851431,0.0033810766,60.2543503868,0.0019387776,
2022-01-26 14:00:00+00:00,1.1189033231,1.1208646326,1.1181675648,1.1201288743,0.0018823735,0.0047418075,64.3395135969,0.0019929412,
2022-01-26 15:00:00+00:00,1.1201288743,1.1223291604,1.1191663903,1.1213666763,0.0017353365,0.0049998503,67.9253180243,0.0020765004,
2022-01-26 16:00:00+00:00,1.1213666763,1.1216470238,1.1208272705,1.1211076180,0.0009355902,0.0030891160,66.4199967271,0.0019867328,
2022-01-26 17:00:00+00:00,1.1211076180,1.1218256846,1.1198528939,1.1205709605,0.0004883585,0.0044259600,63.2908712315,0.0019857369,
2022-01-26 18:00:00+00:00,1.1205709605,1.1219814504,1.1199261091,1.1213365989,0.0021746971,0.0060949090,65.7686331251,0.0019907086,
2022-01-26 19:00:00+00:00,1.1213365989,1.1235931826,1.1207134052,1.1229699889,0.0025364176,0.0070229029,70.3643270988,0.0020542136,
2022-01-26 20:00:00+00:00,1.1229699889,1.1236934039,1.1212878567,1.1220112717,0.0005748301,0.0050336075,64.8601764517,0.0020793088,
2022-01-26 21:00:00+00:00,1.1220112717,1.1223812031,1.1209759852,1.1213459166,0.0002125564,0.0053238215,61.2776646491,0.0020311595,
2022-01-26 22:00:00+00:00,1.1213459166,1.1231035544,1.1206407933,1.1223984311,0.0016308388,0.0069478937,64.6079015494,0.0020619882,
2022-01-26 23:00:00+00:00,1.1223984311,1.1230242476,1.1216729449,1.1222987613,0.0008580496,0.0053624353,64.0461723304,0.0020112249,
2022-01-27 00:00:00+00:00,1.1222987613,1.1229623447,1.1208615830,1.1215251665,-0.0012866082,0.0044294251,59.7070528875,0.0020176204,
2022-01-27 01:00:00+00:00,1.1215251665,1.1224368717,1.1189322253,1.1198439305,-0.0019316572,0.0028542721,51.5353359747,0.0021238365,
2022-01-27 02:00:00+00:00,1.1198439305,1.1210052949,1.1191709081,1.1203322726,-0.0009039530,0.0026922949,53.5250328936,0.0021031616,
2022-01-27 03:00:00+00:00,1.1203322726,1.1218663673,1.1196983895,1.1212324843,-0.0010387994,0.0024437624,57.0273767255,0.0021077913,
2022-01-27 04:00:00+00:00,1.1212324843,1.1220256331,1.1198153389,1.1206084877,-0.0015060817,0.0026107574,53.9901550068,0.0021151129,
2022-01-27 05:00:00+00:00,1.1206084877,1.1214867798,1.1187933856,1.1196716777,-0.0016526502,0.0014734409,49.7097153109,0.0021564187,
2022-01-27 06:00:00+00:00,1.1196716777,1.1201346007,1.1190739464,1.1195368695,-0.0002741998,0.0001007399,49.1063766172,0.0020781498,
2022-01-27 07:00:00+00:00,1.1195368695,1.1204319613,1.1165555987,1.1174506906,-0.0025720780,-0.0023293495,40.8445842099,0.0022065936,
2022-01-27 08:00:00+00:00,1.1174506906,1.1181083727,1.1163882649,1.1170459470,-0.0037338709,-0.0026589076,39.4575730343,0.0021718446,
2022-01-27 09:00:00+00:00,1.1170459470,1.1193425328,1.1161454090,1.1184419949,-0.0019333182,-0.0004123040,46.2389540354,0.0022450789,
2022-01-27 10:00:00+00:00,1.1184419949,1.1200048225,1.1177461736,1.1193090012,-0.0003239133,-0.0007319454,49.9857390162,0.0022460481,
2022-01-27 11:00:00+00:00,1.1193090012,1.1199616572,1.1179047336,1.1185573897,-0.0008748973,-0.0025052346,46.9321053678,0.0022325393,
2022-01-27 12:00:00+00:00,1.1185573897,1.1208844316,1.1180673454,1.1203943873,0.0026342967,-0.0006361840,54.2831198441,0.0022742926,
2022-01-27 13:00:00+00:00,1.1203943873,1.1211762492,1.1199806067,1.1207624686,0.0033270983,0.0001709023,55.6099666542,0.0021972462,
2022-01-27 14:00:00+00:00,1.1207624686,1.1215116600,1.1175622040,1.1183113953,-0.0001167692,-0.0026978551,46.0296646672,0.0023224040,
2022-01-27 15:00:00+00:00,1.1183113953,1.1192729427,1.1176092330,1.1185707804,-0.0006595326,-0.0039174765,47.0688927229,0.0022753544,
2022-01-27 16:00:00+00:00,1.1185707804,1.1198783013,1.1179270567,1.1192345776,0.0006054119,-0.0024747470,49.7362770085,0.0022522037,
2022-01-27 17:00:00+00:00,1.1192345776,1.1201922726,1.1184762230,1.1194339180,-0.0008572600,-0.0017050926,50.5423103678,0.0022139070,
2022-01-27 18:00:00+00:00,1.1194339180,1.1200602523,1.1190173830,1.1196437172,-0.0009982056,-0.0024543102,51.4251923344,0.0021302614,
2022-01-27 19:00:00+00:00,1.1196437172,1.1202722121,1.1186404564,1.1192689512,0.0008562516,-0.0026996466,49.7178441712,0.0020946539,
2022-01-27 20:00:00+00:00,1.1192689512,1.1198542269,1.1189539713,1.1195392470,0.0008658072,-0.0017707310,50.9819004807,0.0020093397,
2022-01-27 21:00:00+00:00,1.1195392470,1.1206784437,1.1191304854,1.1202696821,0.0009248325,0.0003801883,54.3236290710,0.0019763839,
2022-01-27 22:00:00+00:00,1.1202696821,1.1211956741,1.1199521280,1.1208781200,0.0012901181,0.0004872192,56.9559974169,0.0019240384,
2022-01-27 23:00:00+00:00,1.1208781200,1.1214011055,1.1186299645,1.1191529500,-0.0004383245,-0.0018546861,48.4329262335,0.0019845457,
2022-01-28 00:00:00+00:00,1.1191529500,1.1198347972,1.1183167852,1.1189986324,-0.0002415137,-0.0014365903,47.7446708886,0.0019512219,2.0000000000
2022-01-28 01:00:00+00:00,1.1189986324,1.1194077953,1.1184089871,1.1188181500,-0.0006441016,-0.0007623017,46.9051455569,0.0018831923,2.0000000000
2022-01-28 02:00:00+00:00,1.1188181500,1.1192115572,1.1176874329,1.1180808401,-0.0019538527,-0.0013005640,43.5371706721,0.0018575446,2.0000000000
2022-01-28 03:00:00+00:00,1.1180808401,1.1202620217,1.1172999128,1.1194810945,-0.0012463670,0.0018169964,50.7672637546,0.0019364421,2.0000000000
2022-01-28 04:00:00+00:00,1.1194810945,1.1201898807,1.1188366519,1.1195454381,0.0003507011,0.0022375903,51.0772736385,0.0018947840,2.0000000000
2022-01-28 05:00:00+00:00,1.1195454381,1.1205597142,1.1185406219,1.1195548979,0.0004971100,0.0009950476,51.1259994538,0.0019036631,2.0000000000
2022-01-28 06:00:00+00:00,1.1195548979,1.1202072800,1.1172329645,1.1178853466,-0.0008337399,-0.0012719049,42.9882892953,0.0019801383,2.0000000000
2022-01-28 07:00:00+00:00,1.1178853466,1.1195031732,1.1171890435,1.1188068701,0.0006493537,0.0002230376,47.9161123092,0.0020039948,2.0000000000
2022-01-28 08:00:00+00:00,1.1188068701,1.1192912560,1.1183891916,1.1188735775,-0.0005426773,-0.0013573879,48.2647146855,0.0019252855,2.0000000000
2022-01-28 09:00:00+00:00,1.1188735775,1.1198495675,1.1176390962,1.1186150862,-0.0008310086,-0.0019160013,46.9532724420,0.0019456559,2.0000000000
2022-01-28 10:00:00+00:00,1.1186150862,1.1191943285,1.1169815007,1.1175607429,-0.0017812034,-0.0006712374,41.9467246283,0.0019647396,2.0000000000
2022-01-28 11:00:00+00:00,1.1175607429,1.1181849278,1.1159058926,1.1165300775,-0.0012123507,-0.0018243842,37.7133388878,0.0019871893,2.0000000000
2022-01-28 12:00:00+00:00,1.1165300775,1.1174499431,1.1154187774,1.1163386429,-0.0022061244,-0.0025874242,36.9670754770,0.0019903305,2.0000000000
2022-01-28 13:00:00+00:00,1.1163386429,1.1178673830,1.1157710474,1.1172997875,-0.0014065843,-0.0019064372,43.0592640204,0.0019979023,2.0000000000
2022-01-28 14:00:00+00:00,1.1172997875,1.1190088428,1.1167694202,1.1184784755,-0.0001221249,-0.0010407255,49.5046915630,0.0020151537,2.0000000000
2022-01-28 15:00:00+00:00,1.1184784755,1.1188863807,1.1166595197,1.1170674249,-0.0004414239,-0.0019669324,43.2002918623,0.0020302757,2.0000000000
2022-01-28 16:00:00+00:00,1.1170674249,1.1176049154,1.1158234044,1.1163608948,-0.0001515254,-0.0028389824,40.4243331191,0.0020125068,2.0000000000
2022-01-28 17:00:00+00:00,1.1163608948,1.1168476833,1.1159244413,1.1164112297,0.0000650222,-0.0034442174,40.7166019505,0.0019347021,2.0000000000
2022-01-28 18:00:00+00:00,1.1164112297,1.1175198525,1.1155837153,1.1166923381,-0.0005436763,-0.0037343774,42.4156567680,0.0019348046,2.0000000000
2022-01-28 19:00:00+00:00,1.1166923381,1.1171672347,1.1164604983,1.1169353949,-0.0013796247,-0.0019814584,43.9124424069,0.0018470855,2.0000000000
2022-01-28 20:00:00+00:00,1.1169353949,1.1170268949,1.1168302773,1.1169217773,-0.0001303839,-0.0018559944,43.8436815879,0.0017291949,2.0000000000
2022-01-28 21:00:00+00:00,1.1169217773,1.1170805234,1.1168686422,1.1170273883,0.0005970233,-0.0016005833,44.5686201822,0.0016208154,2.0000000000
2022-01-28 22:00:00+00:00,1.1170273883,1.1171314791,1.1167276558,1.1168317466,0.0003766684,-0.0011171764,43.4496320229,0.0015338874,2.0000000000
2022-01-28 23:00:00+00:00,1.1168317466,1.1169110972,1.1167608482,1.1168401987,0.0001324095,-0.0023590356,43.5156123271,0.0014350561,2.0000000000
2022-01-29 00:00:00+00:00,1.1168401987,1.1169423284,1.1166974374,1.1167995670,-0.0001216077,-0.0024526661,43.2543407452,0.0013500443,2.0000000000
2022-01-29 01:00:00+00:00,1.1167995670,1.1168331662,1.1166506319,1.1166842311,-0.0002126793,-0.0025641144,42.4747586142,0.0012666507,2.0000000000
2022-01-29 02:00:00+00:00,1.1166842311,1.1167807423,1.1166309339,1.1167274451,-0.0002685191,-0.0010357963,42.8900841928,0.0011868762,2.0000000000
2022-01-29 03:00:00+00:00,1.1167274451,1.1168543225,1.1166190517,1.1167459290,-0.0000768402,-0.0018420883,43.0793851979,0.0011189044,2.0000000000
2022-01-29 04:00:00+00:00,1.1167459290,1.1169165391,1.1167084309,1.1168790410,0.0000347787,-0.0017826290,44.5059653181,0.0010538476,2.0000000000
2022-01-29 05:00:00+00:00,1.1168790410,1.1169634337,1.1168258584,1.1169102512,0.0000991083,-0.0015240587,44.8549426599,0.0009883995,2.0000000000
2022-01-29 06:00:00+00:00,1.1169102512,1.1171475590,1.1168377084,1.1170750163,0.0003499514,-0.0004346311,46.7584524512,0.0009399318,2.0000000000
2022-01-29 07:00:00+00:00,1.1170750163,1.1171695409,1.1168942351,1.1169887597,0.0002340003,0.0004108104,45.8658668349,0.0008924585,2.0000000000
2022-01-29 08:00:00+00:00,1.1169887597,1.1170884062,1.1169054939,1.1170051405,0.0002321132,0.0005970389,46.0763888420,0.0008417766,2.0000000000
2022-01-29 09:00:00+00:00,1.1170051405,1.1171181492,1.1169227114,1.1170357201,0.0001402830,-0.0002363442,46.4947039241,0.0007956095,2.0000000000
2022-01-29 10:00:00+00:00,1.1170357201,1.1170862695,1.1169410480,1.1169915974,0.0000728315,-0.0013293757,45.9409207950,0.0007491533,2.0000000000
2022-01-29 11:00:00+00:00,1.1169915974,1.1170544753,1.1168575525,1.1169204304,-0.0001383844,-0.0001315896,45.0097220883,0.0007097082,1.0000000000
2022-01-29 12:00:00+00:00,1.1169204304,1.1170442882,1.1167820553,1.1169059130,-0.0000741696,0.0004882097,44.8101888091,0.0006777457,1.0000000000
2022-01-29 13:00:00+00:00,1.1169059130,1.1169689283,1.1168517644,1.1169147796,-0.0000808957,0.0004510434,44.9706448076,0.0006377041,1.0000000000
2022-01-29 14:00:00+00:00,1.1169147796,1.1169792769,1.1167732432,1.1168377404,-0.0001772367,0.0001302080,43.7796527017,0.0006068705,1.0000000000
2022-01-29 15:00:00+00:00,1.1168377404,1.1170736895,1.1167600373,1.1169959864,0.0000039294,0.0000542480,46.8910337825,0.0005859264,1.0000000000
2022-01-29 16:00:00+00:00,1.1169959864,1.1170753641,1.1169610368,1.1170404144,0.0001074239,0.0001062179,47.7650687049,0.0005522407,1.0000000000
2022-01-29 17:00:00+00:00,1.1170404144,1.1171504231,1.1169488061,1.1170588147,0.0001368975,0.0000281339,48.1456957235,0.0005271962,1.0000000000
2022-01-29 18:00:00+00:00,1.1170588147,1.1171168234,1.1168234497,1.1168814584,-0.0000298333,0.0000445114,44.7600964911,0.0005104946,1.0000000000
2022-01-29 19:00:00+00:00,1.1168814584,1.1171645914,1.1167753304,1.1170584635,0.0001976322,0.0001954306,48.6417103105,0.0005018350,1.0000000000
2022-01-29 20:00:00+00:00,1.1170584635,1.1170976716,1.1169054109,1.1169446191,-0.0000459871,0.0001298819,46.3841492061,0.0004797226,1.0000000000
2022-01-29 21:00:00+00:00,1.1169446191,1.1171385355,1.1168722996,1.1170662161,0.0000230982,0.0003420707,49.1014159093,0.0004644735,1.0000000000
2022-01-29 22:00:00+00:00,1.1170662161,1.1172333561,1.1169476670,1.1171148070,0.0000501247,0.0003468723,50.1878211856,0.0004517032,1.0000000000
2022-01-29 23:00:00+00:00,1.1171148070,1.1172340774,1.1167922467,1.1169115171,0.0000269130,0.0001482773,45.7847820174,0.0004509980,1.0000000000
2022-01-30 00:00:00+00:00,1.1169115171,1.1171471673,1.1168207096,1.1170563599,-0.0000018831,0.0001587629,49.2041672202,0.0004421023,1.0000000000
2022-01-30 01:00:00+00:00,1.1170563599,1.1171929349,1.1169611092,1.1170976843,0.0001370392,0.0001678140,50.1698043758,0.0004270825,1.0000000000
2022-01-30 02:00:00+00:00,1.1170976843,1.1173550093,1.1170369543,1.1172942793,0.0002041627,0.0001962832,54.5922847253,0.0004192949,1.0000000000
2022-01-30 03:00:00+00:00,1.1172942793,1.1174027241,1.1168869624,1.1169954072,-0.0001068823,0.0000059513,47.6662886080,0.0004261853,1.0000000000
2022-01-30 04:00:00+00:00,1.1169954072,1.1173082926,1.1168894774,1.1172023628,0.0002604017,0.0001765634,52.1895361735,0.0004256589,1.0000000000
2022-01-30 05:00:00+00:00,1.1172023628,1.1173246253,1.1169242186,1.1170464812,-0.0000088435,0.0000096336,48.7703182549,0.0004238552,1.0000000000
2022-01-30 06:00:00+00:00,1.1170464812,1.1171043737,1.1169787450,1.1170366375,-0.0000546476,0.0000403228,48.5539895447,0.0004025533,1.0000000000
2022-01-30 07:00:00+00:00,1.1170366375,1.1171398364,1.1167075469,1.1168107458,-0.0004327719,-0.0000982028,43.7573342682,0.0004046773,1.0000000000
2022-01-30 08:00:00+00:00,1.1168107458,1.1168738276,1.1163957886,1.1164588704,-0.0004803393,-0.0004002509,37.5366001343,0.0004099174,1.0000000000
2022-01-30 09:00:00+00:00,1.1164588704,1.1164910298,1.1163252813,1.1163574407,-0.0007562838,-0.0004989986,35.9500591534,0.0003924768,1.0000000000
2022-01-30 10:00:00+00:00,1.1163574407,1.1165791551,1.1162369273,1.1164586417,-0.0005262444,-0.0003394394,38.7325300785,0.0003888876,1.0000000000
2022-01-30 11:00:00+00:00,1.1164586417,1.1166386856,1.1163569602,1.1165370041,-0.0004472848,-0.0004109078,40.8744089145,0.0003812331,1.0000000000
2022-01-30 12:00:00+00:00,1.1165370041,1.1166137441,1.1164098745,1.1164866145,-0.0002902293,-0.0004957742,39.9082576574,0.0003685643,1.0000000000
2022-01-30 13:00:00+00:00,1.1164866145,1.1165947370,1.1162259410,1.1163340634,-0.0001117882,-0.0006488031,37.0528081286,0.0003685809,1.0000000000
2022-01-30 14:00:00+00:00,1.1163340634,1.1164445974,1.1162647657,1.1163752997,0.0000159975,-0.0004531893,38.3371579401,0.0003550988,1.0000000000
2022-01-30 15:00:00+00:00,1.1163752997,1.1164609664,1.1162352201,1.1163208868,-0.0001233856,-0.0006602847,37.2569156200,0.0003458593,1.0000000000
2022-01-30 16:00:00+00:00,1.1163208868,1.1165306281,1.1162304020,1.1164401432,-0.0000867511,-0.0004516570,41.1695442901,0.0003425998,1.0000000000
2022-01-30 17:00:00+00:00,1.1164401432,1.1164889695,1.1163601239,1.1164089502,-0.0000695613,-0.0005883857,40.4588601555,0.0003273316,1.0000000000
2022-01-30 18:00:00+00:00,1.1164089502,1.1165060320,1.1162986056,1.1163956874,0.0000552020,-0.0006437294,40.1415676553,0.0003187670,1.0000000000
2022-01-30 19:00:00+00:00,1.1163956874,1.1165190417,1.1163563858,1.1164797401,0.0000935532,-0.0003865812,43.1826370230,0.0003076162,1.0000000000
2022-01-30 20:00:00+00:00,1.1164797401,1.1167615642,1.1164158448,1.1166976689,0.0003375213,-0.0003211037,50.2412268158,0.0003103378,1.0000000000
2022-01-30 21:00:00+00:00,1.1166976689,1.1167813583,1.1165625275,1.1166462169,0.0001845810,-0.0004041432,48.7028476768,0.0003038016,1.0000000000
2022-01-30 22:00:00+00:00,1.1166462169,1.1168166162,1.1165318649,1.1167022641,0.0002627298,-0.0005298650,50.4815645562,0.0003024409,1.0000000000
2022-01-30 23:00:00+00:00,1.1167022641,1.1168360097,1.1163858080,1.1165195536,0.0001109519,-0.0004260121,45.0031982746,0.0003129952,1.0000000000
2022-01-31 00:00:00+00:00,1.1165195536,1.1166346836,1.1163892007,1.1165043307,0.0000220251,-0.0006248036,44.5692168705,0.0003081729,1.0000000000
2022-01-31 01:00:00+00:00,1.1165043307,1.1166049840,1.1162924551,1.1163931084,-0.0002727332,-0.0005849110,41.4259561757,0.0003084841,1.0000000000
2022-01-31 02:00:00+00:00,1.1163931084,1.1165159715,1.1163177409,1.1164406041,-0.0001841343,-0.0005335845,43.2660301286,0.0003006088,1.0000000000
2022-01-31 03:00:00+00:00,1.1164406041,1.1165281108,1.1163562318,1.1164437385,-0.0002315081,-0.0003286208,43.3924162516,0.0002914138,0.0000000000
2022-01-31 04:00:00+00:00,1.1164437385,1.1164878686,1.1163674801,1.1164116101,-0.0000966786,-0.0000423305,42.3509867367,0.0002791977,0.0000000000
2022-01-31 05:00:00+00:00,1.1164116101,1.1166153278,1.1163186192,1.1165223370,0.0000161273,0.0001477092,47.0661594842,0.0002804485,0.0000000000
2022-01-31 06:00:00+00:00,1.1165223370,1.1167170449,1.1164482520,1.1166429599,0.0002238024,0.0001650918,51.7007110248,0.0002796160,0.0000000000
2022-01-31 07:00:00+00:00,1.1166429599,1.1167396238,1.1164699149,1.1165665788,0.0001128361,0.0000264879,48.7878067228,0.0002789083,0.0000000000
2022-01-31 08:00:00+00:00,1.1165665788,1.1167734032,1.1164104319,1.1166172563,0.0001554201,0.0001170115,50.7696823841,0.0002849128,0.0000000000
2022-01-31 09:00:00+00:00,1.1166172563,1.1166912508,1.1164834399,1.1165574344,0.0001306188,0.0002000933,48.3891164666,0.0002794055,0.0000000000
2022-01-31 10:00:00+00:00,1.1165574344,1.1166769580,1.1161646207,1.1162841442,-0.0002133345,-0.0000816530,39.3187564816,0.0002960435,1.0000000000
2022-01-31 11:00:00+00:00,1.1162841442,1.1163623802,1.1160999217,1.1161781577,-0.0004162496,-0.0001278567,36.4641016631,0.0002936446,1.0000000000
2022-01-31 12:00:00+00:00,1.1161781577,1.1163040730,1.1160868383,1.1162127537,-0.0003168867,-0.0002036738,38.0453047866,0.0002881867,0.0000000000
2022-01-31 13:00:00+00:00,1.1162127537,1.1163121661,1.1159706548,1.1160700672,-0.0004900417,-0.0003035474,34.2584556522,0.0002919956,0.0000000000
2022-01-31 14:00:00+00:00,1.1160700672,1.1161949786,1.1159613185,1.1160862299,-0.0004220155,-0.0002771934,35.0471156188,0.0002878288,0.0000000000
2022-01-31 15:00:00+00:00,1.1160862299,1.1163520997,1.1160042107,1.1162700805,-0.0000125987,-0.0001877863,43.3693329296,0.0002921188,1.0000000000
2022-01-31 16:00:00+00:00,1.1162700805,1.1164315900,1.1161735067,1.1163350161,0.0001405317,-0.0003247547,46.0009853519,0.0002896877,0.0000000000
2022-01-31 17:00:00+00:00,1.1163350161,1.1166658039,1.1162450717,1.1165758595,0.0003253016,-0.0000630078,54.4548591001,0.0002990480,1.0000000000
2022-01-31 18:00:00+00:00,1.1165758595,1.1166522121,1.1163516953,1.1164280479,0.0003207511,-0.0002455589,49.3485969017,0.0002991529,1.0000000000
2022-01-31 19:00:00+00:00,1.1164280479,1.1165619450,1.1162529403,1.1163868373,0.0002693407,-0.0001188661,47.9972466807,0.0002998566,1.0000000000
2022-01-31 20:00:00+00:00,1.1163868373,1.1164502350,1.1162642894,1.1163276871,0.0000516063,-0.0001582114,46.0481307887,0.0002917201,0.0000000000
2022-01-31 21:00:00+00:00,1.1163276871,1.1164053296,1.1162635717,1.1163412142,0.0000055522,-0.0000464838,46.5823749548,0.0002810086,0.0000000000
2022-01-31 22:00:00+00:00,1.1163412142,1.1164323967,1.1161894833,1.1162806657,-0.0002643741,-0.0001432574,44.4601748014,0.0002782875,0.0000000000
2022-01-31 23:00:00+00:00,1.1162806657,1.1163544122,1.1159035228,1.1159772693,-0.0004037686,-0.0004178170,35.6868391599,0.0002906162,0.0000000000
2022-02-01 00:00:00+00:00,1.1159772693,1.1160680852,1.1158116965,1.1159025123,-0.0004338326,-0.0004560126,33.9111678479,0.0002881714,0.0000000000
2022-02-01 01:00:00+00:00,1.1159025123,1.1161909160,1.1158210067,1.1161094104,-0.0001955310,-0.0003698328,42.4464152613,0.0002940098,1.0000000000
2022-02-01 02:00:00+00:00,1.1161094104,1.1162219000,1.1160106398,1.1161231293,-0.0001953568,-0.0004655297,42.9723372707,0.0002880991,0.0000000000
2022-02-01 03:00:00+00:00,1.1161231293,1.1162967370,1.1160608876,1.1162344953,-0.0000413610,-0.0002974149,47.1909954799,0.0002843670,0.0000000000
2022-02-01 04:00:00+00:00,1.1162344953,1.1163208910,1.1160718237,1.1161582194,0.0001621450,-0.0004110960,44.7492850871,0.0002818456,0.0000000000
2022-02-01 05:00:00+00:00,1.1161582194,1.1161879246,1.1159776748,1.1160073800,0.0000939756,-0.0004926343,40.3077197728,0.0002767316,0.0000000000
2022-02-01 06:00:00+00:00,1.1160073800,1.1160635831,1.1159637615,1.1160199646,-0.0000801407,-0.0002366598,40.8353420881,0.0002640952,0.0000000000
2022-02-01 07:00:00+00:00,1.1160199646,1.1162490162,1.1159180506,1.1161471022,0.0000214787,-0.0000278231,46.0258314482,0.0002688716,0.0000000000
2022-02-01 08:00:00+00:00,1.1161471022,1.1162320766,1.1160284272,1.1161134016,-0.0001084840,-0.0000890082,44.9013481868,0.0002642129,0.0000000000
2022-02-01 09:00:00+00:00,1.1161134016,1.1165006746,1.1160774921,1.1164647651,0.0002746436,0.0003536497,56.7622751448,0.0002755679,0.0000000000
2022-02-01 10:00:00+00:00,1.1164647651,1.1167017926,1.1163540803,1.1165911077,0.0005230501,0.0004523646,60.0892219491,0.0002807210,0.0000000000
2022-02-01 11:00:00+00:00,1.1165911077,1.1166623360,1.1165054119,1.1165766402,0.0004988043,0.0002746285,59.5244038349,0.0002718784,0.0000000000
2022-02-01 12:00:00+00:00,1.1165766402,1.1166258429,1.1163282582,1.1163774609,0.0002063874,0.0000380216,52.2436179075,0.0002737146,0.0000000000
2022-02-01 13:00:00+00:00,1.1163774609,1.1164570245,1.1162148579,1.1162944215,0.0001621877,-0.0002520545,49.5239059913,0.0002714611,0.0000000000
2022-02-01 14:00:00+00:00,1.1162944215,1.1163712528,1.1159107600,1.1159875913,-0.0004273971,-0.0003945231,41.0254245983,0.0002849634,0.0000000000
2022-02-01 15:00:00+00:00,1.1159875913,1.1161655618,1.1159166719,1.1160946424,-0.0004446259,-0.0002617327,44.5975991253,0.0002823867,0.0000000000
2022-02-01 16:00:00+00:00,1.1160946424,1.1161754557,1.1157769489,1.1158577622,-0.0006438232,-0.0004209560,38.9722924605,0.0002906810,1.0000000000
2022-02-01 17:00:00+00:00,1.1158577622,1.1159533137,1.1157113973,1.1158069489,-0.0005110387,-0.0004785861,37.8688482966,0.0002871978,0.0000000000
2022-02-01 18:00:00+00:00,1.1158069489,1.1158742895,1.1155417152,1.1156090559,-0.0006139649,-0.0006016496,33.8492656682,0.0002904390,1.0000000000
2022-02-01 19:00:00+00:00,1.1156090559,1.1157739860,1.1155146657,1.1156795958,-0.0002759847,-0.0002667380,36.4391343123,0.0002882162,1.0000000000
2022-02-01 20:00:00+00:00,1.1156795958,1.1157643514,1.1156140479,1.1156988035,-0.0003546643,-0.0001825507,37.1605750485,0.0002783653,0.0000000000
2022-02-01 21:00:00+00:00,1.1156988035,1.1158470794,1.1154657172,1.1156139931,-0.0002184589,-0.0004438788,35.2576464582,0.0002857223,0.0000000000
2022-02-01 22:00:00+00:00,1.1156139931,1.1157206513,1.1154897587,1.1155964169,-0.0001886814,-0.0004719125,34.8592458570,0.0002818059,0.0000000000
2022-02-01 23:00:00+00:00,1.1155964169,1.1157535112,1.1155065527,1.1156636471,0.0000489339,-0.0005114053,37.7564796772,0.0002793168,0.0000000000
2022-02-02 00:00:00+00:00,1.1156636471,1.1157783202,1.1155592006,1.1156738738,-0.0000051287,-0.0004339400,38.2067040111,0.0002750170,0.0000000000
2022-02-02 01:00:00+00:00,1.1156738738,1.1158000287,1.1155201311,1.1156462861,-0.0000470713,-0.0003235587,37.4203704657,0.0002753656,0.0000000000
2022-02-02 02:00:00+00:00,1.1156462861,1.1157094932,1.1155820889,1.1156452961,0.0000280589,-0.0003357185,37.3906306219,0.0002647969,0.0000000000
2022-02-02 03:00:00+00:00,1.1156452961,1.1159084198,1.1155529943,1.1158161181,0.0001969361,-0.0002965417,45.4469792811,0.0002712704,0.0000000000
2022-02-02 04:00:00+00:00,1.1158161181,1.1158989137,1.1157305909,1.1158133865,0.0001342156,-0.0002688034,45.3464971864,0.0002639170,0.0000000000
2022-02-02 05:00:00+00:00,1.1158133865,1.1159131598,1.1156290732,1.1157288465,0.0000492731,-0.0006591507,42.2341423694,0.0002653577,0.0000000000
2022-02-02 06:00:00+00:00,1.1157288465,1.1158023291,1.1153545320,1.1154280146,-0.0001956458,-0.0010416464,33.4389645270,0.0002783891,0.0000000000
2022-02-02 07:00:00+00:00,1.1154280146,1.1155350967,1.1152571935,1.1153642756,-0.0002518905,-0.0010857871,31.9221294652,0.0002783543,0.0000000000
2022-02-02 08:00:00+00:00,1.1153642756,1.1154596743,1.1151873054,1.1152827041,-0.0004780483,-0.0009806332,30.0438520981,0.0002779268,0.0000000000
2022-02-02 09:00:00+00:00,1.1152827041,1.1153685741,1.1150850851,1.1151709552,-0.0005757516,-0.0010064248,27.6441345009,0.0002783241,0.0000000000
2022-02-02 10:00:00+00:00,1.1151709552,1.1153770466,1.1150842363,1.1152903278,-0.0003930335,-0.0006247951,33.7331477714,0.0002793588,0.0000000000
2022-02-02 11:00:00+00:00,1.1152903278,1.1155014344,1.1151301006,1.1153412072,-0.0000778243,-0.0006750639,36.1976636281,0.0002859285,1.0000000000
2022-02-02 12:00:00+00:00,1.1153412072,1.1154612535,1.1151884109,1.1153084572,-0.0000500450,-0.0004922715,35.2879290442,0.0002849938,1.0000000000
2022-02-02 13:00:00+00:00,1.1153084572,1.1153770598,1.1152111938,1.1152797963,-0.0000026072,-0.0004724407,34.4714257524,0.0002764847,0.0000000000
2022-02-02 14:00:00+00:00,1.1152797963,1.1155651314,1.1152386383,1.1155239735,0.0003165598,-0.0000762655,45.9464893218,0.0002800567,0.0000000000
2022-02-02 15:00:00+00:00,1.1155239735,1.1157413906,1.1154357717,1.1156531889,0.0003253512,-0.0000236689,50.8513831461,0.0002818826,0.0000000000
2022-02-02 16:00:00+00:00,1.1156531889,1.1157640910,1.1153906669,1.1155015691,0.0001437783,-0.0001767811,45.6203162915,0.0002884212,1.0000000000
2022-02-02 17:00:00+00:00,1.1155015691,1.1156722376,1.1153932609,1.1155639294,0.0002290597,-0.0000448755,47.9901119856,0.0002877466,1.0000000000
2022-02-02 18:00:00+00:00,1.1155639294,1.1156118470,1.1154456983,1.1154936159,0.0001917183,-0.0000921489,45.5782783863,0.0002790611,0.0000000000
2022-02-02 19:00:00+00:00,1.1154936159,1.1155383187,1.1153304807,1.1153751835,-0.0001333812,-0.0002585578,41.7704245617,0.0002739737,0.0000000000
2022-02-02 20:00:00+00:00,1.1153751835,1.1155100871,1.1152855718,1.1154204754,-0.0002085894,-0.0002271259,43.7073314629,0.0002704410,0.0000000000
2022-02-02 21:00:00+00:00,1.1154204754,1.1155106028,1.1151537075,1.1152438348,-0.0002310478,-0.0003607337,38.3496009108,0.0002766163,0.0000000000
2022-02-02 22:00:00+00:00,1.1152438348,1.1154253698,1.1151289316,1.1153104666,-0.0002272060,-0.0003001218,41.2739749415,0.0002780321,0.0000000000
2022-02-02 23:00:00+00:00,1.1153104666,1.1154121854,1.1150776887,1.1151794075,-0.0002816765,-0.0005706232,37.5055246602,0.0002820653,0.0000000000
2022-02-03 00:00:00+00:00,1.1151794075,1.1152571524,1.1150880059,1.1151657509,-0.0001877688,-0.0005804157,37.1251467049,0.0002739997,0.0000000000
2022-02-03 01:00:00+00:00,1.1151657509,1.1152404444,1.1150493838,1.1151240773,-0.0002657277,-0.0005420396,35.9277122190,0.0002680754,0.0000000000
2022-02-03 02:00:00+00:00,1.1151240773,1.1151897119,1.1150233582,1.1150889929,-0.0001388414,-0.0003039387,34.9069283510,0.0002608096,0.0000000000
2022-02-03 03:00:00+00:00,1.1150889929,1.1152039189,1.1150773546,1.1151922806,-0.0001059669,-0.0001542053,40.2859075805,0.0002512207,0.0000000000
2022-02-03 04:00:00+00:00,1.1151922806,1.1152734519,1.1149073689,1.1149885402,-0.0001711539,-0.0002637572,34.2701049277,0.0002594251,0.0000000000
2022-02-03 05:00:00+00:00,1.1149885402,1.1150737038,1.1149172565,1.1150024201,-0.0001464632,-0.0001511294,34.9824061127,0.0002520696,0.0000000000
2022-02-03 06:00:00+00:00,1.1150024201,1.1150760614,1.1147826017,1.1148562431,-0.0002401833,-0.0003892123,31.1534077271,0.0002550260,0.0000000000
2022-02-03 07:00:00+00:00,1.1148562431,1.1149495543,1.1147828357,1.1148761469,-0.0001908780,-0.0004169668,32.2409467807,0.0002487183,0.0000000000
2022-02-03 08:00:00+00:00,1.1148761469,1.1149521306,1.1146398279,1.1147158115,-0.0004272528,-0.0005313738,28.3552122878,0.0002532601,0.0000000000
2022-02-03 09:00:00+00:00,1.1147158115,1.1149386404,1.1145969717,1.1148198005,-0.0001513376,-0.0004124487,33.9179849862,0.0002595750,0.0000000000
2022-02-03 10:00:00+00:00,1.1148198005,1.1151220279,1.1146970806,1.1149993080,-0.0000027911,-0.0004703309,42.2531615362,0.0002713873,0.0000000000
2022-02-03 11:00:00+00:00,1.1149993080,1.1152945830,1.1148751806,1.1151704556,0.0002818412,-0.0004326912,48.8744466214,0.0002819598,1.0000000000
2022-02-03 12:00:00+00:00,1.1151704556,1.1153473090,1.1151144896,1.1152913431,0.0003724146,-0.0001884587,52.9758323847,0.0002784498,0.0000000000
2022-02-03 13:00:00+00:00,1.1152913431,1.1153387582,1.1151602787,1.1152076938,0.0004412625,-0.0003193323,49.9875614027,0.0002713090,0.0000000000
2022-02-03 14:00:00+00:00,1.1152076938,1.1152356144,1.1149863638,1.1150142844,0.0001744532,-0.0004297035,43.8311796839,0.0002697334,0.0000000000
2022-02-03 15:00:00+00:00,1.1150142844,1.1152186862,1.1149429093,1.1151473111,0.0001327383,-0.0002043011,48.5267787283,0.0002701651,0.0000000000
2022-02-03 16:00:00+00:00,1.1151473111,1.1152977582,1.1150690797,1.1152195268,0.0000440033,-0.0001801550,50.9252298266,0.0002672018,0.0000000000
2022-02-03 17:00:00+00:00,1.1152195268,1.1152890066,1.1149135934,1.1149830732,-0.0002764030,-0.0002338158,43.7387647498,0.0002749312,0.0000000000
2022-02-03 18:00:00+00:00,1.1149830732,1.1151023744,1.1148542771,1.1149735783,-0.0002099299,-0.0003020579,43.4734659770,0.0002730145,0.0000000000
2022-02-03 19:00:00+00:00,1.1149735783,1.1150780240,1.1145615902,1.1146660359,-0.0003123265,-0.0004603489,35.8817168654,0.0002904016,1.0000000000
2022-02-03 20:00:00+00:00,1.1146660359,1.1147656909,1.1145248505,1.1146245055,-0.0004688221,-0.0004853497,34.9930374362,0.0002868615,1.0000000000
2022-02-03 21:00:00+00:00,1.1146245055,1.1147413098,1.1141359285,1.1142527328,-0.0008669091,-0.0007813879,28.2483625591,0.0003096129,1.0000000000
2022-02-03 22:00:00+00:00,1.1142527328,1.1143546790,1.1140084227,1.1141103688,-0.0007827064,-0.0008776196,26.1683624552,0.0003122303,1.0000000000
2022-02-03 23:00:00+00:00,1.1141103688,1.1144548711,1.1140427355,1.1143872377,-0.0005258785,-0.0007218871,36.0330696807,0.0003193664,1.0000000000
2022-02-04 00:00:00+00:00,1.1143872377,1.1145947635,1.1142809370,1.1144884628,-0.0001593061,-0.0004485045,39.2299768677,0.0003189707,1.0000000000
2022-02-04 01:00:00+00:00,1.1144884628,1.1145434629,1.1143513071,1.1144063072,-0.0001957594,-0.0005346292,37.5880354678,0.0003099125,1.0000000000
