timestamp,open,high,low,close,volume,momentum_5,momentum_20,rsi_14,atr_14,volatility_regime,feature_valid,supplied_model_probability,signal,position_state,entry,exit,exit_reason,position_size,stop_loss,take_profit
2023-01-02 00:00:00+00:00,1.1000000000,1.1000774539,1.0999393784,1.1000168323,0.0000000000,,,,,,False,,FLAT,FLAT,,,,,,
2023-01-02 01:00:00+00:00,1.1000168323,1.1001905978,1.0999267962,1.1001005617,0.0000000000,,,,,,False,,FLAT,FLAT,,,,,,
2023-01-02 02:00:00+00:00,1.1001005617,1.1002318234,1.0997465873,1.0998778490,0.0000000000,,,,,,False,,FLAT,FLAT,,,,,,
2023-01-02 03:00:00+00:00,1.0998778490,1.1000408677,1.0997945158,1.0999575344,0.0000000000,,,,,,False,,FLAT,FLAT,,,,,,
2023-01-02 04:00:00+00:00,1.0999575344,1.1000184051,1.0997932152,1.0998540859,0.0000000000,,,,,,False,,FLAT,FLAT,,,,,,
2023-01-02 05:00:00+00:00,1.0998540859,1.0999289961,1.0997819065,1.0998568167,0.0000000000,-0.0001454665,,,,,False,,FLAT,FLAT,,,,,,
2023-01-02 06:00:00+00:00,1.0998568167,1.1000597240,1.0997697197,1.0999726270,0.0000000000,-0.0001162936,,,,,False,,FLAT,FLAT,,,,,,
2023-01-02 07:00:00+00:00,1.0999726270,1.1003531530,1.0998820489,1.1002625749,0.0000000000,0.0003497897,,,,,False,,FLAT,FLAT,,,,,,
2023-01-02 08:00:00+00:00,1.1002625749,1.1003498028,1.1000826024,1.1001698303,0.0000000000,0.0001930037,,,,,False,,FLAT,FLAT,,,,,,
2023-01-02 09:00:00+00:00,1.1001698303,1.1002809303,1.1000875936,1.1001986936,0.0000000000,0.0003133213,,,,,False,,FLAT,FLAT,,,,,,
2023-01-02 10:00:00+00:00,1.1001986936,1.1002661150,1.1000939956,1.1001614170,0.0000000000,0.0002769454,,,,,False,,FLAT,FLAT,,,,,,
2023-01-02 11:00:00+00:00,1.1001614170,1.1002234041,1.0999434628,1.1000054499,0.0000000000,0.0000298397,,,,,False,,FLAT,FLAT,,,,,,
2023-01-02 12:00:00+00:00,1.1000054499,1.1000663692,1.0998898897,1.0999508091,0.0000000000,-0.0002833559,,,,,False,,FLAT,FLAT,,,,,,
2023-01-02 13:00:00+00:00,1.0999508091,1.1000299356,1.0998741149,1.0999532415,0.0000000000,-0.0001968685,,,,,False,,FLAT,FLAT,,,,,,
2023-01-02 14:00:00+00:00,1.0999532415,1.1000083853,1.0997388833,1.0997940271,0.0000000000,-0.0003678122,,,,,False,,FLAT,FLAT,,,,,,
2023-01-02 15:00:00+00:00,1.0997940271,1.0998862778,1.0996985225,1.0997907732,0.0000000000,-0.0003368995,,,,,False,,FLAT,FLAT,,,,,,
2023-01-02 16:00:00+00:00,1.0997907732,1.0999077407,1.0996944019,1.0998113695,0.0000000000,-0.0001764359,,,,,False,,FLAT,FLAT,,,,,,
2023-01-02 17:00:00+00:00,1.0998113695,1.0999112201,1.0997174339,1.0998172845,0.0000000000,-0.0001213914,,,,,False,,FLAT,FLAT,,,,,,
2023-01-02 18:00:00+00:00,1.0998172845,1.0999484444,1.0997246191,1.0998557790,0.0000000000,-0.0000886061,,,,,False,,FLAT,FLAT,,,,,,
2023-01-02 19:00:00+00:00,1.0998557790,1.1000873934,1.0997710049,1.1000026192,0.0000000000,0.0001896647,,,,,False,,FLAT,FLAT,,,,,,
2023-01-02 20:00:00+00:00,1.1000026192,1.1002101854,1.0999070652,1.1001146314,0.0000000000,0.0002944725,0.0000889069,,,,False,,FLAT,FLAT,,,,,,
2023-01-02 21:00:00+00:00,1.1001146314,1.1002462570,1.1000099364,1.1001415621,0.0000000000,0.0003002266,0.0000372697,,,,False,,FLAT,FLAT,,,,,,
2023-01-02 22:00:00+00:00,1.1001415621,1.1002330306,1.0999732152,1.1000646837,0.0000000000,0.0002249457,0.0001698686,,,,False,,FLAT,FLAT,,,,,,
2023-01-02 23:00:00+00:00,1.1000646837,1.1002372465,1.0999865099,1.1001590728,0.0000000000,0.0002757577,0.0001832237,,,,False,,FLAT,FLAT,,,,,,
2023-01-03 00:00:00+00:00,1.1001590728,1.1002319626,1.1000953465,1.1001682363,0.0000000000,0.0001505606,0.0002856291,,,,False,,FLAT,FLAT,,,,,,
2023-01-03 01:00:00+00:00,1.1001682363,1.1002519031,1.0999634357,1.1000471025,0.0000000000,-0.0000613835,0.0001730096,,,,False,,FLAT,FLAT,,,,,,
2023-01-03 02:00:00+00:00,1.1000471025,1.1001205930,1.0999374841,1.1000109746,0.0000000000,-0.0001187007,0.0000348623,,,,False,,FLAT,FLAT,,,,,,
2023-01-03 03:00:00+00:00,1.1000109746,1.1000954995,1.0999316050,1.1000161300,0.0000000000,-0.0000441371,-0.0002239873,,,,False,,FLAT,FLAT,,,,,,
2023-01-03 04:00:00+00:00,1.1000161300,1.1001713246,1.0999392994,1.1000944939,0.0000000000,-0.0000586995,-0.0000684770,,,,False,,FLAT,FLAT,,,,,,
2023-01-03 05:00:00+00:00,1.1000944939,1.1003717529,1.0999841023,1.1002613613,0.0000000000,0.0000846462,0.0000569604,,,,False,,FLAT,FLAT,,,,,,
2023-01-03 06:00:00+00:00,1.1002613613,1.1003539318,1.1000433379,1.1001359084,0.0000000000,0.0000807292,-0.0000231862,,,,False,,FLAT,FLAT,,,,,,
2023-01-03 07:00:00+00:00,1.1001359084,1.1004340602,1.1000119320,1.1003100838,0.0000000000,0.0002719148,0.0002769386,,,,False,,FLAT,FLAT,,,,,,
2023-01-03 08:00:00+00:00,1.1003100838,1.1004101559,1.1002262833,1.1003263554,0.0000000000,0.0002820189,0.0003414210,,,,False,,FLAT,FLAT,,,,,,
2023-01-03 09:00:00+00:00,1.1003263554,1.1004490069,1.0999541095,1.1000767610,0.0000000000,-0.0000161195,0.0001122952,,,,False,,FLAT,FLAT,,,,,,
2023-01-03 10:00:00+00:00,1.1000767610,1.1003249869,1.1000488860,1.1002971119,0.0000000000,0.0000324928,0.0004574354,,,,False,,FLAT,FLAT,,,,,,
2023-01-03 11:00:00+00:00,1.1002971119,1.1003302382,1.1002413639,1.1002744902,0.0000000000,0.0001259679,0.0004398264,,,,False,,FLAT,FLAT,,,,,,
2023-01-03 12:00:00+00:00,1.1002744902,1.1003878995,1.1001252306,1.1002386399,0.0000000000,-0.0000649307,0.0003884943,,,,False,,FLAT,FLAT,,,,,,
2023-01-03 13:00:00+00:00,1.1002386399,1.1003361482,1.1000514980,1.1001490063,0.0000000000,-0.0001611787,0.0003016153,,,,False,,FLAT,FLAT,,,,,,
2023-01-03 14:00:00+00:00,1.1001490063,1.1002961150,1.1000631887,1.1002102975,0.0000000000,0.0001213883,0.0003223318,,,,False,,FLAT,FLAT,,,,,,
2023-01-03 15:00:00+00:00,1.1002102975,1.1003548879,1.1001255894,1.1002701798,0.0000000000,-0.0000244771,0.0002432363,,,,False,,FLAT,FLAT,,,,,,
2023-01-03 16:00:00+00:00,1.1002701798,1.1003700248,1.1001183287,1.1002181737,0.0000000000,-0.0000511840,0.0000941196,,,,False,,FLAT,FLAT,,,,,,
2023-01-03 17:00:00+00:00,1.1002181737,1.1005055966,1.1001399147,1.1004273376,0.0000000000,0.0001715062,0.0002597625,,,,False,,FLAT,FLAT,,,,,,
2023-01-03 18:00:00+00:00,1.1004273376,1.1007167932,1.1003658160,1.1006552716,0.0000000000,0.0004601789,0.0005368665,,,,False,,FLAT,FLAT,,,,,,
2023-01-03 19:00:00+00:00,1.1006552716,1.1007835477,1.1005604107,1.1006886869,0.0000000000,0.0004348163,0.0004813978,,,,False,,FLAT,FLAT,,,,,,
2023-01-03 20:00:00+00:00,1.1006886869,1.1007582306,1.1005579979,1.1006275416,0.0000000000,0.0003247946,0.0004174865,,,,False,,FLAT,FLAT,,,,,,
2023-01-03 21:00:00+00:00,1.1006275416,1.1009379834,1.1005122263,1.1008226680,0.0000000000,0.0005494313,0.0007050294,,,,False,,FLAT,FLAT,,,,,,
2023-01-03 22:00:00+00:00,1.1008226680,1.1012429987,1.1007318463,1.1011521770,0.0000000000,0.0006586890,0.0010374464,,,,False,,FLAT,FLAT,,,,,,
2023-01-03 23:00:00+00:00,1.1011521770,1.1013121983,1.1010607263,1.1012207476,0.0000000000,0.0005137630,0.0010950908,,,,False,,FLAT,FLAT,,,,,,
2023-01-04 00:00:00+00:00,1.1012207476,1.1013483037,1.1010419162,1.1011694723,0.0000000000,0.0004368042,0.0009771691,,,,False,,FLAT,FLAT,,,,,,
2023-01-04 01:00:00+00:00,1.1011694723,1.1015539784,1.1010864815,1.1014709876,0.0000000000,0.0007663318,0.0010993990,,,,False,,FLAT,FLAT,,,,,,
2023-01-04 02:00:00+00:00,1.1014709876,1.1015209960,1.1013894116,1.1014394201,0.0000000000,0.0005602647,0.0011848642,,,,False,,FLAT,FLAT,,,,,,
2023-01-04 03:00:00+00:00,1.1014394201,1.1015213691,1.1012952840,1.1013772330,0.0000000000,0.0002043823,0.0009698622,,,,False,,FLAT,FLAT,,,,,,
2023-01-04 04:00:00+00:00,1.1013772330,1.1014537725,1.1012755365,1.1013520760,0.0000000000,0.0001192572,0.0009321967,,,,False,,FLAT,FLAT,,,,,,
2023-01-04 05:00:00+00:00,1.1013520760,1.1014996512,1.1012487886,1.1013963637,0.0000000000,0.0002060458,0.0011995551,,,,False,,FLAT,FLAT,,,,,,
2023-01-04 06:00:00+00:00,1.1013963637,1.1014971742,1.1012401270,1.1013409375,0.0000000000,-0.0001180694,0.0009486762,,,,False,,FLAT,FLAT,,,,,,
2023-01-04 07:00:00+00:00,1.1013409375,1.1014382485,1.1011496193,1.1012469304,0.0000000000,-0.0001747620,0.0008838160,,,,False,,FLAT,FLAT,,,,,,
2023-01-04 08:00:00+00:00,1.1012469304,1.1013376785,1.1010132527,1.1011040009,0.0000000000,-0.0002480822,0.0007865212,,,,False,,FLAT,FLAT,,,,,,
2023-01-04 09:00:00+00:00,1.1011040009,1.1011852191,1.1009956312,1.1010768493,0.0000000000,-0.0002498989,0.0008433795,,,,False,,FLAT,FLAT,,,,,,
2023-01-04 10:00:00+00:00,1.1010768493,1.1011501996,1.1009525082,1.1010258585,0.0000000000,-0.0003363959,0.0007412774,,,,False,,FLAT,FLAT,,,,,,
2023-01-04 11:00:00+00:00,1.1010258585,1.1010848114,1.1007841765,1.1008431294,0.0000000000,-0.0004520019,0.0005207353,,,,False,,FLAT,FLAT,,,,,,
2023-01-04 12:00:00+00:00,1.1008431294,1.1009729363,1.1007248596,1.1008546665,0.0000000000,-0.0003561997,0.0005785151,,,,False,,FLAT,FLAT,,,,,,
2023-01-04 13:00:00+00:00,1.1008546665,1.1010038717,1.1007641742,1.1009133794,0.0000000000,-0.0001731185,0.0004416846,,,,False,,FLAT,FLAT,,,,,,
2023-01-04 14:00:00+00:00,1.1009133794,1.1010093892,1.1006415708,1.1007375807,0.0000000000,-0.0003081244,0.0000747819,,,,False,,FLAT,FLAT,,,,,,
2023-01-04 15:00:00+00:00,1.1007375807,1.1007440163,1.1005905867,1.1005970223,0.0000000000,-0.0003894879,-0.0000832793,,,,False,,FLAT,FLAT,,,,,,
2023-01-04 16:00:00+00:00,1.1005970223,1.1007105387,1.1003822421,1.1004957585,0.0000000000,-0.0003155498,-0.0001197345,,,,False,,FLAT,FLAT,,,,,,
2023-01-04 17:00:00+00:00,1.1004957585,1.1007803591,1.1003759508,1.1006605514,0.0000000000,-0.0001763313,-0.0001472686,,,,False,,FLAT,FLAT,,,,,,
2023-01-04 18:00:00+00:00,1.1006605514,1.1006891615,1.1004239339,1.1004525441,0.0000000000,-0.0004185936,-0.0006353644,,,,False,,FLAT,FLAT,,,,,,
2023-01-04 19:00:00+00:00,1.1004525441,1.1005846736,1.1003305083,1.1004626378,0.0000000000,-0.0002497806,-0.0006884267,,,,False,,FLAT,FLAT,,,,,,
2023-01-04 20:00:00+00:00,1.1004626378,1.1007065773,1.1003861168,1.1006300563,0.0000000000,0.0000300147,-0.0004898574,,,,False,,FLAT,FLAT,,,,,,
2023-01-04 21:00:00+00:00,1.1006300563,1.1008218435,1.1005324278,1.1007242150,0.0000000000,0.0002075941,-0.0006779775,,,,False,,FLAT,FLAT,,,,,,
2023-01-04 22:00:00+00:00,1.1007242150,1.1008162044,1.1005018659,1.1005938554,0.0000000000,-0.0000605964,-0.0007676907,,,,False,,FLAT,FLAT,,,,,,
2023-01-04 23:00:00+00:00,1.1005938554,1.1006504273,1.1004068270,1.1004633990,0.0000000000,0.0000098640,-0.0008297193,,,,False,,FLAT,FLAT,,,,,,
2023-01-05 00:00:00+00:00,1.1004633990,1.1006899271,1.1003463657,1.1005728938,0.0000000000,0.0001001906,-0.0007074779,,,,False,,FLAT,FLAT,,,,,,
2023-01-05 01:00:00+00:00,1.1005728938,1.1006438963,1.1003411397,1.1004121422,0.0000000000,-0.0001979904,-0.0008936125,,,,False,,FLAT,FLAT,,,,,,
2023-01-05 02:00:00+00:00,1.1004121422,1.1005306218,1.1001218466,1.1002403262,0.0000000000,-0.0004396094,-0.0009993375,,,,False,,FLAT,FLAT,,,,,,
2023-01-05 03:00:00+00:00,1.1002403262,1.1003259966,1.1000122728,1.1000979432,0.0000000000,-0.0004505860,-0.0010433511,,,,False,,FLAT,FLAT,,,,,,
2023-01-05 04:00:00+00:00,1.1000979432,1.1002207473,1.0998108100,1.0999336142,0.0000000000,-0.0004814198,-0.0010629212,,,,False,,FLAT,FLAT,,,,,,
2023-01-05 05:00:00+00:00,1.0999336142,1.1000675938,1.0998518341,1.0999858137,0.0000000000,-0.0005334314,-0.0009908806,,,,False,,FLAT,FLAT,,,,,,
2023-01-05 06:00:00+00:00,1.0999858137,1.1000949499,1.0999063234,1.1000154595,0.0000000000,-0.0003604855,-0.0009176887,,,,False,,FLAT,FLAT,,,,,,
2023-01-05 07:00:00+00:00,1.1000154595,1.1001013319,1.0998648287,1.0999507011,0.0000000000,-0.0002632380,-0.0008106770,,,,False,,FLAT,FLAT,,,,,,
2023-01-05 08:00:00+00:00,1.0999507011,1.1000084260,1.0998130799,1.0998708048,0.0000000000,-0.0002064711,-0.0008937254,,,,False,,FLAT,FLAT,,,,,,
2023-01-05 09:00:00+00:00,1.0998708048,1.0999620212,1.0998015735,1.0998927899,0.0000000000,-0.0000371152,-0.0009270389,,,,False,,FLAT,FLAT,,,,,,
2023-01-05 10:00:00+00:00,1.0998927899,1.1000810221,1.0998207987,1.1000090309,0.0000000000,0.0000211068,-0.0006618742,,,,False,,FLAT,FLAT,,,,,,
2023-01-05 11:00:00+00:00,1.1000090309,1.1001567668,1.0996199464,1.0997676822,0.0000000000,-0.0002252489,-0.0007535365,,,,False,,FLAT,FLAT,,,,,,
2023-01-05 12:00:00+00:00,1.0997676822,1.0997919812,1.0997520764,1.0997763754,0.0000000000,-0.0001584850,-0.0006536900,,,,False,,FLAT,FLAT,,,,,,
2023-01-05 13:00:00+00:00,1.0997763754,1.0997804720,1.0996655963,1.0996696929,0.0000000000,-0.0001828505,-0.0009002399,,,,False,,FLAT,FLAT,,,,,,
2023-01-05 14:00:00+00:00,1.0996696929,1.0997828189,1.0993998622,1.0995129882,0.0000000000,-0.0003453079,-0.0008537905,,,,False,,FLAT,FLAT,,,,,,
2023-01-05 15:00:00+00:00,1.0995129882,1.0996202929,1.0992668334,1.0993741381,0.0000000000,-0.0005771706,-0.0009891291,,,,False,,FLAT,FLAT,,,,,,
2023-01-05 16:00:00+00:00,1.0993741381,1.0995165721,1.0993233306,1.0994657646,0.0000000000,-0.0002745286,-0.0010578411,,,,False,,FLAT,FLAT,,,,,,
2023-01-05 17:00:00+00:00,1.0994657646,1.0995566548,1.0993405676,1.0994314578,0.0000000000,-0.0003136252,-0.0011744605,,,,False,,FLAT,FLAT,,,,,,
2023-01-05 18:00:00+00:00,1.0994314578,1.0995184338,1.0993558695,1.0994428455,0.0000000000,-0.0002062868,-0.0010458080,,,,False,,FLAT,FLAT,,,,,,
2023-01-05 19:00:00+00:00,1.0994428455,1.0995622841,1.0993383270,1.0994577655,0.0000000000,-0.0000502246,-0.0009138273,,,,False,,FLAT,FLAT,,,,,,
2023-01-05 20:00:00+00:00,1.0994577655,1.0996711291,1.0993724652,1.0995858287,0.0000000000,0.0001925556,-0.0008968648,,,,False,,FLAT,FLAT,,,,,,
2023-01-05 21:00:00+00:00,1.0995858287,1.0997516310,1.0995099328,1.0996757350,0.0000000000,0.0001909750,-0.0006692103,,,,False,,FLAT,FLAT,,,,,,
2023-01-05 22:00:00+00:00,1.0996757350,1.0997827950,1.0996361101,1.0997431700,0.0000000000,0.0002835213,-0.0004518614,,,,False,,FLAT,FLAT,,,,,,
2023-01-05 23:00:00+00:00,1.0997431700,1.1000945205,1.0996301655,1.0999815160,0.0000000000,0.0004899486,-0.0001058335,,,,False,,FLAT,FLAT,,,,,,
2023-01-06 00:00:00+00:00,1.0999815160,1.1000330432,1.0998575431,1.0999090703,0.0000000000,0.0004104794,-0.0000223140,,,,False,,FLAT,FLAT,,,,,,
2023-01-06 01:00:00+00:00,1.0999090703,1.1000592764,1.0998573947,1.1000076008,0.0000000000,0.0003835736,0.0000198067,,,,False,,FLAT,FLAT,,,,,,
2023-01-06 02:00:00+00:00,1.1000076008,1.1001595396,1.0999343934,1.1000863322,0.0000000000,0.0003733802,0.0000644288,,,,False,,FLAT,FLAT,,,,,,
2023-01-06 03:00:00+00:00,1.1000863322,1.1001427544,1.0999215338,1.0999779560,0.0000000000,0.0002134916,0.0000247782,,,,False,,FLAT,FLAT,,,,,,
2023-01-06 04:00:00+00:00,1.0999779560,1.1003243997,1.0999059721,1.1002524158,0.0000000000,0.0002462767,0.0003469599,60.5130306729,0.0002622261,,False,,FLAT,FLAT,,,,,,
2023-01-06 05:00:00+00:00,1.1002524158,1.1004713890,1.1002027324,1.1004217056,0.0000000000,0.0004660706,0.0004808793,64.6344962671,0.0002626854,,False,,FLAT,FLAT,,,,,,
2023-01-06 06:00:00+00:00,1.1004217056,1.1006480868,1.1003413497,1.1005677310,0.0000000000,0.0005092057,0.0005079050,67.7603631848,0.0002658320,,False,,FLAT,FLAT,,,,,,
2023-01-06 07:00:00+00:00,1.1005677310,1.1007025453,1.1000679404,1.1002027547,0.0000000000,0.0001058304,0.0003956040,54.7377428729,0.0002921729,,False,,FLAT,FLAT,,,,,,
2023-01-06 08:00:00+00:00,1.1002027547,1.1003654420,1.1000814655,1.1002441528,0.0000000000,0.0002420020,0.0004253386,55.7759433697,0.0002915874,,False,,FLAT,FLAT,,,,,,
2023-01-06 09:00:00+00:00,1.1002441528,1.1005430831,1.1001667755,1.1004657058,0.0000000000,0.0001938555,0.0007238655,60.9396719298,0.0002976389,,False,,FLAT,FLAT,,,,,,
2023-01-06 10:00:00+00:00,1.1004657058,1.1006889708,1.1004086953,1.1006319602,0.0000000000,0.0001910673,0.0010176979,64.3075845848,0.0002963986,,False,,FLAT,FLAT,,,,,,
2023-01-06 11:00:00+00:00,1.1006319602,1.1007304969,1.1005300861,1.1006286228,0.0000000000,0.0000553277,0.0011410899,64.1879386147,0.0002895424,,False,,FLAT,FLAT,,,,,,
2023-01-06 12:00:00+00:00,1.1006286228,1.1006753644,1.1004468477,1.1004935892,0.0000000000,0.0002643463,0.0009348400,59.3745126382,0.0002851834,,False,,FLAT,FLAT,,,,,,
2023-01-06 13:00:00+00:00,1.1004935892,1.1005734881,1.1003177283,1.1003976272,0.0000000000,0.0001394913,0.0008787901,56.1519050606,0.0002830817,,False,,FLAT,FLAT,,,,,,
2023-01-06 14:00:00+00:00,1.1003976272,1.1005210167,1.1002187543,1.1003421438,0.0000000000,-0.0001122816,0.0008179582,54.3162705767,0.0002844517,,False,,FLAT,FLAT,,,,,,
2023-01-06 15:00:00+00:00,1.1003421438,1.1004437943,1.1002527437,1.1003543942,0.0000000000,-0.0002521878,0.0008155190,54.6686355132,0.0002777802,,False,,FLAT,FLAT,,,,,,
2023-01-06 16:00:00+00:00,1.1003543942,1.1004684881,1.1002305821,1.1003446760,0.0000000000,-0.0002579860,0.0006901210,54.3107550465,0.0002749321,,False,,FLAT,FLAT,,,,,,
2023-01-06 17:00:00+00:00,1.1003446760,1.1004591849,1.1000176665,1.1001321754,0.0000000000,-0.0003284106,0.0004150682,47.0567301152,0.0002868311,,False,,FLAT,FLAT,,,,,,
2023-01-06 18:00:00+00:00,1.1001321754,1.1002745492,1.1000594677,1.1002018415,0.0000000000,-0.0001779228,0.0004170714,49.4409054675,0.0002817061,,False,,FLAT,FLAT,,,,,,
2023-01-06 19:00:00+00:00,1.1002018415,1.1003436578,1.1001303033,1.1002721196,0.0000000000,-0.0000636386,0.0002641895,51.7990319870,0.0002768239,,False,,FLAT,FLAT,,,,,,
2023-01-06 20:00:00+00:00,1.1002721196,1.1004460334,1.1002007164,1.1003746301,0.0000000000,0.0000183904,0.0004232712,55.0894357660,0.0002745734,,False,,FLAT,FLAT,,,,,,
2023-01-06 21:00:00+00:00,1.1003746301,1.1004737375,1.1001407591,1.1002398665,0.0000000000,-0.0000952515,0.0002111492,50.2344895509,0.0002787452,,False,,FLAT,FLAT,,,,,,
2023-01-08 22:00:00+00:00,1.1002398665,1.1004554903,1.1001249436,1.1003405674,0.0000000000,0.0001894245,0.0002311048,53.5300817549,0.0002824453,,False,,FLAT,FLAT,,,,,,
2023-01-08 23:00:00+00:00,1.1003405674,1.1004558958,1.1001112385,1.1002265669,0.0000000000,0.0000224736,0.0002260145,49.5311726930,0.0002868890,,False,,FLAT,FLAT,,,,,,
2023-01-09 00:00:00+00:00,1.1002265669,1.1003306508,1.1001031611,1.1002072450,0.0000000000,-0.0000589623,-0.0000410550,48.8648746540,0.0002826462,,False,,FLAT,FLAT,,,,,,
2023-01-09 01:00:00+00:00,1.1002072450,1.1002852331,1.1001248963,1.1002028844,0.0000000000,-0.0001560794,-0.0001988521,48.7056350148,0.0002739098,,False,,FLAT,FLAT,,,,,,
2023-01-09 02:00:00+00:00,1.1002028844,1.1003130461,1.1001266700,1.1002368317,0.0000000000,-0.0000027583,-0.0003006623,50.0697792068,0.0002676574,,False,,FLAT,FLAT,,,,,,
2023-01-09 03:00:00+00:00,1.1002368317,1.1002871767,1.1002355009,1.1002858459,0.0000000000,-0.0000497314,0.0000755235,52.0524849443,0.0002522301,,False,,FLAT,FLAT,,,,,,
2023-01-09 04:00:00+00:00,1.1002858459,1.1003932884,1.1001908430,1.1002982855,0.0000000000,0.0000651853,0.0000492006,52.5672868956,0.0002486741,,False,,FLAT,FLAT,,,,,,
2023-01-09 05:00:00+00:00,1.1002982855,1.1003502281,1.1002392205,1.1002911631,0.0000000000,0.0000762748,-0.0001586080,52.2215645654,0.0002388408,,False,,FLAT,FLAT,,,,,,
2023-01-09 06:00:00+00:00,1.1002911631,1.1004576195,1.1002254063,1.1003918627,0.0000000000,0.0001717668,-0.0002181451,56.5705214726,0.0002383674,,False,,FLAT,FLAT,,,,,,
2023-01-09 07:00:00+00:00,1.1003918627,1.1004230367,1.1003084583,1.1003396323,0.0000000000,0.0000934349,-0.0002625686,53.8334498707,0.0002295253,,False,,FLAT,FLAT,,,,,,
2023-01-09 08:00:00+00:00,1.1003396323,1.1004139311,1.1001825320,1.1002568308,0.0000000000,-0.0000263705,-0.0002151384,49.7259467201,0.0002296591,,False,,FLAT,FLAT,,,,,,
2023-01-09 09:00:00+00:00,1.1002568308,1.1004196566,1.1001214187,1.1002842445,0.0000000000,-0.0000127611,-0.0001030380,51.0574016610,0.0002345576,,False,,FLAT,FLAT,,,,,,
2023-01-09 10:00:00+00:00,1.1002842445,1.1003451419,1.1001788445,1.1002397419,0.0000000000,-0.0000467342,-0.0000930637,48.7980307328,0.0002296819,,False,,FLAT,FLAT,,,,,,
2023-01-09 11:00:00+00:00,1.1002397419,1.1003636319,1.1001084567,1.1002323467,0.0000000000,-0.0001449629,-0.0001109166,48.4146271002,0.0002315029,,False,,FLAT,FLAT,,,,,,
2023-01-09 12:00:00+00:00,1.1002323467,1.1002921556,1.1001463764,1.1002061853,0.0000000000,-0.0001212780,-0.0001258612,47.0075578465,0.0002253797,,False,,FLAT,FLAT,,,,,,
2023-01-09 13:00:00+00:00,1.1002061853,1.1003576092,1.1001267404,1.1002781643,0.0000000000,0.0000193896,0.0001327012,51.2090920953,0.0002257718,,False,,FLAT,FLAT,,,,,,
2023-01-09 14:00:00+00:00,1.1002781643,1.1003430582,1.1001388137,1.1002037075,0.0000000000,-0.0000731965,0.0000016961,47.0531821019,0.0002242342,,False,,FLAT,FLAT,,,,,,
2023-01-09 15:00:00+00:00,1.1002037075,1.1003043903,1.0999242660,1.1000249488,0.0000000000,-0.0001952239,-0.0002246452,38.8924036746,0.0002353692,,False,,FLAT,FLAT,,,,,,
2023-01-09 16:00:00+00:00,1.1000249488,1.1000471807,1.0999017717,1.0999240036,0.0000000000,-0.0002802527,-0.0004095210,35.1816523455,0.0002289434,,False,,FLAT,FLAT,,,,,,
2023-01-09 17:00:00+00:00,1.0999240036,1.1001248320,1.0998858149,1.1000866433,0.0000000000,-0.0001086542,-0.0001392634,44.3880703334,0.0002296630,,False,,FLAT,FLAT,,,,,,
2023-01-09 18:00:00+00:00,1.1000866433,1.1001706657,1.1000240472,1.1001080696,0.0000000000,-0.0001545925,-0.0002112963,45.4865723289,0.0002237312,,False,,FLAT,FLAT,,,,,,
2023-01-09 19:00:00+00:00,1.1001080696,1.1001424351,1.0999766953,1.1000110608,0.0000000000,-0.0001751010,-0.0001958743,41.4905210260,0.0002195890,,False,,FLAT,FLAT,,,,,,
2023-01-09 20:00:00+00:00,1.1000110608,1.1003234877,1.0998955514,1.1002079784,0.0000000000,0.0001663867,0.0000006666,50.9167711774,0.0002344709,,False,,FLAT,FLAT,,,,,,
2023-01-09 21:00:00+00:00,1.1002079784,1.1005093250,1.1001273896,1.1004287362,0.0000000000,0.0004588795,0.0002052820,58.9091224811,0.0002450041,,False,,FLAT,FLAT,,,,,,
2023-01-09 22:00:00+00:00,1.1004287362,1.1005198552,1.1002389325,1.1003300514,0.0000000000,0.0002212627,0.0000847270,54.6269231865,0.0002475697,,False,,FLAT,FLAT,,,,,,
2023-01-09 23:00:00+00:00,1.1003300514,1.1004734770,1.1002764752,1.1004199007,0.0000000000,0.0002834550,0.0001218363,57.6456990087,0.0002439577,,False,,FLAT,FLAT,,,,,,
2023-01-10 00:00:00+00:00,1.1004199007,1.1005965638,1.1003481326,1.1005247957,0.0000000000,0.0004670270,0.0002058625,60.9150878781,0.0002442773,,False,,FLAT,FLAT,,,,,,
2023-01-10 01:00:00+00:00,1.1005247957,1.1006233514,1.1004648625,1.1005634182,0.0000000000,0.0003230661,0.0002474392,62.0758831327,0.0002381495,,False,,FLAT,FLAT,,,,,,
2023-01-10 02:00:00+00:00,1.1005634182,1.1006545232,1.1005259241,1.1006170290,0.0000000000,0.0001711086,0.0002046237,63.6879850197,0.0002303245,,False,,FLAT,FLAT,,,,,,
2023-01-10 03:00:00+00:00,1.1006170290,1.1007007990,1.1005466900,1.1006304600,0.0000000000,0.0002730168,0.0002643073,64.0997190909,0.0002248805,,False,,FLAT,FLAT,,,,,,
2023-01-10 04:00:00+00:00,1.1006304600,1.1007547803,1.1005677185,1.1006920388,0.0000000000,0.0002473039,0.0003955513,66.0030432315,0.0002221792,,False,,FLAT,FLAT,,,,,,
2023-01-10 05:00:00+00:00,1.1006920388,1.1007427959,1.1005660137,1.1006167708,0.0000000000,0.0000835739,0.0003022186,61.6973257890,0.0002189366,,False,,FLAT,FLAT,,,,,,
2023-01-10 06:00:00+00:00,1.1006167708,1.1007077110,1.1004699218,1.1005608620,0.0000000000,-0.0000023227,0.0002918638,58.6374034762,0.0002202832,,False,,FLAT,FLAT,,,,,,
2023-01-10 07:00:00+00:00,1.1005608620,1.1006603168,1.1005230193,1.1006224742,0.0000000000,0.0000049473,0.0003545864,60.9366453443,0.0002143556,,False,,FLAT,FLAT,,,,,,
2023-01-10 08:00:00+00:00,1.1006224742,1.1006848522,1.1005421988,1.1006045768,0.0000000000,-0.0000235168,0.0003621062,59.8951060894,0.0002092340,,False,,FLAT,FLAT,,,,,,
2023-01-10 09:00:00+00:00,1.1006045768,1.1006993659,1.1005349337,1.1006297228,0.0000000000,-0.0000566153,0.0003195178,60.9061495287,0.0002060339,,False,,FLAT,FLAT,,,,,,
2023-01-10 10:00:00+00:00,1.1006297228,1.1008300549,1.1005448532,1.1007451853,0.0000000000,0.0001166750,0.0004921613,65.2394260993,0.0002116887,,False,,FLAT,FLAT,,,,,,
2023-01-10 11:00:00+00:00,1.1007451853,1.1007541839,1.1007280907,1.1007370894,0.0000000000,0.0001601250,0.0006473858,64.6979143694,0.0001984319,,False,,FLAT,FLAT,,,,,,
2023-01-10 12:00:00+00:00,1.1007370894,1.1007900834,1.1005017228,1.1005547169,0.0000000000,-0.0000615626,0.0005734154,53.8538419765,0.0002048554,,False,,FLAT,FLAT,,,,,,
2023-01-10 13:00:00+00:00,1.1005547169,1.1006378456,1.1003904346,1.1004735632,0.0000000000,-0.0001190378,0.0003517177,49.8497946185,0.0002078951,,False,,FLAT,FLAT,,,,,,
2023-01-10 14:00:00+00:00,1.1004735632,1.1005566782,1.1003910401,1.1004741551,0.0000000000,-0.0001413442,0.0003327723,49.8790641570,0.0002048767,,False,,FLAT,FLAT,,,,,,
2023-01-10 15:00:00+00:00,1.1004741551,1.1005683724,1.1003864925,1.1004807098,0.0000000000,-0.0002402695,0.0004269493,50.2255182197,0.0002032341,,False,,FLAT,FLAT,,,,,,
2023-01-10 16:00:00+00:00,1.1004807098,1.1005640949,1.1003832811,1.1004666662,0.0000000000,-0.0002456746,0.0002351264,49.4370377975,0.0002016326,,False,,FLAT,FLAT,,,,,,
2023-01-10 17:00:00+00:00,1.1004666662,1.1005882978,1.1003993282,1.1005209597,0.0000000000,-0.0000306729,0.0000838068,52.5391523601,0.0002007281,,False,,FLAT,FLAT,,,,,,
2023-01-10 18:00:00+00:00,1.1005209597,1.1006041015,1.1003802463,1.1004633881,0.0000000000,-0.0000092461,0.0001211788,49.0992546634,0.0002023801,,False,,FLAT,FLAT,,,,,,
2023-01-10 19:00:00+00:00,1.1004633881,1.1006042728,1.1004318648,1.1005727495,0.0000000000,0.0000895926,0.0001389004,55.1115195403,0.0002002392,,False,,FLAT,FLAT,,,,,,
2023-01-10 20:00:00+00:00,1.1005727495,1.1007651545,1.1005058655,1.1006982704,0.0000000000,0.0001976960,0.0001576291,60.8302725544,0.0002044570,,False,,FLAT,FLAT,,,,,,
2023-01-10 21:00:00+00:00,1.1006982704,1.1007897928,1.1005432145,1.1006347369,0.0000000000,0.0001527267,0.0000648019,56.8802494584,0.0002074657,,False,,FLAT,FLAT,,,,,,
2023-01-10 22:00:00+00:00,1.1006347369,1.1007394703,1.1005501564,1.1006548898,0.0000000000,0.0001216970,0.0000343996,57.8159734180,0.0002061691,,False,,FLAT,FLAT,,,,,,
2023-01-10 23:00:00+00:00,1.1006548898,1.1008207669,1.1005421872,1.1007080644,0.0000000000,0.0002223393,0.0000705090,60.2660725105,0.0002113413,,False,,FLAT,FLAT,,,,,,
2023-01-11 00:00:00+00:00,1.1007080644,1.1009320208,1.1006731851,1.1008971415,0.0000000000,0.0002947483,0.0001863398,67.4954258736,0.0002147338,,False,,FLAT,FLAT,,,,,,
2023-01-11 01:00:00+00:00,1.1008971415,1.1010187819,1.1007953758,1.1009170162,0.0000000000,0.0001987337,0.0002727974,68.1513832550,0.0002153532,,False,,FLAT,FLAT,,,,,,
2023-01-11 02:00:00+00:00,1.1009170162,1.1009956829,1.1007699930,1.1008486597,0.0000000000,0.0001943631,0.0002615009,63.4115512354,0.0002160916,,False,,FLAT,FLAT,,,,,,
2023-01-11 03:00:00+00:00,1.1008486597,1.1009482236,1.1007807718,1.1008803358,0.0000000000,0.0002048289,0.0002342871,64.6388518430,0.0002126173,,False,,FLAT,FLAT,,,,,,
2023-01-11 04:00:00+00:00,1.1008803358,1.1009741097,1.1007589530,1.1008527269,0.0000000000,0.0001314267,0.0002254671,62.6657939623,0.0002127987,,False,,FLAT,FLAT,,,,,,
2023-01-11 05:00:00+00:00,1.1008527269,1.1010240893,1.1007814053,1.1009527677,0.0000000000,0.0000505281,0.0002935092,66.6394655602,0.0002149333,,False,,FLAT,FLAT,,,,,,
2023-01-11 06:00:00+00:00,1.1009527677,1.1009739238,1.1008840438,1.1009051999,0.0000000000,-0.0000107332,0.0001453693,63.1952496904,0.0002060010,,False,,FLAT,FLAT,,,,,,
2023-01-11 07:00:00+00:00,1.1009051999,1.1010229271,1.1007774132,1.1008951403,0.0000000000,0.0000422226,0.0001435865,62.4600425054,0.0002088233,,False,,FLAT,FLAT,,,,,,
2023-01-11 08:00:00+00:00,1.1008951403,1.1009838209,1.1007380536,1.1008267342,0.0000000000,-0.0000486898,0.0002471638,57.5563732810,0.0002114622,,False,,FLAT,FLAT,,,,,,
2023-01-11 09:00:00+00:00,1.1008267342,1.1009895901,1.1007958034,1.1009586593,0.0000000000,0.0000962276,0.0004408067,63.5067963747,0.0002101996,,False,,FLAT,FLAT,,,,,,
2023-01-11 10:00:00+00:00,1.1009586593,1.1010014476,1.1006910702,1.1007338585,0.0000000000,-0.0001988362,0.0002359923,50.5116331057,0.0002173552,,False,,FLAT,FLAT,,,,,,
2023-01-11 11:00:00+00:00,1.1007338585,1.1008024239,1.1006526019,1.1007211673,0.0000000000,-0.0001671648,0.0002185022,49.8909445165,0.0002125314,,False,,FLAT,FLAT,,,,,,
2023-01-11 12:00:00+00:00,1.1007211673,1.1008191649,1.1005565384,1.1006545361,0.0000000000,-0.0002185533,0.0001707183,46.6498537295,0.0002161096,,False,,FLAT,FLAT,,,,,,
2023-01-11 13:00:00+00:00,1.1006545361,1.1007996057,1.1005977624,1.1007428320,0.0000000000,-0.0000762174,0.0002016066,51.1762100146,0.0002150906,,False,,FLAT,FLAT,,,,,,
2023-01-11 14:00:00+00:00,1.1007428320,1.1009571376,1.1006660576,1.1008803631,0.0000000000,-0.0000711164,0.0003789086,57.2589992810,0.0002205184,,False,,FLAT,FLAT,,,,,,
2023-01-11 15:00:00+00:00,1.1008803631,1.1009571885,1.1007499381,1.1008267635,0.0000000000,0.0000844028,0.0002308016,54.4137178904,0.0002195707,,False,,FLAT,FLAT,,,,,,
2023-01-11 16:00:00+00:00,1.1008267635,1.1008867308,1.1005795221,1.1006394894,0.0000000000,-0.0000742039,-0.0000534034,45.8423713220,0.0002258306,,False,,FLAT,FLAT,,,,,,
2023-01-11 17:00:00+00:00,1.1006394894,1.1010067868,1.1005606269,1.1009279242,0.0000000000,0.0002483869,0.0002663803,57.0611546186,0.0002415684,,False,,FLAT,FLAT,,,,,,
2023-01-11 18:00:00+00:00,1.1009279242,1.1011402655,1.1008324740,1.1010448152,0.0000000000,0.0002743450,0.0003542668,60.6212838584,0.0002462986,,False,,FLAT,FLAT,,,,,,
2023-01-11 19:00:00+00:00,1.1010448152,1.1011482185,1.1009240476,1.1010274509,0.0000000000,0.0001336092,0.0002901646,59.8277220388,0.0002447180,,False,,FLAT,FLAT,,,,,,
2023-01-11 20:00:00+00:00,1.1010274509,1.1011255928,1.1009104192,1.1010085611,0.0000000000,0.0001651464,0.0001012080,58.9240714555,0.0002426077,,False,,FLAT,FLAT,,,,,,
2023-01-11 21:00:00+00:00,1.1010085611,1.1010776166,1.1007382251,1.1008072806,0.0000000000,0.0001524488,-0.0000996766,50.2197959861,0.0002495209,,False,,FLAT,FLAT,,,,,,
2023-01-11 22:00:00+00:00,1.1008072806,1.1009388458,1.1007052455,1.1008368107,0.0000000000,-0.0000827607,-0.0000107635,51.3551343611,0.0002483837,,False,,FLAT,FLAT,,,,,,
2023-01-11 23:00:00+00:00,1.1008368107,1.1009079509,1.1007782161,1.1008493563,0.0000000000,-0.0001775214,-0.0000281407,51.8574846773,0.0002399088,,False,,FLAT,FLAT,,,,,,
2023-01-12 00:00:00+00:00,1.1008493563,1.1008931364,1.1006108294,1.1006546095,0.0000000000,-0.0003386304,-0.0001799672,44.2229540177,0.0002429372,,False,,FLAT,FLAT,,,,,,
2023-01-12 01:00:00+00:00,1.1006546095,1.1007017058,1.1005118165,1.1005589128,0.0000000000,-0.0004083968,-0.0003577401,41.0266466718,0.0002391481,,False,,FLAT,FLAT,,,,,,
2023-01-12 02:00:00+00:00,1.1005589128,1.1006260396,1.1002778244,1.1003449513,0.0000000000,-0.0004199912,-0.0005088981,34.9451458597,0.0002469386,,False,,FLAT,FLAT,,,,,,
2023-01-12 03:00:00+00:00,1.1003449513,1.1005014188,1.1002927449,1.1004492125,0.0000000000,-0.0003520942,-0.0004050593,39.6404392144,0.0002442054,,False,,FLAT,FLAT,,,,,,
2023-01-12 04:00:00+00:00,1.1004492125,1.1005007397,1.1002659217,1.1003174488,0.0000000000,-0.0004831792,-0.0004626390,36.0948698490,0.0002435349,,False,,FLAT,FLAT,,,,,,
2023-01-12 05:00:00+00:00,1.1003174488,1.1004173416,1.1000334760,1.1001333688,0.0000000000,-0.0004735734,-0.0007496108,31.8137437905,0.0002535585,,False,,FLAT,FLAT,,,,,,
2023-01-12 06:00:00+00:00,1.1001333688,1.1001939930,1.0999460989,1.1000067230,0.0000000000,-0.0005017357,-0.0006605915,29.2438468921,0.0002531539,,False,,FLAT,FLAT,,,,,,
2023-01-12 07:00:00+00:00,1.1000067230,1.1000739628,1.0999632482,1.1000304880,0.0000000000,-0.0002857861,-0.0006274789,30.3803320299,0.0002429797,,False,,FLAT,FLAT,,,,,,
2023-01-12 08:00:00+00:00,1.1000304880,1.1001375694,1.0999621681,1.1000692495,0.0000000000,-0.0003452799,-0.0005317623,32.2906143626,0.0002381526,,False,,FLAT,FLAT,,,,,,
2023-01-12 09:00:00+00:00,1.1000692495,1.1001572281,1.0998841757,1.0999721543,0.0000000000,-0.0003138135,-0.0007001432,30.0652006121,0.0002406455,,False,,FLAT,FLAT,,,,,,
2023-01-12 10:00:00+00:00,1.0999721543,1.1000612143,1.0999002042,1.0999892641,0.0000000000,-0.0001309884,-0.0008094422,30.9680507495,0.0002349572,,False,,FLAT,FLAT,,,,,,
2023-01-12 11:00:00+00:00,1.0999892641,1.1001352993,1.0998878765,1.1000339116,0.0000000000,0.0000247168,-0.0007202331,33.3848095879,0.0002358476,,False,,FLAT,FLAT,,,,,,
2023-01-12 12:00:00+00:00,1.1000339116,1.1001622596,1.0999320913,1.1000604393,0.0000000000,0.0000272277,-0.0005261033,34.8443701659,0.0002354420,,False,,FLAT,FLAT,,,,,,
2023-01-12 13:00:00+00:00,1.1000604393,1.1001714190,1.0998965548,1.1000075345,0.0000000000,-0.0000561011,-0.0008360128,33.2783706562,0.0002382578,,False,,FLAT,FLAT,,,,,,
2023-01-12 14:00:00+00:00,1.1000075345,1.1001777058,1.0999092559,1.1000794273,0.0000000000,0.0000975233,-0.0008767926,37.3958989617,0.0002404144,,False,,FLAT,FLAT,,,,,,
2023-01-12 15:00:00+00:00,1.1000794273,1.1001631941,1.0997671200,1.0998508869,0.0000000000,-0.0001257987,-0.0010686055,30.8733687986,0.0002515330,,False,,FLAT,FLAT,,,,,,
2023-01-12 16:00:00+00:00,1.0998508869,1.0999348027,1.0996614154,1.0997453312,0.0000000000,-0.0002623378,-0.0011473389,28.4087618539,0.0002530940,,False,,FLAT,FLAT,,,,,,
2023-01-12 17:00:00+00:00,1.0997453312,1.0998666374,1.0996207662,1.0997420724,0.0000000000,-0.0002894086,-0.0009676609,28.3335606896,0.0002525781,,False,,FLAT,FLAT,,,,,,
2023-01-12 18:00:00+00:00,1.0997420724,1.0997951447,1.0996145602,1.0996676325,0.0000000000,-0.0003089997,-0.0010620813,26.6013162781,0.0002474357,,False,,FLAT,FLAT,,,,,,
2023-01-12 19:00:00+00:00,1.0996676325,1.0996968191,1.0996198249,1.0996490115,0.0000000000,-0.0003912588,-0.0010903806,26.1702960023,0.0002352613,,False,,FLAT,FLAT,,,,,,
2023-01-12 20:00:00+00:00,1.0996490115,1.0997765303,1.0994284765,1.0995559953,0.0000000000,-0.0002681196,-0.0009981462,24.0720839381,0.0002433179,,False,,FLAT,FLAT,,,,,,
2023-01-12 21:00:00+00:00,1.0995559953,1.0996448538,1.0992555016,1.0993443601,0.0000000000,-0.0003646036,-0.0011035781,20.1195686922,0.0002537489,,False,,FLAT,FLAT,,,,,,
2023-01-12 22:00:00+00:00,1.0993443601,1.0994422380,1.0992316469,1.0993295248,0.0000000000,-0.0003751312,-0.0009228256,19.8732366853,0.0002506662,,False,,FLAT,FLAT,,,,,,
2023-01-12 23:00:00+00:00,1.0993295248,1.0994341435,1.0992247484,1.0993293670,0.0000000000,-0.0003076070,-0.0010176257,19.8704508175,0.0002477183,,False,,FLAT,FLAT,,,,,,
2023-01-13 00:00:00+00:00,1.0993293670,1.0995250356,1.0992717107,1.0994673793,0.0000000000,-0.0001651729,-0.0007725675,29.2190946771,0.0002481187,,False,,FLAT,FLAT,,,,,,
2023-01-13 01:00:00+00:00,1.0994673793,1.0996037775,1.0992622745,1.0993986727,0.0000000000,-0.0001430783,-0.0006678246,27.4990525779,0.0002547890,,False,,FLAT,FLAT,,,,,,
2023-01-13 02:00:00+00:00,1.0993986727,1.0996011706,1.0993397011,1.0995421990,0.0000000000,0.0001799608,-0.0004222920,35.9776119495,0.0002552662,,False,,FLAT,FLAT,,,,,,
2023-01-13 03:00:00+00:00,1.0995421990,1.0996031375,1.0994078926,1.0994688311,0.0000000000,0.0001267194,-0.0005105830,33.8015370939,0.0002509790,,False,,FLAT,FLAT,,,,,,
2023-01-13 04:00:00+00:00,1.0994688311,1.0995580532,1.0993320290,1.0994212511,0.0000000000,0.0000835819,-0.0005890524,32.4315595329,0.0002491965,,False,,FLAT,FLAT,,,,,,
2023-01-13 05:00:00+00:00,1.0994212511,1.0995934716,1.0993297848,1.0995020054,0.0000000000,0.0000314935,-0.0004274190,37.0918107932,0.0002502315,,False,,FLAT,FLAT,,,,,,
2023-01-13 06:00:00+00:00,1.0995020054,1.0995857709,1.0994335437,1.0995173092,0.0000000000,0.0001079103,-0.0004290541,37.9650252844,0.0002432312,,False,,FLAT,FLAT,,,,,,
2023-01-13 07:00:00+00:00,1.0995173092,1.0997904506,1.0994060252,1.0996791666,0.0000000000,0.0001245678,-0.0003224855,46.4338219674,0.0002533165,,False,,FLAT,FLAT,,,,,,
2023-01-13 08:00:00+00:00,1.0996791666,1.0997871094,1.0995506621,1.0996586049,0.0000000000,0.0001726049,-0.0003652839,45.5824995780,0.0002521116,,False,,FLAT,FLAT,,,,,,
2023-01-13 09:00:00+00:00,1.0996586049,1.0997294959,1.0995633134,1.0996342043,0.0000000000,0.0001936958,-0.0003393887,44.5389212539,0.0002459738,,False,,FLAT,FLAT,,,,,,
2023-01-13 10:00:00+00:00,1.0996342043,1.0997880993,1.0995551434,1.0997090384,0.0000000000,0.0001882971,-0.0003366929,48.4378235794,0.0002450439,,False,,FLAT,FLAT,,,,,,
2023-01-13 11:00:00+00:00,1.0997090384,1.0998169843,1.0995323231,1.0996402691,0.0000000000,0.0001118308,-0.0001914967,45.2871104074,0.0002478737,,False,,FLAT,FLAT,,,,,,
2023-01-13 12:00:00+00:00,1.0996402691,1.0997342577,1.0995734470,1.0996674356,0.0000000000,-0.0000106676,-0.0000708306,46.7603847230,0.0002416549,,False,,FLAT,FLAT,,,,,,
2023-01-13 13:00:00+00:00,1.0996674356,1.0997680678,1.0996147386,1.0997153707,0.0000000000,0.0000516213,-0.0000242800,49.3519399944,0.0002353460,,False,,FLAT,FLAT,,,,,,
2023-01-13 14:00:00+00:00,1.0997153707,1.0998709514,1.0996186346,1.0997742153,0.0000000000,0.0001273250,0.0000969228,52.4141906754,0.0002365582,,False,,FLAT,FLAT,,,,,,
2023-01-13 15:00:00+00:00,1.0997742153,1.1000224872,1.0996932533,1.0999415253,0.0000000000,0.0002114076,0.0002660065,59.8476188776,0.0002431779,,False,,FLAT,FLAT,,,,,,
2023-01-13 16:00:00+00:00,1.0999415253,1.1000501681,1.0998730854,1.0999817282,0.0000000000,0.0003105189,0.0003871862,61.4076500849,0.0002384568,,False,,FLAT,FLAT,,,,,,
2023-01-13 17:00:00+00:00,1.0999817282,1.1001205741,1.0998491040,1.0999879498,0.0000000000,0.0002914647,0.0005854305,61.6559352909,0.0002408149,,False,,FLAT,FLAT,,,,,,
2023-01-13 18:00:00+00:00,1.0999879498,1.1000253383,1.0999236954,1.0999610838,0.0000000000,0.0002234334,0.0005744948,59.8648943067,0.0002308740,,False,,FLAT,FLAT,,,,,,
2023-01-13 19:00:00+00:00,1.0999610838,1.1000822437,1.0998233882,1.0999445481,0.0000000000,0.0001548798,0.0005595967,58.7339902316,0.0002328727,,False,,FLAT,FLAT,,,,,,
2023-01-13 20:00:00+00:00,1.0999445481,1.1002563219,1.0998159099,1.1001276838,0.0000000000,0.0001692440,0.0006005676,66.3220863182,0.0002476969,,False,,FLAT,FLAT,,,,,,
2023-01-13 21:00:00+00:00,1.1001276838,1.1002597513,1.1000487863,1.1001808539,0.0000000000,0.0001810263,0.0007114627,68.1530807787,0.0002450732,,False,,FLAT,FLAT,,,,,,
2023-01-15 22:00:00+00:00,1.1001808539,1.1002926215,1.1001310870,1.1002428546,0.0000000000,0.0002317342,0.0006372249,70.1884387135,0.0002391062,,False,,FLAT,FLAT,,,,,,
2023-01-15 23:00:00+00:00,1.1002428546,1.1005468074,1.1001597048,1.1004636576,0.0000000000,0.0004569014,0.0009048246,76.0571386934,0.0002496773,,False,,FLAT,FLAT,,,,,,
2023-01-16 00:00:00+00:00,1.1004636576,1.1005373751,1.1001058344,1.1001795520,0.0000000000,0.0002136506,0.0006897274,59.7565784072,0.0002626676,,False,,FLAT,FLAT,,,,,,
2023-01-16 01:00:00+00:00,1.1001795520,1.1003863750,1.1000751554,1.1002819784,0.0000000000,0.0001402516,0.0007093876,62.8480229522,0.0002661356,,False,,FLAT,FLAT,,,,,,
2023-01-16 02:00:00+00:00,1.1002819784,1.1003808710,1.1001367212,1.1002356138,0.0000000000,0.0000497736,0.0006532908,60.5794574147,0.0002645652,,False,,FLAT,FLAT,,,,,,
2023-01-16 03:00:00+00:00,1.1002356138,1.1003393280,1.1001464510,1.1002501653,0.0000000000,0.0000066446,0.0005192412,61.0545969535,0.0002594446,,False,,FLAT,FLAT,,,,,,
2023-01-16 04:00:00+00:00,1.1002501653,1.1004265402,1.1001808093,1.1003571843,0.0000000000,-0.0000967531,0.0006352693,64.4484667849,0.0002584650,,False,,FLAT,FLAT,,,,,,
2023-01-16 05:00:00+00:00,1.1003571843,1.1004043549,1.1002663556,1.1003135262,0.0000000000,0.0001217748,0.0006177707,62.0720437814,0.0002498603,,False,,FLAT,FLAT,,,,,,
2023-01-16 06:00:00+00:00,1.1003135262,1.1004190155,1.1002227643,1.1003282536,0.0000000000,0.0000420576,0.0005630718,62.5733900400,0.0002460311,,False,,FLAT,FLAT,,,,,,
2023-01-16 07:00:00+00:00,1.1003282536,1.1003866797,1.1001636183,1.1002220444,0.0000000000,-0.0000123331,0.0005290597,56.7477083173,0.0002443904,,False,,FLAT,FLAT,,,,,,
2023-01-16 08:00:00+00:00,1.1002220444,1.1003039246,1.0998722085,1.0999540886,0.0000000000,-0.0002690994,0.0002606725,45.2911020164,0.0002577708,,False,,FLAT,FLAT,,,,,,
2023-01-16 09:00:00+00:00,1.0999540886,1.1001002304,1.0999271651,1.1000733069,0.0000000000,-0.0002579866,0.0003254807,50.1164549449,0.0002517204,,False,,FLAT,FLAT,,,,,,
2023-01-16 10:00:00+00:00,1.1000733069,1.1001462442,1.0997232883,1.0997962257,0.0000000000,-0.0004701392,0.0000200135,41.0534898676,0.0002639515,,False,,FLAT,FLAT,,,,,,
2023-01-16 11:00:00+00:00,1.0997962257,1.0999742528,1.0997265568,1.0999045839,0.0000000000,-0.0003850393,-0.0000335848,45.2251674729,0.0002627904,,False,,FLAT,FLAT,,,,,,
2023-01-16 12:00:00+00:00,1.0999045839,1.1001676505,1.0997875260,1.1000505925,0.0000000000,-0.0001558339,0.0000626050,50.3264440171,0.0002711714,,False,,FLAT,FLAT,,,,,,
2023-01-16 13:00:00+00:00,1.1000505925,1.1001153505,1.0999884865,1.1000532445,0.0000000000,0.0000901454,0.0000593594,50.4167681886,0.0002608638,,False,,FLAT,FLAT,,,,,,
2023-01-16 14:00:00+00:00,1.1000532445,1.1002555038,1.0999209657,1.1001232250,0.0000000000,0.0000453771,0.0001474063,52.8530599235,0.0002661262,,False,,FLAT,FLAT,,,,,,
2023-01-16 15:00:00+00:00,1.1001232250,1.1002846340,1.1000568411,1.1002182501,0.0000000000,0.0003837297,0.0002488325,56.0135809303,0.0002633881,,False,,FLAT,FLAT,,,,,,
2023-01-16 16:00:00+00:00,1.1002182501,1.1003555851,1.1001618625,1.1002991975,0.0000000000,0.0003587707,0.0001559035,58.5619022219,0.0002584120,,False,,FLAT,FLAT,,,,,,
2023-01-16 17:00:00+00:00,1.1002991975,1.1003920351,1.0999600601,1.1000528977,0.0000000000,0.0000020955,-0.0001163047,49.2184128353,0.0002708094,,False,,FLAT,FLAT,,,,,,
2023-01-16 18:00:00+00:00,1.1000528977,1.1001191009,1.0998427240,1.0999089272,0.0000000000,-0.0001311911,-0.0003035034,44.7262972033,0.0002712071,,False,,FLAT,FLAT,,,,,,
2023-01-16 19:00:00+00:00,1.0999089272,1.1002988181,1.0998343210,1.1002242119,0.0000000000,0.0000917960,-0.0002175861,54.5164935829,0.0002850135,,False,,FLAT,FLAT,,,,,,
2023-01-16 20:00:00+00:00,1.1002242119,1.1007467086,1.1001156336,1.1006381303,0.0000000000,0.0003816336,0.0004168214,63.6254227047,0.0003097322,,False,,FLAT,FLAT,,,,,,
2023-01-16 21:00:00+00:00,1.1006381303,1.1007543846,1.1005220075,1.1006382617,0.0000000000,0.0003081564,0.0003238109,63.6279133793,0.0003042068,,False,,FLAT,FLAT,,,,,,
2023-01-16 22:00:00+00:00,1.1006382617,1.1007881478,1.1005748595,1.1007247456,0.0000000000,0.0006107415,0.0004445701,65.3112166699,0.0002977126,,False,,FLAT,FLAT,,,,,,
2023-01-16 23:00:00+00:00,1.1007247456,1.1007832670,1.1006473628,1.1007058842,0.0000000000,0.0007245664,0.0004141958,64.6089377725,0.0002861549,,False,,FLAT,FLAT,,,,,,
2023-01-17 00:00:00+00:00,1.1007058842,1.1008210650,1.1003604219,1.1004756026,0.0000000000,0.0002284904,0.0001076181,56.6059089477,0.0002986183,,False,,FLAT,FLAT,,,,,,
2023-01-17 01:00:00+00:00,1.1004756026,1.1007508340,1.1003689630,1.1006441944,0.0000000000,0.0000055096,0.0003005218,60.4667841942,0.0003045650,,False,,FLAT,FLAT,,,,,,
2023-01-17 02:00:00+00:00,1.1006441944,1.1011035270,1.1005587329,1.1010180655,0.0000000000,0.0003450759,0.0006269147,67.3948436821,0.0003217242,,False,,FLAT,FLAT,,,,,,
2023-01-17 03:00:00+00:00,1.1010180655,1.1011305197,1.1007778105,1.1008902647,0.0000000000,0.0001503728,0.0006073503,63.3105042663,0.0003239374,,False,,FLAT,FLAT,,,,,,
2023-01-17 04:00:00+00:00,1.1008902647,1.1009822217,1.1007665418,1.1008584988,0.0000000000,0.0001386515,0.0008222254,62.2998709188,0.0003162047,,False,,FLAT,FLAT,,,,,,
2023-01-17 05:00:00+00:00,1.1008584988,1.1010225951,1.1007672188,1.1009313151,0.0000000000,0.0004141051,0.0007799555,63.7291864562,0.0003118598,,False,,FLAT,FLAT,,,,,,
2023-01-17 06:00:00+00:00,1.1009313151,1.1010118742,1.1008224267,1.1009029857,0.0000000000,0.0002351271,0.0010063319,62.7326976450,0.0003031161,,False,,FLAT,FLAT,,,,,,
2023-01-17 07:00:00+00:00,1.1009029857,1.1009959744,1.1006862278,1.1007792165,0.0000000000,-0.0002169347,0.0007951895,58.4337889948,0.0003035897,,False,,FLAT,FLAT,,,,,,
2023-01-17 08:00:00+00:00,1.1007792165,1.1008392012,1.1007060435,1.1007660281,0.0000000000,-0.0001128509,0.0006503661,57.9778681335,0.0002914160,,False,,FLAT,FLAT,,,,,,
2023-01-17 09:00:00+00:00,1.1007660281,1.1008567635,1.1003616733,1.1004524087,0.0000000000,-0.0003688850,0.0003628590,48.3224494972,0.0003059641,,False,,FLAT,FLAT,,,,,,
2023-01-17 10:00:00+00:00,1.1004524087,1.1005025164,1.1003741829,1.1004242906,0.0000000000,-0.0004605414,0.0002736654,47.5577403372,0.0002932762,,False,,FLAT,FLAT,,,,,,
2023-01-17 11:00:00+00:00,1.1004242906,1.1005210037,1.1001922531,1.1002889662,0.0000000000,-0.0005577417,0.0000642746,43.9527066932,0.0002958101,,False,,FLAT,FLAT,,,,,,
2023-01-17 12:00:00+00:00,1.1002889662,1.1004660745,1.1002171427,1.1003942509,0.0000000000,-0.0003497210,0.0000863887,47.2998458581,0.0002924617,,False,,FLAT,FLAT,,,,,,
2023-01-17 13:00:00+00:00,1.1003942509,1.1004976520,1.1002031977,1.1003065988,0.0000000000,-0.0004173724,0.0002306262,44.8959888441,0.0002926040,,False,,FLAT,FLAT,,,,,,
2023-01-17 14:00:00+00:00,1.1003065988,1.1003766176,1.1002023118,1.1002723307,0.0000000000,-0.0001636400,0.0003303941,43.9554558984,0.0002841541,,False,,FLAT,FLAT,,,,,,
2023-01-17 15:00:00+00:00,1.1002723307,1.1003067158,1.1002186237,1.1002530089,0.0000000000,-0.0001556507,0.0000261737,43.4033382892,0.0002701497,,False,,FLAT,FLAT,,,,,,
2023-01-17 16:00:00+00:00,1.1002530089,1.1005478501,1.1001578437,1.1004526849,0.0000000000,0.0001487961,-0.0001684890,50.3447409946,0.0002787109,,False,,FLAT,FLAT,,,,,,
2023-01-17 17:00:00+00:00,1.1004526849,1.1005253209,1.1003213770,1.1003940130,0.0000000000,-0.0000002163,-0.0002219156,48.4638495411,0.0002733704,,False,,FLAT,FLAT,,,,,,
2023-01-17 18:00:00+00:00,1.1003940130,1.1005428025,1.1002843263,1.1004331159,0.0000000000,0.0001149835,-0.0002649434,49.8096869968,0.0002723065,,False,,FLAT,FLAT,,,,,,
2023-01-17 19:00:00+00:00,1.1004331159,1.1006286684,1.1003150831,1.1005106356,0.0000000000,0.0002165872,-0.0001773849,52.4601753756,0.0002752550,,False,,FLAT,FLAT,,,,,,
2023-01-17 20:00:00+00:00,1.1005106356,1.1006175406,1.1003703745,1.1004772795,0.0000000000,0.0002038355,0.0000015238,51.2070814751,0.0002732487,,False,,FLAT,FLAT,,,,,,
2023-01-17 21:00:00+00:00,1.1004772795,1.1005613559,1.1004056069,1.1004896833,0.0000000000,0.0000336210,-0.0001403824,51.6693993927,0.0002648558,,False,,FLAT,FLAT,,,,,,
2023-01-17 22:00:00+00:00,1.1004896833,1.1005958613,1.1002667463,1.1003729243,0.0000000000,-0.0000191646,-0.0005859497,47.1414009625,0.0002694458,,False,,FLAT,FLAT,,,,,,
2023-01-17 23:00:00+00:00,1.1003729243,1.1004321959,1.1002313668,1.1002906384,0.0000000000,-0.0001294740,-0.0005446740,44.2015166034,0.0002645446,,False,,FLAT,FLAT,,,,,,
2023-01-18 00:00:00+00:00,1.1002906384,1.1004497969,1.1002134079,1.1003725665,0.0000000000,-0.0001254591,-0.0004414122,47.6988024954,0.0002625335,,False,,FLAT,FLAT,,,,,,
2023-01-18 01:00:00+00:00,1.1003725665,1.1004116469,1.1003267459,1.1003658263,0.0000000000,-0.0001012772,-0.0005136459,47.4353902144,0.0002498454,,False,,FLAT,FLAT,,,,,,
2023-01-18 02:00:00+00:00,1.1003658263,1.1004688224,1.1002553606,1.1003583567,0.0000000000,-0.0001193347,-0.0004947112,47.1248011469,0.0002472466,,False,,FLAT,FLAT,,,,,,
2023-01-18 03:00:00+00:00,1.1003583567,1.1004541371,1.1000115564,1.1001073367,0.0000000000,-0.0002413614,-0.0006103674,38.0971840450,0.0002611990,,False,,FLAT,FLAT,,,,,,
2023-01-18 04:00:00+00:00,1.1001073367,1.1003650317,1.0999910913,1.1002487863,0.0000000000,-0.0000380373,-0.0004698927,44.5440633597,0.0002692520,,False,,FLAT,FLAT,,,,,,
2023-01-18 05:00:00+00:00,1.1002487863,1.1003389553,1.1001078955,1.1001980646,0.0000000000,-0.0001585844,-0.0002311268,42.8218717886,0.0002665240,,False,,FLAT,FLAT,,,,,,
2023-01-18 06:00:00+00:00,1.1001980646,1.1003650275,1.1000742791,1.1002412420,0.0000000000,-0.0001132208,-0.0001663437,44.7791065404,0.0002682543,,False,,FLAT,FLAT,,,,,,
2023-01-18 07:00:00+00:00,1.1002412420,1.1004405478,1.1001457210,1.1003450268,0.0000000000,-0.0000121142,0.0000509508,49.2738653290,0.0002701523,,False,,FLAT,FLAT,,,,,,
2023-01-18 08:00:00+00:00,1.1003450268,1.1004389328,1.1001297905,1.1002236965,0.0000000000,0.0001057713,-0.0001549939,44.6938111218,0.0002729373,,False,,FLAT,FLAT,,,,,,
2023-01-18 09:00:00+00:00,1.1002236965,1.1005337980,1.1001703319,1.1004804334,0.0000000000,0.0002105407,0.0001579874,54.3608850887,0.0002794037,,False,,FLAT,FLAT,,,,,,
2023-01-18 10:00:00+00:00,1.1004804334,1.1005478481,1.1002107234,1.1002781381,0.0000000000,0.0000727810,0.0000052782,47.3394381647,0.0002835266,,False,,FLAT,FLAT,,,,,,
2023-01-18 11:00:00+00:00,1.1002781381,1.1003636270,1.1000792098,1.1001646987,0.0000000000,-0.0000695695,-0.0000802635,43.9140767141,0.0002835902,,False,,FLAT,FLAT,,,,,,
2023-01-18 12:00:00+00:00,1.1001646987,1.1002730818,1.0999069324,1.1000153155,0.0000000000,-0.0002996436,-0.0003974451,39.8272465453,0.0002894873,,False,,FLAT,FLAT,,,,,,
2023-01-18 13:00:00+00:00,1.1000153155,1.1001383847,1.0999237923,1.1000468615,0.0000000000,-0.0001607264,-0.0003154792,41.0743852142,0.0002841377,,False,,FLAT,FLAT,,,,,,
2023-01-18 14:00:00+00:00,1.1000468615,1.1001291752,1.0999276733,1.1000099870,0.0000000000,-0.0004274918,-0.0003845112,40.0299869067,0.0002782351,,False,,FLAT,FLAT,,,,,,
2023-01-18 15:00:00+00:00,1.1000099870,1.1000642981,1.0998660603,1.0999203714,0.0000000000,-0.0003251603,-0.0005363549,37.5322758576,0.0002725210,,False,,FLAT,FLAT,,,,,,
2023-01-18 16:00:00+00:00,1.0999203714,1.0999977688,1.0997159900,1.0997933874,0.0000000000,-0.0003375052,-0.0006214504,34.2693154544,0.0002731823,,False,,FLAT,FLAT,,,,,,
2023-01-18 17:00:00+00:00,1.0997933874,1.0999304470,1.0997391386,1.0998761982,0.0000000000,-0.0001264685,-0.0005574656,38.0516444648,0.0002673341,,False,,FLAT,FLAT,,,,,,
2023-01-18 18:00:00+00:00,1.0998761982,1.0998975027,1.0996998446,1.0997211492,0.0000000000,-0.0002960895,-0.0005923221,34.0956380900,0.0002623573,,False,,FLAT,FLAT,,,,,,
2023-01-18 19:00:00+00:00,1.0997211492,1.0999472676,1.0996132620,1.0998393804,0.0000000000,-0.0001550955,-0.0004101262,39.2796465277,0.0002674750,,False,,FLAT,FLAT,,,,,,
2023-01-18 20:00:00+00:00,1.0998393804,1.0999004232,1.0994715020,1.0995325448,0.0000000000,-0.0003525951,-0.0007633975,32.2006138142,0.0002790069,,False,,FLAT,FLAT,,,,,,
2023-01-18 21:00:00+00:00,1.0995325448,1.0996062951,1.0993848676,1.0994586179,0.0000000000,-0.0003043931,-0.0008244607,30.7621332798,0.0002748941,,False,,FLAT,FLAT,,,,,,
2023-01-18 22:00:00+00:00,1.0994586179,1.0995500639,1.0992729956,1.0993644416,0.0000000000,-0.0004652857,-0.0009032649,28.9857032933,0.0002750494,,False,,FLAT,FLAT,,,,,,
2023-01-18 23:00:00+00:00,1.0993644416,1.0994196911,1.0993097800,1.0993650295,0.0000000000,-0.0003238272,-0.0006747589,29.0132652169,0.0002632538,,False,,FLAT,FLAT,,,,,,
2023-01-19 00:00:00+00:00,1.0993650295,1.0994239358,1.0992564949,1.0993154011,0.0000000000,-0.0004764144,-0.0008483401,28.0245757809,0.0002564100,,False,,FLAT,FLAT,,,,,,
2023-01-19 01:00:00+00:00,1.0993154011,1.0994359332,1.0991962337,1.0993167657,0.0000000000,-0.0001962462,-0.0008010366,28.0971310166,0.0002552164,,False,,FLAT,FLAT,,,,,,
2023-01-19 02:00:00+00:00,1.0993167657,1.0994058590,1.0991557754,1.0992448686,0.0000000000,-0.0001944132,-0.0009055954,26.5769985134,0.0002548498,,False,,FLAT,FLAT,,,,,,
2023-01-19 03:00:00+00:00,1.0992448686,1.0993514166,1.0990539068,1.0991604547,0.0000000000,-0.0001855498,-0.0010765460,24.8753273140,0.0002578969,,False,,FLAT,FLAT,,,,,,
2023-01-19 04:00:00+00:00,1.0991604547,1.0992597252,1.0989548712,1.0990541417,0.0000000000,-0.0002827886,-0.0010630155,22.8877238310,0.0002612510,,False,,FLAT,FLAT,,,,,,
2023-01-19 05:00:00+00:00,1.0990541417,1.0991917554,1.0989492148,1.0990868286,0.0000000000,-0.0002079226,-0.0012663604,24.8752658063,0.0002599146,,False,,FLAT,FLAT,,,,,,
2023-01-19 06:00:00+00:00,1.0990868286,1.0991655919,1.0989604008,1.0990391641,0.0000000000,-0.0002525219,-0.0011260552,23.9075816984,0.0002560057,,False,,FLAT,FLAT,,,,,,
2023-01-19 07:00:00+00:00,1.0990391641,1.0991123483,1.0989066156,1.0989797998,0.0000000000,-0.0002411372,-0.0010770196,22.7220095921,0.0002524148,,False,,FLAT,FLAT,,,,,,
2023-01-19 08:00:00+00:00,1.0989797998,1.0993447462,1.0988321324,1.0991970789,0.0000000000,0.0000333201,-0.0007438411,35.3573884721,0.0002710005,,False,,FLAT,FLAT,,,,,,
2023-01-19 09:00:00+00:00,1.0991970789,1.0993856108,1.0991147242,1.0993032562,0.0000000000,0.0002266627,-0.0006759761,40.4789388108,0.0002709923,,False,,FLAT,FLAT,,,,,,
2023-01-19 10:00:00+00:00,1.0993032562,1.0993716247,1.0990025146,1.0990708831,0.0000000000,-0.0000145079,-0.0008537230,34.1095549734,0.0002780007,,False,,FLAT,FLAT,,,,,,
2023-01-19 11:00:00+00:00,1.0990708831,1.0991606869,1.0988450235,1.0989348273,0.0000000000,-0.0000949345,-0.0008960140,31.0307865585,0.0002806909,,False,,FLAT,FLAT,,,,,,
2023-01-19 12:00:00+00:00,1.0989348273,1.0990077706,1.0986192406,1.0986921839,0.0000000000,-0.0002617117,-0.0010012822,26.4461971479,0.0002883937,,False,,FLAT,FLAT,,,,,,
2023-01-19 13:00:00+00:00,1.0986921839,1.0987706383,1.0984885061,1.0985669605,0.0000000000,-0.0005732534,-0.0011903501,24.4394152299,0.0002879465,,False,,FLAT,FLAT,,,,,,
2023-01-19 14:00:00+00:00,1.0985669605,1.0986690838,1.0984007951,1.0985029185,0.0000000000,-0.0007280409,-0.0011077633,23.4589990435,0.0002865423,,False,,FLAT,FLAT,,,,,,
2023-01-19 15:00:00+00:00,1.0985029185,1.0987404416,1.0983976619,1.0986351850,0.0000000000,-0.0003964241,-0.0010948830,29.7289723184,0.0002905593,,False,,FLAT,FLAT,,,,,,
2023-01-19 16:00:00+00:00,1.0986351850,1.0987248152,1.0983765344,1.0984661646,0.0000000000,-0.0004264700,-0.0009698486,26.7171124463,0.0002946823,,False,,FLAT,FLAT,,,,,,
2023-01-19 17:00:00+00:00,1.0984661646,1.0986153374,1.0984014747,1.0985506474,0.0000000000,-0.0001288227,-0.0008258342,30.5068624197,0.0002889094,,False,,FLAT,FLAT,,,,,,
2023-01-19 18:00:00+00:00,1.0985506474,1.0986282481,1.0984026342,1.0984802348,0.0000000000,-0.0000789443,-0.0008042890,29.1536448882,0.0002843883,,False,,FLAT,FLAT,,,,,,
2023-01-19 19:00:00+00:00,1.0984802348,1.0987433048,1.0983565531,1.0986196231,0.0000000000,0.0001062397,-0.0006780336,35.2744227102,0.0002917000,,False,,FLAT,FLAT,,,,,,
2023-01-19 20:00:00+00:00,1.0986196231,1.0987855633,1.0985179906,1.0986839308,0.0000000000,0.0000443694,-0.0005744214,37.9384203523,0.0002899766,,False,,FLAT,FLAT,,,,,,
2023-01-19 21:00:00+00:00,1.0986839308,1.0989371956,1.0985929716,1.0988462363,0.0000000000,0.0003460022,-0.0004280198,44.1826868981,0.0002938514,,False,,FLAT,FLAT,,,,,,
2023-01-19 22:00:00+00:00,1.0988462363,1.0990235623,1.0987396622,1.0989169882,0.0000000000,0.0003334764,-0.0002982779,46.7002086723,0.0002931406,,False,,FLAT,FLAT,,,,,,
2023-01-19 23:00:00+00:00,1.0989169882,1.0990804868,1.0988354143,1.0989989129,0.0000000000,0.0004721779,-0.0001469683,49.5383133021,0.0002897072,,False,,FLAT,FLAT,,,,,,
2023-01-20 00:00:00+00:00,1.0989989129,1.0991732926,1.0989074879,1.0990818676,0.0000000000,0.0004207503,0.0000252271,52.3075652673,0.0002879999,,False,,FLAT,FLAT,,,,,,
2023-01-20 01:00:00+00:00,1.0990818676,1.0991350540,1.0988963616,1.0989495480,0.0000000000,0.0002417594,-0.0001249043,47.8013764305,0.0002844779,,False,,FLAT,FLAT,,,,,,
2023-01-20 02:00:00+00:00,1.0989495480,1.0990089658,1.0987197898,1.0987792077,0.0000000000,-0.0000609991,-0.0002365306,42.7014375940,0.0002848135,,False,,FLAT,FLAT,,,,,,
2023-01-20 03:00:00+00:00,1.0987792077,1.0988575902,1.0986510097,1.0987293922,0.0000000000,-0.0001707099,-0.0002278546,41.3132563988,0.0002792254,,False,,FLAT,FLAT,,,,,,
2023-01-20 04:00:00+00:00,1.0987293922,1.0987935770,1.0985461679,1.0986103526,0.0000000000,-0.0003535584,-0.0005337771,38.1238371338,0.0002769528,,False,,FLAT,FLAT,,,,,,
2023-01-20 05:00:00+00:00,1.0986103526,1.0986420621,1.0984454576,1.0984771671,0.0000000000,-0.0005501870,-0.0007514661,34.8793845999,0.0002712137,,False,,FLAT,FLAT,,,,,,
2023-01-20 06:00:00+00:00,1.0984771671,1.0985421914,1.0983740134,1.0984390378,0.0000000000,-0.0004645438,-0.0005748905,33.9876165996,0.0002638540,,False,,FLAT,FLAT,,,,,,
2023-01-20 07:00:00+00:00,1.0984390378,1.0986544632,1.0983434137,1.0985588392,0.0000000000,-0.0002005576,-0.0003421387,39.2436988475,0.0002672251,,False,,FLAT,FLAT,,,,,,
2023-01-20 08:00:00+00:00,1.0985588392,1.0986190446,1.0984194203,1.0984796258,0.0000000000,-0.0002273230,-0.0001934647,37.1380897850,0.0002623965,,False,,FLAT,FLAT,,,,,,
2023-01-20 09:00:00+00:00,1.0984796258,1.0986753009,1.0984018327,1.0985975079,0.0000000000,-0.0000116918,0.0000278066,42.1155055625,0.0002631873,,False,,FLAT,FLAT,,,,,,
2023-01-20 10:00:00+00:00,1.0985975079,1.0986817189,1.0985069195,1.0985911306,0.0000000000,0.0001037468,0.0000803021,41.9221171229,0.0002568739,,False,,FLAT,FLAT,,,,,,
2023-01-20 11:00:00+00:00,1.0985911306,1.0986666705,1.0983885665,1.0984641064,0.0000000000,0.0000228221,-0.0001557192,38.1631408458,0.0002583903,,False,,FLAT,FLAT,,,,,,
2023-01-20 12:00:00+00:00,1.0984641064,1.0985103411,1.0983655745,1.0984118092,0.0000000000,-0.0001338389,-0.0000494830,36.7039381430,0.0002502743,,False,,FLAT,FLAT,,,,,,
2023-01-20 13:00:00+00:00,1.0984118092,1.0986371270,1.0983214649,1.0985467827,0.0000000000,0.0000611363,-0.0000035180,42.7844532734,0.0002549449,,False,,FLAT,FLAT,,,,,,
2023-01-20 14:00:00+00:00,1.0985467827,1.0988004376,1.0984305462,1.0986842010,0.0000000000,0.0000789126,0.0001856803,48.2365981022,0.0002631554,,False,,FLAT,FLAT,,,,,,
2023-01-20 15:00:00+00:00,1.0986842010,1.0989626840,1.0986055055,1.0988839885,0.0000000000,0.0002665759,0.0002406342,54.9569149326,0.0002698713,,False,,FLAT,FLAT,,,,,,
2023-01-20 16:00:00+00:00,1.0988839885,1.0990000504,1.0988028501,1.0989189120,0.0000000000,0.0004140377,0.0002138752,56.0315064004,0.0002646805,,False,,FLAT,FLAT,,,,,,
2023-01-20 17:00:00+00:00,1.0989189120,1.0992250169,1.0988450333,1.0991511382,0.0000000000,0.0006730890,0.0002774745,62.4470914460,0.0002729164,,False,,FLAT,FLAT,,,,,,
2023-01-20 18:00:00+00:00,1.0991511382,1.0995399013,1.0990649643,1.0994537274,0.0000000000,0.0008255858,0.0004884256,68.8292659763,0.0002873465,,False,,FLAT,FLAT,,,,,,
2023-01-20 19:00:00+00:00,1.0994537274,1.0996087258,1.0993734661,1.0995284645,0.0000000000,0.0007684314,0.0004818490,70.1774150701,0.0002836260,,False,,FLAT,FLAT,,,,,,
2023-01-20 20:00:00+00:00,1.0995284645,1.0995714268,1.0994092374,1.0994521997,0.0000000000,0.0005170803,0.0003369468,66.9932586513,0.0002749519,,False,,FLAT,FLAT,,,,,,
2023-01-20 21:00:00+00:00,1.0994521997,1.0995198520,1.0993800142,1.0994476666,0.0000000000,0.0004811588,0.0004532679,66.7992464335,0.0002653009,,False,,FLAT,FLAT,,,,,,
2023-01-22 22:00:00+00:00,1.0994476666,1.0997013004,1.0993513949,1.0996050287,0.0000000000,0.0004129464,0.0007515805,70.0425530224,0.0002713441,,False,,FLAT,FLAT,,,,,,
2023-01-22 23:00:00+00:00,1.0996050287,1.0998347717,1.0994688742,1.0996986172,0.0000000000,0.0002227377,0.0008821326,71.8065381949,0.0002780979,,False,,FLAT,FLAT,,,,,,
2023-01-23 00:00:00+00:00,1.0996986172,1.0999106191,1.0995863962,1.0997983981,0.0000000000,0.0002454995,0.0010814075,73.5919437645,0.0002813926,,False,,FLAT,FLAT,,,,,,
2023-01-23 01:00:00+00:00,1.0997983981,1.0998910431,1.0996746436,1.0997672886,0.0000000000,0.0002865872,0.0011744637,72.0597563314,0.0002767502,,False,,FLAT,FLAT,,,,,,
2023-01-23 02:00:00+00:00,1.0997672886,1.1000629727,1.0996769711,1.0999726552,0.0000000000,0.0004775022,0.0013961790,75.6621035151,0.0002845539,,False,,FLAT,FLAT,,,,,,
2023-01-23 03:00:00+00:00,1.0999726552,1.1000427952,1.0997955118,1.0998656518,0.0000000000,0.0002370152,0.0011895700,70.5576195826,0.0002818917,,False,,FLAT,FLAT,,,,,,
2023-01-23 04:00:00+00:00,1.0998656518,1.0999695455,1.0996510869,1.0997549807,0.0000000000,0.0000512536,0.0011610182,65.6261999540,0.0002845036,,False,,FLAT,FLAT,,,,,,
2023-01-23 05:00:00+00:00,1.0997549807,1.0999659038,1.0996227335,1.0998336567,0.0000000000,0.0000320591,0.0011252063,67.3720638552,0.0002886941,,False,,FLAT,FLAT,,,,,,
2023-01-23 06:00:00+00:00,1.0998336567,1.0999682519,1.0997191296,1.0998537248,0.0000000000,0.0000785950,0.0011492849,67.8210210617,0.0002858675,,False,,FLAT,FLAT,,,,,,
2023-01-23 07:00:00+00:00,1.0998537248,1.0999818721,1.0997933257,1.0999214729,0.0000000000,-0.0000465305,0.0013267311,69.3540909668,0.0002789160,,False,,FLAT,FLAT,,,,,,
2023-01-23 08:00:00+00:00,1.0999214729,1.1000303833,1.0998642398,1.0999731503,0.0000000000,0.0000977378,0.0014214532,70.5082817125,0.0002708608,,False,,FLAT,FLAT,,,,,,
2023-01-23 09:00:00+00:00,1.0999731503,1.1000560820,1.0998091921,1.0998921238,0.0000000000,0.0001247034,0.0012246553,66.2924749970,0.0002691486,,False,,FLAT,FLAT,,,,,,
2023-01-23 10:00:00+00:00,1.0998921238,1.0999600046,1.0997772534,1.0998451342,0.0000000000,0.0000104356,0.0010566577,63.9060773561,0.0002629774,,False,,FLAT,FLAT,,,,,,
2023-01-23 11:00:00+00:00,1.0998451342,1.0998983931,1.0997401297,1.0997933886,0.0000000000,-0.0000548584,0.0008275670,61.2895779690,0.0002554978,,False,,FLAT,FLAT,,,,,,
2023-01-23 12:00:00+00:00,1.0997933886,1.1000317475,1.0997357289,1.0999740878,0.0000000000,0.0000478351,0.0009601944,66.4546744681,0.0002583922,,False,,FLAT,FLAT,,,,,,
2023-01-23 13:00:00+00:00,1.0999740878,1.1000501224,1.0997994409,1.0998754755,0.0000000000,-0.0000887974,0.0006589970,61.6224281264,0.0002578414,,False,,FLAT,FLAT,,,,,,
2023-01-23 14:00:00+00:00,1.0998754755,1.0999704886,1.0997472095,1.0998422226,0.0000000000,-0.0000453692,0.0003533530,60.0370777977,0.0002553727,,False,,FLAT,FLAT,,,,,,
2023-01-23 15:00:00+00:00,1.0998422226,1.0999236142,1.0995583193,1.0996397109,0.0000000000,-0.0001867748,0.0001011764,51.3694964385,0.0002632243,,False,,FLAT,FLAT,,,,,,
2023-01-23 16:00:00+00:00,1.0996397109,1.0997198723,1.0994655897,1.0995457511,0.0000000000,-0.0002251673,0.0000850891,47.9132095331,0.0002625856,,False,,FLAT,FLAT,,,,,,
2023-01-23 17:00:00+00:00,1.0995457511,1.0995762670,1.0994251238,1.0994556396,0.0000000000,-0.0004713276,0.0000072519,44.8000187539,0.0002546254,,False,,FLAT,FLAT,,,,,,
2023-01-23 18:00:00+00:00,1.0994556396,1.0995629683,1.0994450085,1.0995523372,0.0000000000,-0.0002937953,-0.0000479186,48.6553827007,0.0002448636,,False,,FLAT,FLAT,,,,,,
2023-01-23 19:00:00+00:00,1.0995523372,1.0996571855,1.0993887687,1.0994936170,0.0000000000,-0.0003169596,-0.0001864148,46.5300998895,0.0002465459,,False,,FLAT,FLAT,,,,,,
2023-01-23 20:00:00+00:00,1.0994936170,1.0996205993,1.0994352089,1.0995621911,0.0000000000,-0.0000704956,-0.0002147730,49.3144717545,0.0002421777,,False,,FLAT,FLAT,,,,,,
2023-01-23 21:00:00+00:00,1.0995621911,1.0998251609,1.0994885871,1.0997515570,0.0000000000,0.0001871735,-0.0000143045,56.1111771161,0.0002489203,,False,,FLAT,FLAT,,,,,,
2023-01-23 22:00:00+00:00,1.0997515570,1.0999611048,1.0996838803,1.0998934281,0.0000000000,0.0003981865,-0.0000720265,60.3959774554,0.0002509420,,False,,FLAT,FLAT,,,,,,
2023-01-23 23:00:00+00:00,1.0998934281,1.1000438736,1.0998003090,1.0999507545,0.0000000000,0.0003623450,0.0000773755,62.0099355328,0.0002504150,,False,,FLAT,FLAT,,,,,,
2023-01-24 00:00:00+00:00,1.0999507545,1.1000918335,1.0999153695,1.1000564486,0.0000000000,0.0005119007,0.0002741228,64.8538187766,0.0002451328,,False,,FLAT,FLAT,,,,,,
2023-01-24 01:00:00+00:00,1.1000564486,1.1003351790,1.0999532169,1.1002319473,0.0000000000,0.0006091118,0.0003621372,69.0030590062,0.0002549063,,False,,FLAT,FLAT,,,,,,
2023-01-24 02:00:00+00:00,1.1002319473,1.1003199196,1.0998957105,1.0999836828,0.0000000000,0.0002110711,0.0001181593,58.4844924808,0.0002669994,,False,,FLAT,FLAT,,,,,,
2023-01-24 03:00:00+00:00,1.0999836828,1.1000971799,1.0997895614,1.0999030586,0.0000000000,0.0000087559,-0.0000167415,55.5243887700,0.0002699008,,False,,FLAT,FLAT,,,,,,
2023-01-24 04:00:00+00:00,1.0999030586,1.1000728780,1.0997971180,1.0999669374,0.0000000000,0.0000147124,-0.0000056482,57.3655962733,0.0002703193,,False,,FLAT,FLAT,,,,,,
2023-01-24 05:00:00+00:00,1.0999669374,1.1002011363,1.0998463921,1.1000805909,0.0000000000,0.0000219465,0.0001713506,60.4988895088,0.0002763496,,False,,FLAT,FLAT,,,,,,
2023-01-24 06:00:00+00:00,1.1000805909,1.1001681486,1.0999651645,1.1000527222,0.0000000000,-0.0001628976,0.0001887430,59.3471372257,0.0002711092,,False,,FLAT,FLAT,,,,,,
2023-01-24 07:00:00+00:00,1.1000527222,1.1001528290,1.1000038074,1.1001039141,0.0000000000,0.0001093029,0.0002823490,60.8225608885,0.0002623887,,False,,FLAT,FLAT,,,,,,
2023-01-24 08:00:00+00:00,1.1001039141,1.1003863168,1.1000127964,1.1002951991,0.0000000000,0.0003565227,0.0002919262,65.8151289741,0.0002703267,,False,,FLAT,FLAT,,,,,,
2023-01-24 09:00:00+00:00,1.1002951991,1.1003672065,1.1001172958,1.1001893033,0.0000000000,0.0002021569,0.0002853303,61.1679003075,0.0002688684,,False,,FLAT,FLAT,,,,,,
2023-01-24 10:00:00+00:00,1.1001893033,1.1003573713,1.1000794631,1.1002475310,0.0000000000,0.0001517526,0.0003685151,62.7263963282,0.0002695141,,False,,FLAT,FLAT,,,,,,
2023-01-24 11:00:00+00:00,1.1002475310,1.1003398885,1.1000930100,1.1001853674,0.0000000000,0.0001205807,0.0004962140,59.9596770995,0.0002678973,,False,,FLAT,FLAT,,,,,,
2023-01-24 12:00:00+00:00,1.1001853674,1.1002276435,1.1000160904,1.1000583665,0.0000000000,-0.0000414030,0.0004662065,54.6556559850,0.0002638727,,False,,FLAT,FLAT,,,,,,
2023-01-24 13:00:00+00:00,1.1000583665,1.1001180331,1.0997720295,1.0998316961,0.0000000000,-0.0004212533,0.0003420388,46.7131502923,0.0002697392,,False,,FLAT,FLAT,,,,,,
2023-01-24 14:00:00+00:00,1.0998316961,1.0999448321,1.0995710378,1.0996841738,0.0000000000,-0.0004591297,0.0001199002,42.3951154976,0.0002771717,,False,,FLAT,FLAT,,,,,,
2023-01-24 15:00:00+00:00,1.0996841738,1.0997531233,1.0994229656,1.0994919152,0.0000000000,-0.0006867689,-0.0000015478,37.5265793330,0.0002809564,,False,,FLAT,FLAT,,,,,,
2023-01-24 16:00:00+00:00,1.0994919152,1.0995434286,1.0993372496,1.0993887629,0.0000000000,-0.0007240639,-0.0001577247,35.1915171443,0.0002756151,,False,,FLAT,FLAT,,,,,,
2023-01-24 17:00:00+00:00,1.0993887629,1.0995636157,1.0992880008,1.0994628536,0.0000000000,-0.0005413467,-0.0002625169,38.1675981014,0.0002756151,,False,,FLAT,FLAT,,,,,,
2023-01-24 18:00:00+00:00,1.0994628536,1.0994953694,1.0992554796,1.0992879954,0.0000000000,-0.0004943490,-0.0005504466,34.1785133185,0.0002730633,,False,,FLAT,FLAT,,,,,,
2023-01-24 19:00:00+00:00,1.0992879954,1.0994113944,1.0991731534,1.0992965523,0.0000000000,-0.0003524844,-0.0005947559,34.5390702879,0.0002705760,,False,,FLAT,FLAT,,,,,,
2023-01-24 20:00:00+00:00,1.0992965523,1.0993655560,1.0992340124,1.0993030161,0.0000000000,-0.0001718058,-0.0006849035,34.8294823855,0.0002606451,,False,,FLAT,FLAT,,,,,,
2023-01-24 21:00:00+00:00,1.0993030161,1.0993558179,1.0991988799,1.0992516817,0.0000000000,-0.0001246886,-0.0008909627,33.5562376618,0.0002532375,,False,,FLAT,FLAT,,,,,,
2023-01-24 22:00:00+00:00,1.0992516817,1.0996328604,1.0991448756,1.0995260543,0.0000000000,0.0000574833,-0.0004160320,45.1067402642,0.0002700051,,False,,FLAT,FLAT,,,,,,
2023-01-24 23:00:00+00:00,1.0995260543,1.0996006041,1.0993124133,1.0993869631,0.0000000000,0.0000900289,-0.0004692191,41.1969344660,0.0002713041,,False,,FLAT,FLAT,,,,,,
2023-01-25 00:00:00+00:00,1.0993869631,1.0996358696,1.0993145194,1.0995634259,0.0000000000,0.0002427676,-0.0003668397,47.4234361955,0.0002748788,,False,,FLAT,FLAT,,,,,,
2023-01-25 01:00:00+00:00,1.0995634259,1.0995947310,1.0990517782,1.0990830832,0.0000000000,-0.0002000657,-0.0009067587,36.1899464238,0.0002940270,,False,,FLAT,FLAT,,,,,,
2023-01-25 02:00:00+00:00,1.0990830832,1.0992691518,1.0989697174,1.0991557859,0.0000000000,-0.0000872373,-0.0008153576,38.5620959181,0.0002944132,,False,,FLAT,FLAT,,,,,,
2023-01-25 03:00:00+00:00,1.0991557859,1.0992458199,1.0990366590,1.0991266930,0.0000000000,-0.0003632122,-0.0008882989,37.9540552635,0.0002883238,,False,,FLAT,FLAT,,,,,,
2023-01-25 04:00:00+00:00,1.0991266930,1.0992212973,1.0990082624,1.0991028667,0.0000000000,-0.0002584135,-0.0010836477,37.4334757656,0.0002829460,,False,,FLAT,FLAT,,,,,,
2023-01-25 05:00:00+00:00,1.0991028667,1.0991516825,1.0990324632,1.0990812790,0.0000000000,-0.0004384894,-0.0010071215,36.9391104627,0.0002712512,,False,,FLAT,FLAT,,,,,,
2023-01-25 06:00:00+00:00,1.0990812790,1.0991924810,1.0988734240,1.0989846260,0.0000000000,-0.0000895813,-0.0011478372,34.7277515869,0.0002746659,,False,,FLAT,FLAT,,,,,,
2023-01-25 07:00:00+00:00,1.0989846260,1.0990922184,1.0988096771,1.0989172695,0.0000000000,-0.0002169997,-0.0011526221,33.2345738879,0.0002752285,,False,,FLAT,FLAT,,,,,,
2023-01-25 08:00:00+00:00,1.0989172695,1.0989719858,1.0987903612,1.0988450775,0.0000000000,-0.0002562175,-0.0011029314,31.6631856352,0.0002685425,,False,,FLAT,FLAT,,,,,,
2023-01-25 09:00:00+00:00,1.0988450775,1.0989185215,1.0987322007,1.0988056447,0.0000000000,-0.0002704224,-0.0009329168,30.8063694427,0.0002626695,,False,,FLAT,FLAT,,,,,,
2023-01-25 10:00:00+00:00,1.0988056447,1.0989329350,1.0985989407,1.0987262310,0.0000000000,-0.0003230407,-0.0008711072,29.0986072107,0.0002677641,,False,,FLAT,FLAT,,,,,,
2023-01-25 11:00:00+00:00,1.0987262310,1.0988143157,1.0984554294,1.0985435141,0.0000000000,-0.0004013813,-0.0008625812,25.5843807796,0.0002742728,,False,,FLAT,FLAT,,,,,,
2023-01-25 12:00:00+00:00,1.0985435141,1.0986977298,1.0984575987,1.0986118144,0.0000000000,-0.0002779600,-0.0007067095,29.0344937056,0.0002718341,,False,,FLAT,FLAT,,,,,,
2023-01-25 13:00:00+00:00,1.0986118144,1.0987717228,1.0985772915,1.0987371999,0.0000000000,-0.0000981737,-0.0006600075,34.9930171380,0.0002663054,,False,,FLAT,FLAT,,,,,,
2023-01-25 14:00:00+00:00,1.0987371999,1.0988776905,1.0985006197,1.0986411104,0.0000000000,-0.0001497392,-0.0005884582,32.7253030318,0.0002742172,,False,,FLAT,FLAT,,,,,,
2023-01-25 15:00:00+00:00,1.0986411104,1.0987642640,1.0985815377,1.0987046913,0.0000000000,-0.0000196042,-0.0005383997,35.6948390676,0.0002676821,,False,,FLAT,FLAT,,,,,,
2023-01-25 16:00:00+00:00,1.0987046913,1.0988147664,1.0986446559,1.0987547310,0.0000000000,0.0001922699,-0.0004987570,38.0138531292,0.0002607127,,False,,FLAT,FLAT,,,,,,
2023-01-25 17:00:00+00:00,1.0987547310,1.0988723006,1.0986643902,1.0987819598,0.0000000000,0.0001548731,-0.0004273106,39.2966827676,0.0002569411,,False,,FLAT,FLAT,,,,,,
2023-01-25 18:00:00+00:00,1.0987819598,1.0988514863,1.0986796722,1.0987491987,0.0000000000,0.0000109206,-0.0007065368,38.2704346706,0.0002508606,,False,,FLAT,FLAT,,,,,,
2023-01-25 19:00:00+00:00,1.0987491987,1.0989734877,1.0986667257,1.0988910147,0.0000000000,0.0002274667,-0.0004511136,44.9700122714,0.0002548536,,False,,FLAT,FLAT,,,,,,
2023-01-25 20:00:00+00:00,1.0988910147,1.0989833172,1.0988007657,1.0988930682,0.0000000000,0.0001714536,-0.0006096581,45.0629890362,0.0002496892,,False,,FLAT,FLAT,,,,,,
2023-01-25 21:00:00+00:00,1.0988930682,1.0989780473,1.0984822074,1.0985671865,0.0000000000,-0.0001706882,-0.0004693883,34.9663989909,0.0002672713,,False,,FLAT,FLAT,,,,,,
2023-01-25 22:00:00+00:00,1.0985671865,1.0986750120,1.0985091442,1.0986169696,0.0000000000,-0.0001501573,-0.0004902092,37.2783511479,0.0002600282,,False,,FLAT,FLAT,,,,,,
2023-01-25 23:00:00+00:00,1.0986169696,1.0986696250,1.0984541313,1.0985067867,0.0000000000,-0.0002206254,-0.0005639990,34.3663488189,0.0002568472,,False,,FLAT,FLAT,,,,,,
2023-01-26 00:00:00+00:00,1.0985067867,1.0985966787,1.0982135286,1.0983034206,0.0000000000,-0.0005347155,-0.0007273623,29.7474963764,0.0002658688,,False,,FLAT,FLAT,,,,,,
2023-01-26 01:00:00+00:00,1.0983034206,1.0987978931,1.0981956417,1.0986901142,0.0000000000,-0.0001846895,-0.0003559016,44.9093367293,0.0002898962,,False,,FLAT,FLAT,,,,,,
2023-01-26 02:00:00+00:00,1.0986901142,1.0988091708,1.0985986028,1.0987176593,0.0000000000,0.0001369719,-0.0002429212,45.8065578052,0.0002842299,,False,,FLAT,FLAT,,,,,,
2023-01-26 03:00:00+00:00,1.0987176593,1.0988168745,1.0984882636,1.0985874788,0.0000000000,-0.0000268436,-0.0003001051,42.3002470041,0.0002873999,,False,,FLAT,FLAT,,,,,,
2023-01-26 04:00:00+00:00,1.0985874788,1.0987774816,1.0985211279,1.0987111307,0.0000000000,0.0001860198,-0.0001218978,46.4900778665,0.0002851823,,False,,FLAT,FLAT,,,,,,
2023-01-26 05:00:00+00:00,1.0987111307,1.0988774140,1.0986490848,1.0988153681,0.0000000000,0.0004661257,0.0000088491,49.7993979684,0.0002811214,,False,,FLAT,FLAT,,,,,,
2023-01-26 06:00:00+00:00,1.0988153681,1.0990479588,1.0987186126,1.0989512033,0.0000000000,0.0002376367,0.0002047574,53.8084375262,0.0002845660,,False,,FLAT,FLAT,,,,,,
2023-01-26 07:00:00+00:00,1.0989512033,1.0991440216,1.0988763079,1.0990691262,0.0000000000,0.0003198882,0.0004784627,57.0176081826,0.0002833623,,False,,FLAT,FLAT,,,,,,
2023-01-26 08:00:00+00:00,1.0990691262,1.0992726316,1.0989887052,1.0991922106,0.0000000000,0.0005504630,0.0005282996,60.1311391323,0.0002834026,,False,,FLAT,FLAT,,,,,,
2023-01-26 09:00:00+00:00,1.0991922106,1.0992790851,1.0989415364,1.0990284109,0.0000000000,0.0002887749,0.0002650416,54.4757726197,0.0002872702,,False,,FLAT,FLAT,,,,,,
2023-01-26 10:00:00+00:00,1.0990284109,1.0991083382,1.0988606799,1.0989406072,0.0000000000,0.0001139764,0.0002726066,51.6704155119,0.0002844407,,False,,FLAT,FLAT,,,,,,
2023-01-26 11:00:00+00:00,1.0989406072,1.0990879081,1.0988845524,1.0990318533,0.0000000000,0.0000733882,0.0002977706,54.3040098402,0.0002786490,,False,,FLAT,FLAT,,,,,,
2023-01-26 12:00:00+00:00,1.0990318533,1.0990947945,1.0987744670,1.0988374081,0.0000000000,-0.0002108312,0.0000752462,48.2678434011,0.0002816260,,False,,FLAT,FLAT,,,,,,
2023-01-26 13:00:00+00:00,1.0988374081,1.0990038829,1.0987124682,1.0988789430,0.0000000000,-0.0002849980,0.0000882643,49.5576512677,0.0002823252,,False,,FLAT,FLAT,,,,,,
2023-01-26 14:00:00+00:00,1.0988789430,1.0989320803,1.0985967345,1.0986498718,0.0000000000,-0.0003444307,-0.0000903999,43.1655471163,0.0002861124,,False,,FLAT,FLAT,,,,,,
2023-01-26 15:00:00+00:00,1.0986498718,1.0988687451,1.0985242220,1.0987430952,0.0000000000,-0.0001797294,-0.0001346080,46.2064495707,0.0002902846,,False,,FLAT,FLAT,,,,,,
2023-01-26 16:00:00+00:00,1.0987430952,1.0990894413,1.0986770007,1.0990233467,0.0000000000,-0.0000077401,0.0001185544,54.1488037290,0.0002990100,,False,,FLAT,FLAT,,,,,,
2023-01-26 17:00:00+00:00,1.0990233467,1.0991240997,1.0988541473,1.0989549003,0.0000000000,0.0001069241,0.0003529268,52.1246218406,0.0002969345,,False,,FLAT,FLAT,,,,,,
2023-01-26 18:00:00+00:00,1.0989549003,1.0991383905,1.0988455188,1.0990290090,0.0000000000,0.0001365628,0.0003750528,54.1242390612,0.0002966443,,False,,FLAT,FLAT,,,,,,
2023-01-26 19:00:00+00:00,1.0990290090,1.0991440523,1.0988627547,1.0989777980,0.0000000000,0.0002984811,0.0004287742,52.4926468469,0.0002955481,,False,,FLAT,FLAT,,,,,,
2023-01-26 20:00:00+00:00,1.0989777980,1.0990331276,1.0987594786,1.0988148082,0.0000000000,0.0000652682,0.0004656159,47.5768109038,0.0002939839,,False,,FLAT,FLAT,,,,,,
2023-01-26 21:00:00+00:00,1.0988148082,1.0989018318,1.0987403695,1.0988273931,0.0000000000,-0.0001782980,0.0001249477,47.9818769522,0.0002845180,,False,,FLAT,FLAT,,,,,,
2023-01-26 22:00:00+00:00,1.0988273931,1.0989364984,1.0984925841,1.0986016895,0.0000000000,-0.0003214061,-0.0001055502,41.7510608684,0.0002959035,,False,,FLAT,FLAT,,,,,,
2023-01-26 23:00:00+00:00,1.0986016895,1.0987354791,1.0985169566,1.0986507461,0.0000000000,-0.0003441792,0.0000575897,43.4693475241,0.0002903763,,False,,FLAT,FLAT,,,,,,
2023-01-27 00:00:00+00:00,1.0986507461,1.0990108796,1.0985942236,1.0989543572,0.0000000000,-0.0000213297,0.0002213743,52.7577812038,0.0002993962,,False,,FLAT,FLAT,,,,,,
2023-01-27 01:00:00+00:00,1.0989543572,1.0990205851,1.0987631393,1.0988293672,0.0000000000,0.0000132497,0.0000127402,49.1755784776,0.0002963998,,False,,FLAT,FLAT,,,,,,
2023-01-27 02:00:00+00:00,1.0988293672,1.0989194378,1.0985741961,1.0986642667,0.0000000000,-0.0001484550,-0.0002611004,44.8441824989,0.0002998885,,False,,FLAT,FLAT,,,,,,
2023-01-27 03:00:00+00:00,1.0986642667,1.0987702378,1.0983126557,1.0984186268,0.0000000000,-0.0001666324,-0.0005918640,39.2981153899,0.0003111523,,False,,FLAT,FLAT,,,,,,
2023-01-27 04:00:00+00:00,1.0984186268,1.0984862933,1.0982904093,1.0983580758,0.0000000000,-0.0002663906,-0.0007588616,38.0489255847,0.0003029189,,False,,FLAT,FLAT,,,,,,
2023-01-27 05:00:00+00:00,1.0983580758,1.0984632969,1.0982015061,1.0983067272,0.0000000000,-0.0005893147,-0.0006566562,36.9755202843,0.0002999811,,False,,FLAT,FLAT,,,,,,
2023-01-27 06:00:00+00:00,1.0983067272,1.0983545058,1.0979517632,1.0979995418,0.0000000000,-0.0007551904,-0.0008563387,31.2887522997,0.0003073212,,False,,FLAT,FLAT,,,,,,
2023-01-27 07:00:00+00:00,1.0979995418,1.0980751891,1.0978268275,1.0979024747,0.0000000000,-0.0006933801,-0.0010276122,29.7326396489,0.0003031098,,False,,FLAT,FLAT,,,,,,
2023-01-27 08:00:00+00:00,1.0979024747,1.0980849903,1.0978102154,1.0979927310,0.0000000000,-0.0003877355,-0.0007687008,33.0660518929,0.0003010859,,False,,FLAT,FLAT,,,,,,
2023-01-27 09:00:00+00:00,1.0979927310,1.0981749520,1.0979017657,1.0980839867,0.0000000000,-0.0002495444,-0.0007234248,36.3536343812,0.0002990931,,False,,FLAT,FLAT,,,,,,
2023-01-27 10:00:00+00:00,1.0980839867,1.0982906114,1.0980080236,1.0982146482,0.0000000000,-0.0000838372,-0.0003961441,40.8345856304,0.0002979141,,False,,FLAT,FLAT,,,,,,
2023-01-27 11:00:00+00:00,1.0982146482,1.0983179081,1.0980457508,1.0981490107,0.0000000000,0.0001361283,-0.0005406947,39.3363505267,0.0002960744,,False,,FLAT,FLAT,,,,,,
2023-01-27 12:00:00+00:00,1.0981490107,1.0982332328,1.0980233723,1.0981075944,0.0000000000,0.0001868287,-0.0008332419,38.3794778806,0.0002899162,,False,,FLAT,FLAT,,,,,,
2023-01-27 13:00:00+00:00,1.0981075944,1.0981984218,1.0979495619,1.0980403892,0.0000000000,0.0000434049,-0.0008321643,36.8145431464,0.0002869836,,False,,FLAT,FLAT,,,,,,
2023-01-27 14:00:00+00:00,1.0980403892,1.0980857454,1.0979120425,1.0979573986,0.0000000000,-0.0001152809,-0.0009750519,34.9209202655,0.0002788922,,False,,FLAT,FLAT,,,,,,
2023-01-27 15:00:00+00:00,1.0979573986,1.0982277240,1.0978562667,1.0981265920,0.0000000000,-0.0000801812,-0.0007745434,41.5246064575,0.0002855039,,False,,FLAT,FLAT,,,,,,
2023-01-27 16:00:00+00:00,1.0981265920,1.0981998498,1.0980870307,1.0981602885,0.0000000000,0.0000102698,-0.0005956597,42.7701335790,0.0002731693,,False,,FLAT,FLAT,,,,,,
2023-01-27 17:00:00+00:00,1.0981602885,1.0982658905,1.0980607275,1.0981663296,0.0000000000,0.0000534876,-0.0006016081,43.0045224447,0.0002683117,,False,,FLAT,FLAT,,,,,,
2023-01-27 18:00:00+00:00,1.0981663296,1.0982513521,1.0980586987,1.0981437212,0.0000000000,0.0000941058,-0.0004168647,42.3061999771,0.0002629075,,False,,FLAT,FLAT,,,,,,
2023-01-27 19:00:00+00:00,1.0981437212,1.0982507182,1.0980877056,1.0981947026,0.0000000000,0.0002161322,-0.0004150942,44.4949757973,0.0002557722,,False,,FLAT,FLAT,,,,,,
2023-01-27 20:00:00+00:00,1.0981947026,1.0983681256,1.0981360108,1.0983094338,0.0000000000,0.0001665034,-0.0005868518,49.1686538678,0.0002540824,,False,,FLAT,FLAT,,,,,,
2023-01-27 21:00:00+00:00,1.0983094338,1.0984359620,1.0982005690,1.0983270972,0.0000000000,0.0001518983,-0.0004570956,49.8685166487,0.0002527474,,False,,FLAT,FLAT,,,,,,
2023-01-29 22:00:00+00:00,1.0983270972,1.0984159451,1.0982241660,1.0983130139,0.0000000000,0.0001335721,-0.0003197089,49.2858521273,0.0002483925,,False,,FLAT,FLAT,,,,,,
2023-01-29 23:00:00+00:00,1.0983130139,1.0984623948,1.0982553242,1.0984047051,0.0000000000,0.0002376592,-0.0000126743,53.1258796075,0.0002454410,,False,,FLAT,FLAT,,,,,,
2023-01-30 00:00:00+00:00,1.0984047051,1.0986013403,1.0983012891,1.0984979243,0.0000000000,0.0002761093,0.0001273250,56.7143661042,0.0002493417,,False,,FLAT,FLAT,,,,,,
2023-01-30 01:00:00+00:00,1.0984979243,1.0987915076,1.0984132945,1.0987068778,0.0000000000,0.0003618689,0.0003643342,63.4659420794,0.0002585468,,False,,FLAT,FLAT,,,,,,
2023-01-30 02:00:00+00:00,1.0987068778,1.0989052597,1.0985971871,1.0987955690,0.0000000000,0.0004265321,0.0007249795,65.8973858071,0.0002620844,,False,,FLAT,FLAT,,,,,,
2023-01-30 03:00:00+00:00,1.0987955690,1.0988725056,1.0986924260,1.0987693626,0.0000000000,0.0004154997,0.0007895855,64.5307771880,0.0002562269,,False,,FLAT,FLAT,,,,,,
2023-01-30 04:00:00+00:00,1.0987693626,1.0988500062,1.0986072137,1.0986878573,0.0000000000,0.0002577850,0.0006330883,60.3395413529,0.0002552673,,False,,FLAT,FLAT,,,,,,
2023-01-30 05:00:00+00:00,1.0986878573,1.0987933236,1.0985435655,1.0986490318,0.0000000000,0.0001375583,0.0005145737,58.3939177518,0.0002548738,,False,,FLAT,FLAT,,,,,,
2023-01-30 06:00:00+00:00,1.0986490318,1.0987271342,1.0985505887,1.0986286911,0.0000000000,-0.0000711625,0.0003770145,57.3505719997,0.0002492789,,False,,FLAT,FLAT,,,,,,
2023-01-30 07:00:00+00:00,1.0986286911,1.0987004036,1.0983684918,1.0984402043,0.0000000000,-0.0003234130,0.0002651676,48.6721524993,0.0002551813,,False,,FLAT,FLAT,,,,,,
2023-01-30 08:00:00+00:00,1.0984402043,1.0987424830,1.0983794080,1.0986816867,0.0000000000,-0.0000797946,0.0005228015,57.5375331882,0.0002628879,,False,,FLAT,FLAT,,,,,,
2023-01-30 09:00:00+00:00,1.0986816867,1.0987985974,1.0984847842,1.0986016949,0.0000000000,-0.0000784230,0.0005111886,54.1980993158,0.0002665255,,False,,FLAT,FLAT,,,,,,
2023-01-30 10:00:00+00:00,1.0986016949,1.0986519483,1.0985394158,1.0985896692,0.0000000000,-0.0000540324,0.0005758607,53.6935596935,0.0002555260,,False,,FLAT,FLAT,,,,,,
2023-01-30 11:00:00+00:00,1.0985896692,1.0986609694,1.0985178023,1.0985891025,0.0000000000,-0.0000360346,0.0004211814,53.6682045873,0.0002475003,,False,,FLAT,FLAT,,,,,,
2023-01-30 12:00:00+00:00,1.0985891025,1.0986812712,1.0984882667,1.0985804354,0.0000000000,0.0001276639,0.0003825916,53.2540239058,0.0002436078,,False,,FLAT,FLAT,,,,,,
2023-01-30 13:00:00+00:00,1.0985804354,1.0989103730,1.0984455428,1.0987754805,0.0000000000,0.0000853693,0.0005546982,60.6194822917,0.0002594094,,False,,FLAT,FLAT,,,,,,
2023-01-30 14:00:00+00:00,1.0987754805,1.0988628635,1.0985395680,1.0986269511,0.0000000000,0.0000229893,0.0004400425,53.6827854950,0.0002639727,,False,,FLAT,FLAT,,,,,,
2023-01-30 15:00:00+00:00,1.0986269511,1.0986959749,1.0985411983,1.0986102221,0.0000000000,0.0000187084,0.0003783660,52.9478812590,0.0002561729,,False,,FLAT,FLAT,,,,,,
2023-01-30 16:00:00+00:00,1.0986102221,1.0989369191,1.0985272695,1.0988539665,0.0000000000,0.0002410947,0.0004957917,61.2677794180,0.0002671356,,False,,FLAT,FLAT,,,,,,
2023-01-30 17:00:00+00:00,1.0988539665,1.0991152780,1.0988373452,1.0990986567,0.0000000000,0.0004717191,0.0007024861,67.4837136962,0.0002679068,,False,,FLAT,FLAT,,,,,,
2023-01-30 18:00:00+00:00,1.0990986567,1.0991921916,1.0988611591,1.0989546939,0.0000000000,0.0001631029,0.0005842415,61.2550587203,0.0002724158,,False,,FLAT,FLAT,,,,,,
2023-01-30 19:00:00+00:00,1.0989546939,1.0990591998,1.0988732745,1.0989777804,0.0000000000,0.0003193344,0.0005217342,61.8629614864,0.0002662379,,False,,FLAT,FLAT,,,,,,
2023-01-30 20:00:00+00:00,1.0989777804,1.0992525657,1.0989156187,1.0991904040,0.0000000000,0.0005281053,0.0006303878,66.9985567045,0.0002712885,,False,,FLAT,FLAT,,,,,,
2023-01-30 21:00:00+00:00,1.0991904040,1.0994543975,1.0990466669,1.0993106604,0.0000000000,0.0004156093,0.0005495393,69.5001836799,0.0002810344,,False,,FLAT,FLAT,,,,,,
2023-01-30 22:00:00+00:00,1.0993106604,1.0995335469,1.0992082404,1.0994311268,0.0000000000,0.0003024934,0.0005784132,71.8058229546,0.0002841967,,False,,FLAT,FLAT,,,,,,
2023-01-30 23:00:00+00:00,1.0994311268,1.0996430372,1.0993324068,1.0995443172,0.0000000000,0.0005365310,0.0007052932,73.8092353592,0.0002860848,,False,,FLAT,FLAT,,,,,,
2023-01-31 00:00:00+00:00,1.0995443172,1.0996699457,1.0993828793,1.0995085078,0.0000000000,0.0004829282,0.0007469369,72.0645982988,0.0002861549,,False,,FLAT,FLAT,,,,,,
2023-01-31 01:00:00+00:00,1.0995085078,1.0998883664,1.0993841854,1.0997640440,0.0000000000,0.0005218750,0.0010148939,76.3589822084,0.0003017282,,False,,FLAT,FLAT,,,,,,
2023-01-31 02:00:00+00:00,1.0997640440,1.0999221670,1.0997179221,1.0998760452,0.0000000000,0.0005143085,0.0011353737,77.9583389826,0.0002947651,,False,,FLAT,FLAT,,,,,,
2023-01-31 03:00:00+00:00,1.0998760452,1.1000128282,1.0997887166,1.0999254996,0.0000000000,0.0004496623,0.0013521859,78.6453106772,0.0002897184,,False,,FLAT,FLAT,,,,,,
2023-01-31 04:00:00+00:00,1.0999254996,1.1000397367,1.0998468541,1.0999610912,0.0000000000,0.0003790425,0.0011644906,79.1489848118,0.0002828016,,False,,FLAT,FLAT,,,,,,
2023-01-31 05:00:00+00:00,1.0999610912,1.1000558584,1.0997354544,1.0998302216,0.0000000000,0.0002925979,0.0011182639,72.3881624201,0.0002854875,,False,,FLAT,FLAT,,,,,,
2023-01-31 06:00:00+00:00,1.0998302216,1.0999571992,1.0997626356,1.0998896132,0.0000000000,0.0001141783,0.0011832844,73.4946790659,0.0002789929,,False,,FLAT,FLAT,,,,,,
2023-01-31 07:00:00+00:00,1.0998896132,1.1001042747,1.0998104239,1.1000250854,0.0000000000,0.0001355063,0.0013071155,75.8700390606,0.0002800542,,False,,FLAT,FLAT,,,,,,
2023-01-31 08:00:00+00:00,1.1000250854,1.1000603270,1.1000109643,1.1000462059,0.0000000000,0.0001097404,0.0013342405,76.2277280251,0.0002635762,,False,,FLAT,FLAT,,,,,,
2023-01-31 09:00:00+00:00,1.1000462059,1.1001140006,1.0999889805,1.1000567753,0.0000000000,0.0000869886,0.0011661116,76.4161346019,0.0002536794,,False,,FLAT,FLAT,,,,,,
2023-01-31 10:00:00+00:00,1.1000567753,1.1001322315,1.0997815787,1.0998570349,0.0000000000,0.0000243795,0.0011196556,65.8024423519,0.0002606060,,False,,FLAT,FLAT,,,,,,
2023-01-31 11:00:00+00:00,1.0998570349,1.0999586975,1.0996702643,1.0997719269,0.0000000000,-0.0001069982,0.0010574313,61.8598719360,0.0002625937,,False,,FLAT,FLAT,,,,,,
2023-01-31 12:00:00+00:00,1.0997719269,1.1000769028,1.0997380094,1.1000429852,0.0000000000,0.0000162722,0.0010820535,68.3616036400,0.0002680437,,False,,FLAT,FLAT,,,,,,
2023-01-31 13:00:00+00:00,1.1000429852,1.1001248808,1.0996168142,1.0996987098,0.0000000000,-0.0003158923,0.0005459501,55.4356144538,0.0002851882,,False,,FLAT,FLAT,,,,,,
2023-01-31 14:00:00+00:00,1.0996987098,1.0997721598,1.0995112493,1.0995846993,0.0000000000,-0.0004291378,0.0005732769,51.9335584642,0.0002834541,,False,,FLAT,FLAT,,,,,,
2023-01-31 15:00:00+00:00,1.0995846993,1.0996721854,1.0993049353,1.0993924214,0.0000000000,-0.0004224308,0.0003772970,46.5881706621,0.0002894395,,False,,FLAT,FLAT,,,,,,
2023-01-31 16:00:00+00:00,1.0993924214,1.0995144052,1.0992569821,1.0993789660,0.0000000000,-0.0003573113,0.0001715462,46.2295768223,0.0002871526,,False,,FLAT,FLAT,,,,,,
2023-01-31 17:00:00+00:00,1.0993789660,1.0994980276,1.0992997611,1.0994188227,0.0000000000,-0.0005673983,0.0000983910,47.5182003453,0.0002808036,,False,,FLAT,FLAT,,,,,,
2023-01-31 18:00:00+00:00,1.0994188227,1.0994633834,1.0992944801,1.0993390408,0.0000000000,-0.0003270614,-0.0000837579,45.1839149237,0.0002728107,,False,,FLAT,FLAT,,,,,,
2023-01-31 19:00:00+00:00,1.0993390408,1.0993958511,1.0990484046,1.0991052150,0.0000000000,-0.0004360595,-0.0003993492,39.1186468435,0.0002781419,,False,,FLAT,FLAT,,,,,,
2023-01-31 20:00:00+00:00,1.0991052150,1.0992373773,1.0990156342,1.0991477965,0.0000000000,-0.0002225091,-0.0003280659,40.6802797512,0.0002741134,,False,,FLAT,FLAT,,,,,,
2023-01-31 21:00:00+00:00,1.0991477965,1.0993406105,1.0990556548,1.0992484688,0.0000000000,-0.0001187009,-0.0004688053,44.3168455096,0.0002748878,,False,,FLAT,FLAT,,,,,,
2023-01-31 22:00:00+00:00,1.0992484688,1.0992940176,1.0990811058,1.0991266547,0.0000000000,-0.0002657477,-0.0006813409,41.0384885784,0.0002704610,,False,,FLAT,FLAT,,,,,,
2023-01-31 23:00:00+00:00,1.0991266547,1.0992090642,1.0989142262,1.0989966357,0.0000000000,-0.0003114645,-0.0008444789,37.8223835564,0.0002722022,,False,,FLAT,FLAT,,,,,,
2023-02-01 00:00:00+00:00,1.0989966357,1.0990635215,1.0989744227,1.0990413085,0.0000000000,-0.0000581441,-0.0008361957,39.5745667911,0.0002591234,,False,,FLAT,FLAT,,,,,,
2023-02-01 01:00:00+00:00,1.0990413085,1.0991346965,1.0989473629,1.0990407509,0.0000000000,-0.0000973897,-0.0007178114,39.5595824965,0.0002539955,,False,,FLAT,FLAT,,,,,,
2023-02-01 02:00:00+00:00,1.0990407509,1.0992637273,1.0989738389,1.0991968153,0.0000000000,-0.0000469898,-0.0006298794,45.7511656734,0.0002565593,,False,,FLAT,FLAT,,,,,,
2023-02-01 03:00:00+00:00,1.0991968153,1.0993166221,1.0989939561,1.0991137629,0.0000000000,-0.0000117291,-0.0008284561,43.2140950369,0.0002612812,,False,,FLAT,FLAT,,,,,,
2023-02-01 04:00:00+00:00,1.0991137629,1.0992111087,1.0989764303,1.0990737761,0.0000000000,0.0000701917,-0.0008839899,42.0062963727,0.0002593810,,False,,FLAT,FLAT,,,,,,
2023-02-01 05:00:00+00:00,1.0990737761,1.0991219756,1.0989827594,1.0990309589,0.0000000000,-0.0000094169,-0.0009325123,40.6947215512,0.0002507978,,False,,FLAT,FLAT,,,,,,
2023-02-01 06:00:00+00:00,1.0990309589,1.0992099241,1.0987610114,1.0989399766,0.0000000000,-0.0000916930,-0.0008337978,37.9809822619,0.0002649489,,False,,FLAT,FLAT,,,,,,
2023-02-01 07:00:00+00:00,1.0989399766,1.0990063528,1.0987556240,1.0988220002,0.0000000000,-0.0003409900,-0.0008637488,34.7454164112,0.0002639332,,False,,FLAT,FLAT,,,,,,
2023-02-01 08:00:00+00:00,1.0988220002,1.0990248214,1.0987114224,1.0989142436,0.0000000000,-0.0001815274,-0.0010260886,39.1129293227,0.0002674664,,False,,FLAT,FLAT,,,,,,
2023-02-01 09:00:00+00:00,1.0989142436,1.0991171950,1.0988052269,1.0990081783,0.0000000000,-0.0000596846,-0.0006279279,43.2764588611,0.0002706451,,False,,FLAT,FLAT,,,,,,
2023-02-01 10:00:00+00:00,1.0990081783,1.0991902403,1.0989430746,1.0991251367,0.0000000000,0.0000856917,-0.0004179420,48.0406643015,0.0002689680,,False,,FLAT,FLAT,,,,,,
2023-02-01 11:00:00+00:00,1.0991251367,1.0992119898,1.0989311490,1.0990180021,0.0000000000,0.0000710008,-0.0003405692,44.3648864523,0.0002698161,,False,,FLAT,FLAT,,,,,,
2023-02-01 12:00:00+00:00,1.0990180021,1.0991926457,1.0989448181,1.0991194616,0.0000000000,0.0002707094,-0.0002360463,48.3920969332,0.0002682455,,False,,FLAT,FLAT,,,,,,
2023-02-01 13:00:00+00:00,1.0991194616,1.0991886324,1.0990361017,1.0991052725,0.0000000000,0.0001738342,-0.0002851964,47.8702195838,0.0002599801,,False,,FLAT,FLAT,,,,,,
2023-02-01 14:00:00+00:00,1.0991052725,1.0991795307,1.0990228983,1.0990971565,0.0000000000,0.0000809623,-0.0002200270,47.5543142302,0.0002525982,,False,,FLAT,FLAT,,,,,,
2023-02-01 15:00:00+00:00,1.0990971565,1.0992734786,1.0989937487,1.0991700708,0.0000000000,0.0000408817,0.0000590078,50.7018858869,0.0002545361,,False,,FLAT,FLAT,,,,,,
2023-02-01 16:00:00+00:00,1.0991700708,1.0992265596,1.0988598670,1.0989163558,0.0000000000,-0.0000924884,-0.0002105638,41.3927742167,0.0002625473,,False,,FLAT,FLAT,,,,,,
2023-02-01 17:00:00+00:00,1.0989163558,1.0991469423,1.0988706958,1.0991012823,0.0000000000,-0.0000165399,-0.0001338973,48.7752450634,0.0002635258,,False,,FLAT,FLAT,,,,,,
2023-02-01 18:00:00+00:00,1.0991012823,1.0991627578,1.0990599351,1.0991214106,0.0000000000,0.0000146829,-0.0000047711,49.5205888851,0.0002520470,,False,,FLAT,FLAT,,,,,,
2023-02-01 19:00:00+00:00,1.0991214106,1.0994139103,1.0989576606,1.0992501603,0.0000000000,0.0001392087,0.0002306873,54.1192539624,0.0002666329,,False,,FLAT,FLAT,,,,,,
2023-02-01 20:00:00+00:00,1.0992501603,1.0993583225,1.0991613294,1.0992694916,0.0000000000,0.0000904507,0.0002076201,54.7852871370,0.0002616587,,False,,FLAT,FLAT,,,,,,
2023-02-01 21:00:00+00:00,1.0992694916,1.0993549177,1.0990314694,1.0991168955,0.0000000000,0.0001824886,0.0000692827,48.7671667384,0.0002660722,,False,,FLAT,FLAT,,,,,,
2023-02-01 22:00:00+00:00,1.0991168955,1.0993605386,1.0990003479,1.0992439910,0.0000000000,0.0001298412,0.0000429183,53.3623718825,0.0002727950,,False,,FLAT,FLAT,,,,,,
2023-02-01 23:00:00+00:00,1.0992439910,1.0994251229,1.0991397104,1.0993208423,0.0000000000,0.0001814465,0.0001884058,55.9360024470,0.0002736962,,False,,FLAT,FLAT,,,,,,
2023-02-02 00:00:00+00:00,1.0993208423,1.0994037432,1.0990858559,1.0991687568,0.0000000000,-0.0000740537,0.0000864189,50.0498227931,0.0002768527,,False,,FLAT,FLAT,,,,,,
2023-02-02 01:00:00+00:00,1.0991687568,1.0993756151,1.0990765734,1.0992834317,0.0000000000,0.0000126813,0.0002297231,53.9820166702,0.0002784376,,False,,FLAT,FLAT,,,,,,
2023-02-02 02:00:00+00:00,1.0992834317,1.0995027005,1.0991999759,1.0994192446,0.0000000000,0.0002750837,0.0004361185,58.1808649311,0.0002801724,,False,,FLAT,FLAT,,,,,,
2023-02-02 03:00:00+00:00,1.0994192446,1.0995206183,1.0992688120,1.0993701857,0.0000000000,0.0001148013,0.0004988847,56.1865368361,0.0002781463,,False,,FLAT,FLAT,,,,,,
2023-02-02 04:00:00+00:00,1.0993701857,1.0996990985,1.0992674533,1.0995963662,0.0000000000,0.0002506310,0.0006207241,62.5587270364,0.0002891105,,False,,FLAT,FLAT,,,,,,
2023-02-02 05:00:00+00:00,1.0995963662,1.0997108089,1.0995323695,1.0996468122,0.0000000000,0.0004349245,0.0005811003,63.8225208964,0.0002812054,,False,,FLAT,FLAT,,,,,,
2023-02-02 06:00:00+00:00,1.0996468122,1.0998255632,1.0996108237,1.0997895747,0.0000000000,0.0004604299,0.0006045153,67.1970279824,0.0002764578,,False,,FLAT,FLAT,,,,,,
2023-02-02 07:00:00+00:00,1.0997895747,1.0999404275,1.0996935357,1.0998443885,0.0000000000,0.0003866986,0.0007519316,68.4152065955,0.0002743460,,False,,FLAT,FLAT,,,,,,
2023-02-02 08:00:00+00:00,1.0998443885,1.0999043681,1.0996259391,1.0996859187,0.0000000000,0.0002871944,0.0005153735,61.3247433282,0.0002746376,,False,,FLAT,FLAT,,,,,,
2023-02-02 09:00:00+00:00,1.0996859187,1.0997790224,1.0996014620,1.0996945657,0.0000000000,0.0000893051,0.0005361572,61.5588561905,0.0002677035,,False,,FLAT,FLAT,,,,,,
2023-02-02 10:00:00+00:00,1.0996945657,1.0998019018,1.0996238513,1.0997311874,0.0000000000,0.0000767294,0.0005768652,62.5916521250,0.0002612998,,False,,FLAT,FLAT,,,,,,
2023-02-02 11:00:00+00:00,1.0997311874,1.0997710370,1.0995283077,1.0995681573,0.0000000000,-0.0002013270,0.0003621701,55.4494860605,0.0002599733,,False,,FLAT,FLAT,,,,,,
2023-02-02 12:00:00+00:00,1.0995681573,1.0996593396,1.0993757868,1.0994669691,0.0000000000,-0.0003431571,0.0005010511,51.5199936103,0.0002616575,,False,,FLAT,FLAT,,,,,,
2023-02-02 13:00:00+00:00,1.0994669691,1.0996609805,1.0993923815,1.0995863930,0.0000000000,-0.0000905037,0.0004413703,55.5258247623,0.0002621534,,False,,FLAT,FLAT,,,,,,
2023-02-02 14:00:00+00:00,1.0995863930,1.0996523981,1.0995554630,1.0996214681,0.0000000000,-0.0000664708,0.0004549611,56.6585543653,0.0002503521,,False,,FLAT,FLAT,,,,,,
2023-02-02 15:00:00+00:00,1.0996214681,1.0996582819,1.0994419297,1.0994787435,0.0000000000,-0.0002295506,0.0002079447,50.9698214448,0.0002479235,,False,,FLAT,FLAT,,,,,,
2023-02-02 16:00:00+00:00,1.0994787435,1.0995511948,1.0993188213,1.0993912726,0.0000000000,-0.0001608675,0.0001107836,47.8021037739,0.0002468128,,False,,FLAT,FLAT,,,,,,
2023-02-02 17:00:00+00:00,1.0993912726,1.0994349279,1.0992959964,1.0993396517,0.0000000000,-0.0001157991,0.0002026684,45.9857401706,0.0002391070,,False,,FLAT,FLAT,,,,,,
2023-02-02 18:00:00+00:00,1.0993396517,1.0993860387,1.0992778901,1.0993242771,0.0000000000,-0.0002383768,0.0000730375,45.4320292860,0.0002297528,,False,,FLAT,FLAT,,,,,,
2023-02-02 19:00:00+00:00,1.0993242771,1.0994127038,1.0992248569,1.0993132836,0.0000000000,-0.0002802642,-0.0000068758,45.0146537449,0.0002267595,,False,,FLAT,FLAT,,,,,,
2023-02-02 20:00:00+00:00,1.0993132836,1.0993971365,1.0991552552,1.0992391081,0.0000000000,-0.0002179537,0.0000640041,42.1977896205,0.0002278397,,False,,FLAT,FLAT,,,,,,
2023-02-02 21:00:00+00:00,1.0992391081,1.0993595386,1.0991522438,1.0992726743,0.0000000000,-0.0001078763,-0.0000097858,43.9083453569,0.0002263722,,False,,FLAT,FLAT,,,,,,
2023-02-02 22:00:00+00:00,1.0992726743,1.0993578903,1.0990580314,1.0991432474,0.0000000000,-0.0001786566,-0.0002510391,39.1031540956,0.0002316212,,False,,FLAT,FLAT,,,,,,
2023-02-02 23:00:00+00:00,1.0991432474,1.0993225173,1.0990968317,1.0992761015,0.0000000000,-0.0000438229,-0.0000855800,45.6751500891,0.0002311973,,False,,FLAT,FLAT,,,,,,
2023-02-03 00:00:00+00:00,1.0992761015,1.0993678077,1.0991396084,1.0992313146,0.0000000000,-0.0000745638,-0.0003319868,43.9530729610,0.0002309831,,False,,FLAT,FLAT,,,,,,
2023-02-03 01:00:00+00:00,1.0992313146,1.0993332806,1.0989799637,1.0990819297,0.0000000000,-0.0001429883,-0.0005136945,38.7105292835,0.0002397212,,False,,FLAT,FLAT,,,,,,
2023-02-03 02:00:00+00:00,1.0990819297,1.0991497053,1.0990456490,1.0991134247,0.0000000000,-0.0001448682,-0.0006147994,40.3265745526,0.0002300309,,False,,FLAT,FLAT,,,,,,
2023-02-03 03:00:00+00:00,1.0991134247,1.0991780015,1.0989517187,1.0990162955,0.0000000000,-0.0001155008,-0.0007529183,37.0794877171,0.0002297632,,False,,FLAT,FLAT,,,,,,
2023-02-03 04:00:00+00:00,1.0990162955,1.0992098235,1.0989487606,1.0991422886,0.0000000000,-0.0001217282,-0.0004943503,43.4413389147,0.0002319989,,False,,FLAT,FLAT,,,,,,
2023-02-03 05:00:00+00:00,1.0991422886,1.0992855041,1.0987993332,1.0989425486,0.0000000000,-0.0002626982,-0.0006838418,37.0463519331,0.0002501540,,False,,FLAT,FLAT,,,,,,
2023-02-03 06:00:00+00:00,1.0989425486,1.0989802395,1.0988405344,1.0988782253,0.0000000000,-0.0001853405,-0.0007756096,35.2468810568,0.0002422648,,False,,FLAT,FLAT,,,,,,
2023-02-03 07:00:00+00:00,1.0988782253,1.0989223650,1.0987734349,1.0988175746,0.0000000000,-0.0002691716,-0.0006826159,33.5901068049,0.0002355980,,False,,FLAT,FLAT,,,,,,
2023-02-03 08:00:00+00:00,1.0988175746,1.0990155937,1.0987286620,1.0989266812,0.0000000000,-0.0000815405,-0.0004914089,39.1328547212,0.0002392647,,False,,FLAT,FLAT,,,,,,
2023-02-03 09:00:00+00:00,1.0989266812,1.0991713854,1.0988127792,1.0990574835,0.0000000000,-0.0000771558,-0.0004810077,45.0536541880,0.0002477891,,False,,FLAT,FLAT,,,,,,
2023-02-03 10:00:00+00:00,1.0990574835,1.0991456964,1.0989755396,1.0990637525,0.0000000000,0.0001102914,-0.0005071887,45.3281483589,0.0002422440,,False,,FLAT,FLAT,,,,,,
2023-02-03 11:00:00+00:00,1.0990637525,1.0992207879,1.0987834048,1.0989404401,0.0000000000,0.0000566166,-0.0004895987,40.9903914678,0.0002561825,,False,,FLAT,FLAT,,,,,,
2023-02-03 12:00:00+00:00,1.0989404401,1.0990549390,1.0987603451,1.0988748440,0.0000000000,0.0000521192,-0.0004697405,38.8600168313,0.0002589261,,False,,FLAT,FLAT,,,,,,
2023-02-03 13:00:00+00:00,1.0988748440,1.0989943956,1.0988216346,1.0989411862,0.0000000000,0.0000131993,-0.0003624590,42.1355504365,0.0002527715,,False,,FLAT,FLAT,,,,,,
2023-02-03 14:00:00+00:00,1.0989411862,1.0992441813,1.0988829528,1.0991859479,0.0000000000,0.0001168860,-0.0001258310,52.2909351989,0.0002605184,,False,,FLAT,FLAT,,,,,,
2023-02-03 15:00:00+00:00,1.0991859479,1.0992673865,1.0990811485,1.0991625870,0.0000000000,0.0000899261,-0.0001370825,51.3643668369,0.0002552127,,False,,FLAT,FLAT,,,,,,
2023-02-03 16:00:00+00:00,1.0991625870,1.0992542639,1.0989848694,1.0990765463,0.0000000000,0.0001238522,-0.0001478857,47.9913913783,0.0002562257,,False,,FLAT,FLAT,,,,,,
2023-02-03 17:00:00+00:00,1.0990765463,1.0992110225,1.0990095291,1.0991440053,0.0000000000,0.0002449426,-0.0001170492,50.7235817327,0.0002523162,,False,,FLAT,FLAT,,,,,,
2023-02-03 18:00:00+00:00,1.0991440053,1.0994712475,1.0990818645,1.0994091066,0.0000000000,0.0004257921,0.0002418786,59.6863901366,0.0002621067,,False,,FLAT,FLAT,,,,,,
2023-02-03 19:00:00+00:00,1.0994091066,1.0995023379,1.0991898930,1.0992831243,0.0000000000,0.0000884075,0.0000063885,54.6035290373,0.0002657023,,False,,FLAT,FLAT,,,,,,
2023-02-03 20:00:00+00:00,1.0992831243,1.0994430269,1.0992185323,1.0993784349,0.0000000000,0.0001963748,0.0001338392,57.5488881262,0.0002627589,,False,,FLAT,FLAT,,,,,,
2023-02-03 21:00:00+00:00,1.0993784349,1.0994637413,1.0992048162,1.0992901226,0.0000000000,0.0001943234,0.0001894244,54.0496509707,0.0002624850,,False,,FLAT,FLAT,,,,,,
2023-02-05 22:00:00+00:00,1.0992901226,1.0994219582,1.0992039455,1.0993357811,0.0000000000,0.0001744774,0.0002023052,55.5543521272,0.0002593084,,False,,FLAT,FLAT,,,,,,
2023-02-05 23:00:00+00:00,1.0993357811,1.0994223971,1.0990959095,1.0991825256,0.0000000000,-0.0002060935,0.0001512535,49.6743988343,0.0002641069,,False,,FLAT,FLAT,,,,,,
2023-02-06 00:00:00+00:00,1.0991825256,1.0993310938,1.0990954854,1.0992440536,0.0000000000,-0.0000355419,0.0000925858,51.8765849471,0.0002620713,1.0000000000,True,,FLAT,FLAT,,,,,,
2023-02-06 01:00:00+00:00,1.0992440536,1.0995703839,1.0991553767,1.0994817069,0.0000000000,0.0000939367,0.0004906156,59.2871586267,0.0002729953,1.0000000000,True,,FLAT,FLAT,,,,,,
2023-02-06 02:00:00+00:00,1.0994817069,1.0997308730,1.0994127213,1.0996618875,0.0000000000,0.0003381863,0.0007131474,63.8343248825,0.0002762208,2.0000000000,True,,FLAT,FLAT,,,,,,
2023-02-06 03:00:00+00:00,1.0996618875,1.0999077883,1.0995927210,1.0998386219,0.0000000000,0.0004574042,0.0009292236,67.6508653543,0.0002789955,2.0000000000,True,,FLAT,FLAT,,,,,,
2023-02-06 04:00:00+00:00,1.0998386219,1.0999550390,1.0997859466,1.0999023638,0.0000000000,0.0006548850,0.0008878505,68.9245997311,0.0002711453,1.0000000000,True,,FLAT,FLAT,,,,,,
2023-02-06 05:00:00+00:00,1.0999023638,1.1001500568,1.0998021067,1.1000497998,0.0000000000,0.0007330002,0.0009028794,71.7002326716,0.0002766314,2.0000000000,True,,FLAT,FLAT,,,,,,
2023-02-06 06:00:00+00:00,1.1000497998,1.1001484855,1.0997986590,1.0998973447,0.0000000000,0.0003780307,0.0007584566,65.2137740980,0.0002818596,2.0000000000,True,,FLAT,FLAT,,,,,,
2023-02-06 07:00:00+00:00,1.0998973447,1.0999943348,1.0997499841,1.0998469742,0.0000000000,0.0001683124,0.0008249165,63.1800775539,0.0002791804,2.0000000000,True,,FLAT,FLAT,,,,,,
2023-02-06 08:00:00+00:00,1.0998469742,1.0999126271,1.0996789757,1.0997446285,0.0000000000,-0.0000854610,0.0007915228,59.1442062886,0.0002759283,2.0000000000,True,,FLAT,FLAT,,,,,,
2023-02-06 09:00:00+00:00,1.0997446285,1.0998280658,1.0994979941,1.0995814314,0.0000000000,-0.0002917826,0.0005826019,53.2977409712,0.0002797957,2.0000000000,True,,FLAT,FLAT,,,,,,
2023-02-06 10:00:00+00:00,1.0995814314,1.0996676099,1.0994380641,1.0995242426,0.0000000000,-0.0004777576,0.0003077684,51.3809835379,0.0002762064,2.0000000000,True,,FLAT,FLAT,,,,,,
2023-02-06 11:00:00+00:00,1.0995242426,1.0996967300,1.0994271975,1.0995996849,0.0000000000,-0.0002706251,0.0003976644,53.7442486418,0.0002757297,2.0000000000,True,,FLAT,FLAT,,,,,,
2023-02-06 12:00:00+00:00,1.0995996849,1.0996211090,1.0994636201,1.0994850442,0.0000000000,-0.0003290731,0.0003716737,49.7841499142,0.0002672839,1.0000000000,True,,FLAT,FLAT,,,,,,
2023-02-06 13:00:00+00:00,1.0994850442,1.0995687597,1.0994214452,1.0995051607,0.0000000000,-0.0002177485,0.0003285788,50.4737678166,0.0002587147,1.0000000000,True,,FLAT,FLAT,,,,,,
2023-02-06 14:00:00+00:00,1.0995051607,1.0996925374,1.0994371001,1.0996244767,0.0000000000,0.0000391470,0.0001958962,54.4678391300,0.0002584806,1.0000000000,True,,FLAT,FLAT,,,,,,
2023-02-06 15:00:00+00:00,1.0996244767,1.0996727591,1.0995779302,1.0996262126,0.0000000000,0.0000927401,0.0003121018,54.5252967558,0.0002467912,0.0000000000,True,,FLAT,FLAT,,,,,,
2023-02-06 16:00:00+00:00,1.0996262126,1.0997334037,1.0995737698,1.0996809610,0.0000000000,0.0000739142,0.0002751792,56.3943320832,0.0002405657,0.0000000000,True,,FLAT,FLAT,,,,,,
2023-02-06 17:00:00+00:00,1.0996809610,1.0997559315,1.0996406566,1.0997156271,0.0000000000,0.0002097191,0.0003870721,57.5831218430,0.0002316163,0.0000000000,True,,FLAT,FLAT,,,,,,
2023-02-06 18:00:00+00:00,1.0997156271,1.0999145517,1.0996763989,1.0998753235,0.0000000000,0.0003366630,0.0004907895,62.6365180749,0.0002320832,0.0000000000,True,,FLAT,FLAT,,,,,,
2023-02-06 19:00:00+00:00,1.0998753235,1.0999335105,1.0997969367,1.0998551237,0.0000000000,0.0002097507,0.0006119076,61.6362475094,0.0002252611,0.0000000000,True,,FLAT,FLAT,,,,,,
2023-02-06 20:00:00+00:00,1.0998551237,1.0999226673,1.0997216147,1.0997891584,0.0000000000,0.0001481829,0.0004958905,58.3587001812,0.0002235319,0.0000000000,True,,FLAT,FLAT,,,,,,
2023-02-06 21:00:00+00:00,1.0997891584,1.0999907228,1.0996910787,1.0998926432,0.0000000000,0.0001924942,0.0003737546,61.7912825508,0.0002289685,0.0000000000,True,,FLAT,FLAT,,,,,,
2023-02-06 22:00:00+00:00,1.0998926432,1.0999286312,1.0998291140,1.0998651020,0.0000000000,0.0001359214,0.0001847973,60.3651061486,0.0002197220,0.0000000000,True,,FLAT,FLAT,,,,,,
2023-02-06 23:00:00+00:00,1.0998651020,1.0999406365,1.0996895282,1.0997650626,0.0000000000,-0.0001002485,-0.0000668818,55.3663188351,0.0002219639,0.0000000000,True,,FLAT,FLAT,,,,,,
2023-02-07 00:00:00+00:00,1.0997650626,1.1000792553,1.0996594696,1.0999736623,0.0000000000,0.0001077766,0.0000648226,62.3647517107,0.0002360940,0.0000000000,True,,FLAT,FLAT,,,,,,
2023-02-07 01:00:00+00:00,1.0999736623,1.1002413170,1.0998968115,1.1001644663,0.0000000000,0.0003412544,0.0001042375,67.3999329462,0.0002438377,0.0000000000,True,,FLAT,FLAT,,,,,,
2023-02-07 02:00:00+00:00,1.1001644663,1.1002483398,1.0999273868,1.1000112603,0.0000000000,0.0001078443,0.0001035693,60.4110234576,0.0002493459,0.0000000000,True,,FLAT,FLAT,,,,,,
2023-02-07 03:00:00+00:00,1.1000112603,1.1002195477,1.0999255936,1.1001338810,0.0000000000,0.0002443745,0.0002608606,63.6590453680,0.0002525322,0.0000000000,True,,FLAT,FLAT,,,,,,
2023-02-07 04:00:00+00:00,1.1001338810,1.1002207697,1.0999771036,1.1000639923,0.0000000000,0.0002718123,0.0002903982,60.6069730695,0.0002518989,0.0000000000,True,,FLAT,FLAT,,,,,,
2023-02-07 05:00:00+00:00,1.1000639923,1.1001534781,1.0998727684,1.0999622541,0.0000000000,-0.0000103713,0.0003463342,56.3700951461,0.0002539568,1.0000000000,True,,FLAT,FLAT,,,,,,
2023-02-07 06:00:00+00:00,1.0999622541,1.1001504580,1.0998752200,1.1000634239,0.0000000000,-0.0000918429,0.0004903769,59.4089185266,0.0002554769,1.0000000000,True,,FLAT,FLAT,,,,,,
2023-02-07 07:00:00+00:00,1.1000634239,1.1001394509,1.1000160016,1.1000920285,0.0000000000,0.0000734249,0.0004477481,60.2518787828,0.0002460464,0.0000000000,True,,FLAT,FLAT,,,,,,
2023-02-07 08:00:00+00:00,1.1000920285,1.1002877637,1.0999535501,1.1001492853,0.0000000000,0.0000140022,0.0006041384,61.9550162172,0.0002523440,0.0000000000,True,,FLAT,FLAT,,,,,,
2023-02-07 09:00:00+00:00,1.1001492853,1.1002472218,1.0997831555,1.0998810920,0.0000000000,-0.0001662633,0.0003419095,50.9439069071,0.0002674671,1.0000000000,True,,FLAT,FLAT,,,,,,
2023-02-07 10:00:00+00:00,1.0998810920,1.0999648171,1.0997317116,1.0998154366,0.0000000000,-0.0001334750,0.0001736592,48.6637372375,0.0002650127,1.0000000000,True,,FLAT,FLAT,,,,,,
2023-02-07 11:00:00+00:00,1.0998154366,1.0999447270,1.0997625727,1.0998918630,0.0000000000,-0.0001559555,0.0002415825,51.3911317096,0.0002590942,1.0000000000,True,,FLAT,FLAT,,,,,,
2023-02-07 12:00:00+00:00,1.0998918630,1.1001801770,1.0998503020,1.1001386160,0.0000000000,0.0000423487,0.0004161707,58.9703654069,0.0002641500,1.0000000000,True,,FLAT,FLAT,,,,,,
2023-02-07 13:00:00+00:00,1.1001386160,1.1002019963,1.0998634892,1.0999268695,0.0000000000,-0.0002021687,0.0001920882,51.5432516821,0.0002694612,1.0000000000,True,,FLAT,FLAT,,,,,,
2023-02-07 14:00:00+00:00,1.0999268695,1.0999857769,1.0998557728,1.0999146802,0.0000000000,0.0000305380,0.0000357829,51.1439267723,0.0002595000,1.0000000000,True,,FLAT,FLAT,,,,,,
2023-02-07 15:00:00+00:00,1.0999146802,1.0999854479,1.0997921691,1.0998629368,0.0000000000,0.0000431892,0.0000071038,49.3945009283,0.0002547699,1.0000000000,True,,FLAT,FLAT,,,,,,
2023-02-07 16:00:00+00:00,1.0998629368,1.0999679362,1.0997871422,1.0998921416,0.0000000000,0.0000002533,0.0000936391,50.4252337146,0.0002494859,0.0000000000,True,,FLAT,FLAT,,,,,,
2023-02-07 17:00:00+00:00,1.0998921416,1.0999417044,1.0998327722,1.0998823350,0.0000000000,-0.0002329534,-0.0000093720,50.0565445727,0.0002394464,0.0000000000,True,,FLAT,FLAT,,,,,,
2023-02-07 18:00:00+00:00,1.0998823350,1.1001874505,1.0998016415,1.1001067570,0.0000000000,0.0001635450,0.0002197133,57.6820154025,0.0002499008,0.0000000000,True,,FLAT,FLAT,,,,,,
2023-02-07 19:00:00+00:00,1.1001067570,1.1003125609,1.1000274476,1.1002332514,0.0000000000,0.0002896327,0.0004257171,61.2713280753,0.0002524160,0.0000000000,True,,FLAT,FLAT,,,,,,
2023-02-07 20:00:00+00:00,1.1002332514,1.1003505133,1.1000085176,1.1001257794,0.0000000000,0.0002389776,0.0001382916,56.8587521783,0.0002588146,1.0000000000,True,,FLAT,FLAT,,,,,,
2023-02-07 21:00:00+00:00,1.1001257794,1.1001759237,1.1000557550,1.1001058993,0.0000000000,0.0001943442,-0.0000532348,56.0545674575,0.0002489113,0.0000000000,True,,FLAT,FLAT,,,,,,
2023-02-07 22:00:00+00:00,1.1001058993,1.1002094112,1.1000249609,1.1001284728,0.0000000000,0.0002237856,0.0001065557,56.8016864025,0.0002443069,0.0000000000,True,,FLAT,FLAT,,,,,,
2023-02-07 23:00:00+00:00,1.1001284728,1.1001587977,1.1000089712,1.1000392961,0.0000000000,-0.0000613222,-0.0000859758,52.9703940434,0.0002375583,0.0000000000,True,,FLAT,FLAT,,,,,,
2023-02-08 00:00:00+00:00,1.1000392961,1.1003037139,1.0999465680,1.1002109858,0.0000000000,-0.0000202372,0.0001336227,58.7405186919,0.0002461003,0.0000000000,True,,FLAT,FLAT,,,,,,
2023-02-08 01:00:00+00:00,1.1002109858,1.1002866227,1.1000130861,1.1000887230,0.0000000000,-0.0000336838,0.0001149757,53.6888738405,0.0002480600,0.0000000000,True,,FLAT,FLAT,,,,,,
2023-02-08 02:00:00+00:00,1.1000887230,1.1003453128,1.0999842450,1.1002408348,0.0000000000,0.0001226569,0.0001612733,58.4737524961,0.0002561320,1.0000000000,True,,FLAT,FLAT,,,,,,
2023-02-08 03:00:00+00:00,1.1002408348,1.1003461837,1.1001413103,1.1002466591,0.0000000000,0.0001074295,0.0001405615,58.6499209428,0.0002524707,0.0000000000,True,,FLAT,FLAT,,,,,,
2023-02-08 04:00:00+00:00,1.1002466591,1.1002844509,1.1000277900,1.1000655817,0.0000000000,0.0000238952,-0.0000760838,51.3554102462,0.0002527700,0.0000000000,True,,FLAT,FLAT,,,,,,
2023-02-08 05:00:00+00:00,1.1000655817,1.1001406143,1.0999607425,1.1000357750,0.0000000000,-0.0001592520,0.0001406361,50.2475676955,0.0002475630,0.0000000000,True,,FLAT,FLAT,,,,,,
2023-02-08 06:00:00+00:00,1.1000357750,1.1002468902,1.0999123716,1.1001234867,0.0000000000,0.0000316008,0.0002800925,53.4311473789,0.0002537741,0.0000000000,True,,FLAT,FLAT,,,,,,
2023-02-08 07:00:00+00:00,1.1001234867,1.1002508875,1.0999468286,1.1000742294,0.0000000000,-0.0001514263,0.0001658039,51.4404546733,0.0002573659,1.0000000000,True,,FLAT,FLAT,,,,,,
2023-02-08 08:00:00+00:00,1.1000742294,1.1001368250,1.0996631649,1.0997257605,0.0000000000,-0.0004734381,-0.0003752759,40.0673660343,0.0002728155,2.0000000000,True,,FLAT,FLAT,,,,,,
2023-02-08 09:00:00+00:00,1.0997257605,1.0997911317,1.0996183162,1.0996836874,0.0000000000,-0.0003471559,-0.0002210893,38.9477209814,0.0002656726,1.0000000000,True,,FLAT,FLAT,,,,,,
2023-02-08 10:00:00+00:00,1.0996836874,1.0998299033,1.0995953724,1.0997415883,0.0000000000,-0.0002674338,-0.0001573685,41.3756369389,0.0002634482,1.0000000000,True,,FLAT,FLAT,,,,,,
2023-02-08 11:00:00+00:00,1.0997415883,1.0998190463,1.0994977131,1.0995751711,0.0000000000,-0.0004984128,-0.0002616378,36.8408297334,0.0002675828,1.0000000000,True,,FLAT,FLAT,,,,,,
2023-02-08 12:00:00+00:00,1.0995751711,1.0996126939,1.0994755797,1.0995131025,0.0000000000,-0.0005100809,-0.0003446148,35.2873989305,0.0002582636,1.0000000000,True,,FLAT,FLAT,,,,,,
2023-02-08 13:00:00+00:00,1.0995131025,1.0996627328,1.0994028072,1.0995524375,0.0000000000,-0.0001576057,-0.0002999389,37.0975770540,0.0002583824,1.0000000000,True,,FLAT,FLAT,,,,,,
2023-02-08 14:00:00+00:00,1.0995524375,1.0996677757,1.0994725608,1.0995878990,0.0000000000,-0.0000871054,-0.0004716433,38.7607094591,0.0002538704,0.0000000000,True,,FLAT,FLAT,,,,,,
2023-02-08 15:00:00+00:00,1.0995878990,1.0996852821,1.0994669280,1.0995643111,0.0000000000,-0.0001611990,-0.0006079987,38.0402332947,0.0002513335,0.0000000000,True,,FLAT,FLAT,,,,,,
2023-02-08 16:00:00+00:00,1.0995643111,1.0997020732,1.0992812884,1.0994190505,0.0000000000,-0.0001419826,-0.0006424074,33.8655115639,0.0002634372,1.0000000000,True,,FLAT,FLAT,,,,,,
2023-02-08 17:00:00+00:00,1.0994190505,1.0996146992,1.0993094331,1.0995050818,0.0000000000,-0.0000072948,-0.0005461451,38.1918784308,0.0002664250,1.0000000000,True,,FLAT,FLAT,,,,,,
2023-02-08 18:00:00+00:00,1.0995050818,1.0995932872,1.0993805413,1.0994687467,0.0000000000,-0.0000761135,-0.0005996810,37.0883395648,0.0002625907,1.0000000000,True,,FLAT,FLAT,,,,,,
2023-02-08 19:00:00+00:00,1.0994687467,1.0995508815,1.0993767296,1.0994588644,0.0000000000,-0.0001173482,-0.0005276463,36.7770895090,0.0002562737,1.0000000000,True,,FLAT,FLAT,,,,,,
2023-02-08 20:00:00+00:00,1.0994588644,1.0996553417,1.0993647004,1.0995611778,0.0000000000,-0.0000028496,-0.0005906213,42.1866245219,0.0002587285,1.0000000000,True,,FLAT,FLAT,,,,,,
2023-02-08 21:00:00+00:00,1.0995611778,1.0996228197,1.0994072761,1.0994689180,0.0000000000,0.0000453580,-0.0005634136,38.9502396134,0.0002556439,1.0000000000,True,,FLAT,FLAT,,,,,,
2023-02-08 22:00:00+00:00,1.0994689180,1.0995982216,1.0992784544,1.0994077580,0.0000000000,-0.0000885160,-0.0007571767,36.9277859209,0.0002602241,1.0000000000,True,,FLAT,FLAT,,,,,,
2023-02-08 23:00:00+00:00,1.0994077580,1.0995721250,1.0993476953,1.0995120623,0.0000000000,0.0000393969,-0.0006676656,42.4189851276,0.0002576674,1.0000000000,True,,FLAT,FLAT,,,,,,
2023-02-09 00:00:00+00:00,1.0995120623,1.0995523033,1.0993502755,1.0993905165,0.0000000000,-0.0000621651,-0.0006136591,38.2408775686,0.0002536931,0.0000000000,True,,FLAT,FLAT,,,,,,
2023-02-09 01:00:00+00:00,1.0993905165,1.0994964041,1.0992977285,1.0994036161,0.0000000000,-0.0001432951,-0.0005746713,38.9389263611,0.0002497633,0.0000000000,True,,FLAT,FLAT,,,,,,
2023-02-09 02:00:00+00:00,1.0994036161,1.0994405656,1.0993654492,1.0994023988,0.0000000000,-0.0000605013,-0.0006554609,38.8949315131,0.0002372885,0.0000000000,True,,FLAT,FLAT,,,,,,
2023-02-09 03:00:00+00:00,1.0994023988,1.0994922589,1.0993303384,1.0994201985,0.0000000000,0.0000113156,-0.0005945334,39.9630957661,0.0002319051,0.0000000000,True,,FLAT,FLAT,,,,,,
2023-02-09 04:00:00+00:00,1.0994201985,1.0995211927,1.0992862188,1.0993872131,0.0000000000,-0.0001135497,-0.0003078471,38.6159319353,0.0002321243,0.0000000000,True,,FLAT,FLAT,,,,,,
2023-02-09 05:00:00+00:00,1.0993872131,1.0996067257,1.0993336036,1.0995531162,0.0000000000,0.0001478999,-0.0001187352,48.0935542905,0.0002350527,0.0000000000,True,,FLAT,FLAT,,,,,,
2023-02-09 06:00:00+00:00,1.0995531162,1.0996981646,1.0994383650,1.0995834134,0.0000000000,0.0001635408,-0.0001438292,49.6232533323,0.0002368203,0.0000000000,True,,FLAT,FLAT,,,,,,
2023-02-09 07:00:00+00:00,1.0995834134,1.0997855096,1.0994671994,1.0996692956,0.0000000000,0.0002427654,0.0000856008,53.7812910941,0.0002426410,0.0000000000,True,,FLAT,FLAT,,,,,,
2023-02-09 08:00:00+00:00,1.0996692956,1.0998559499,1.0995933858,1.0997800400,0.0000000000,0.0003273012,0.0002427779,58.5341217317,0.0002440641,0.0000000000,True,,FLAT,FLAT,,,,,,
2023-02-09 09:00:00+00:00,1.0997800400,1.1000149411,1.0997533846,1.0999882857,0.0000000000,0.0005467343,0.0003963870,65.6808856224,0.0002453136,0.0000000000,True,,FLAT,FLAT,,,,,,
2023-02-09 10:00:00+00:00,1.0999882857,1.1000669383,1.0998880226,1.0999666752,0.0000000000,0.0003761155,0.0003444710,64.4396745624,0.0002405709,0.0000000000,True,,FLAT,FLAT,,,,,,
2023-02-09 11:00:00+00:00,1.0999666752,1.1000798161,1.0998814094,1.0999945503,0.0000000000,0.0003739025,0.0003912816,65.3492849666,0.0002375591,0.0000000000,True,,FLAT,FLAT,,,,,,
2023-02-09 12:00:00+00:00,1.0999945503,1.1000695367,1.0998899256,1.0999649120,0.0000000000,0.0002688230,0.0004964999,63.4897054243,0.0002334200,0.0000000000,True,,FLAT,FLAT,,,,,,
2023-02-09 13:00:00+00:00,1.0999649120,1.1001979435,1.0998818429,1.1001148744,0.0000000000,0.0003044558,0.0005546064,68.3908732622,0.0002393258,0.0000000000,True,,FLAT,FLAT,,,,,,
2023-02-09 14:00:00+00:00,1.1001148744,1.1001803861,1.0998657664,1.0999312780,0.0000000000,-0.0000518257,0.0004206862,58.1065509743,0.0002447039,0.0000000000,True,,FLAT,FLAT,,,,,,
2023-02-09 15:00:00+00:00,1.0999312780,1.0999462393,1.0998049520,1.0998199133,0.0000000000,-0.0001334240,0.0003283878,52.9092538830,0.0002373170,0.0000000000,True,,FLAT,FLAT,,,,,,
2023-02-09 16:00:00+00:00,1.0998199133,1.0999078447,1.0996871110,1.0997750424,0.0000000000,-0.0001995537,0.0001945000,50.9325151139,0.0002361325,0.0000000000,True,,FLAT,FLAT,,,,,,
2023-02-09 17:00:00+00:00,1.0997750424,1.0998672558,1.0995106232,1.0996028366,0.0000000000,-0.0003291699,0.0001218030,44.1198227992,0.0002447396,0.0000000000,True,,FLAT,FLAT,,,,,,
2023-02-09 18:00:00+00:00,1.0996028366,1.0996576927,1.0994612091,1.0995160652,0.0000000000,-0.0005443152,0.0000985141,41.1341622372,0.0002412928,0.0000000000,True,,FLAT,FLAT,,,,,,
2023-02-09 19:00:00+00:00,1.0995160652,1.0996109507,1.0993408149,1.0994357005,0.0000000000,-0.0004505532,-0.0000694507,38.5333074596,0.0002433530,0.0000000000,True,,FLAT,FLAT,,,,,,
2023-02-09 20:00:00+00:00,1.0994357005,1.0995066546,1.0992226848,1.0992936390,0.0000000000,-0.0004785095,-0.0000881193,34.3934552465,0.0002462542,0.0000000000,True,,FLAT,FLAT,,,,,,
2023-02-09 21:00:00+00:00,1.0992936390,1.0993932571,1.0992237105,1.0993233286,0.0000000000,-0.0004107328,-0.0000730282,35.9423890743,0.0002407751,0.0000000000,True,,FLAT,FLAT,,,,,,
2023-02-09 22:00:00+00:00,1.0993233286,1.0994523941,1.0992382524,1.0993673178,0.0000000000,-0.0002141854,-0.0000319091,38.2679187761,0.0002388727,0.0000000000,True,,FLAT,FLAT,,,,,,
2023-02-09 23:00:00+00:00,1.0993673178,1.0994811882,1.0991711410,1.0992850113,0.0000000000,-0.0002101414,-0.0001229623,35.6593772385,0.0002439566,0.0000000000,True,,FLAT,FLAT,,,,,,
2023-02-10 00:00:00+00:00,1.0992850113,1.0994668526,1.0991847971,1.0993666384,0.0000000000,-0.0000628159,-0.0000187147,40.0256726855,0.0002466779,0.0000000000,True,,FLAT,FLAT,,,,,,
2023-02-10 01:00:00+00:00,1.0993666384,1.0995069914,1.0992952322,1.0994355853,0.0000000000,0.0001291250,-0.0001068897,43.5126137557,0.0002441837,0.0000000000,True,,FLAT,FLAT,,,,,,
2023-02-10 02:00:00+00:00,1.0994355853,1.0995283361,1.0993378122,1.0994305630,0.0000000000,0.0000975458,-0.0001390075,43.3150595399,0.0002403509,0.0000000000,True,0.9000000000,LONG,FLAT,,,,,,
2023-02-10 03:00:00+00:00,1.0994305630,1.0994485894,1.0994125367,1.0994341683,0.0000000000,0.0000608081,-0.0002138164,43.5133220749,0.0002257582,0.0000000000,True,,FLAT,LONG,ENTER_LONG,,,5.5474448917,1.0990900367,1.1000514403
2023-02-10 04:00:00+00:00,1.0994341683,1.0996540551,1.0988897735,1.0989996625,0.0000000000,-0.0002595768,-0.0007095760,29.9274842025,0.0002642241,1.0000000000,True,,FLAT,FLAT,,EXIT_STOP,STOP_LOSS,,1.0990900367,1.1000514403
2023-02-10 05:00:00+00:00,1.0989996625,1.0991060142,1.0988731794,1.0989795310,0.0000000000,-0.0003521185,-0.0009170595,29.4684070375,0.0002619820,1.0000000000,True,,FLAT,FLAT,,,,,,
2023-02-10 06:00:00+00:00,1.0989795310,1.0991484721,1.0988818766,1.0990508177,0.0000000000,-0.0003499683,-0.0008326229,33.3662743254,0.0002623116,1.0000000000,True,,FLAT,FLAT,,,,,,
2023-02-10 07:00:00+00:00,1.0990508177,1.0991365760,1.0987978176,1.0988835758,0.0000000000,-0.0004975187,-0.0010099818,29.2782806900,0.0002677721,1.0000000000,True,,FLAT,FLAT,,,,,,
2023-02-10 08:00:00+00:00,1.0988835758,1.0989458260,1.0987616284,1.0988238786,0.0000000000,-0.0005550943,-0.0010373362,27.9613752547,0.0002618024,1.0000000000,True,,FLAT,FLAT,,,,,,
2023-02-10 09:00:00+00:00,1.0988238786,1.0989056694,1.0987596234,1.0988414142,0.0000000000,-0.0001439931,-0.0011575702,28.9719980725,0.0002535341,0.0000000000,True,,FLAT,FLAT,,,,,,
2023-02-10 10:00:00+00:00,1.0988414142,1.0990194004,1.0987444175,1.0989224037,0.0000000000,-0.0000519821,-0.0009172158,33.6049046839,0.0002550662,0.0000000000,True,,FLAT,FLAT,,,,,,
2023-02-10 11:00:00+00:00,1.0989224037,1.0990565512,1.0988064411,1.0989405886,0.0000000000,-0.0001002948,-0.0007995169,34.6358379699,0.0002547122,0.0000000000,True,,FLAT,FLAT,,,,,,
2023-02-10 12:00:00+00:00,1.0989405886,1.0990252184,1.0986605603,1.0987451901,0.0000000000,-0.0001259330,-0.0009364208,29.3604752710,0.0002625655,1.0000000000,True,,FLAT,FLAT,,,,,,
2023-02-10 13:00:00+00:00,1.0987451901,1.0989112616,1.0986645296,1.0988306011,0.0000000000,0.0000061179,-0.0007022859,34.0863173276,0.0002614345,1.0000000000,True,,FLAT,FLAT,,,,,,
2023-02-10 14:00:00+00:00,1.0988306011,1.0988588647,1.0987878640,1.0988161275,0.0000000000,-0.0000230121,-0.0006365870,33.6751794883,0.0002478321,0.0000000000,True,,FLAT,FLAT,,,,,,
2023-02-10 15:00:00+00:00,1.0988161275,1.0989798948,1.0987259245,1.0988896917,0.0000000000,-0.0000297673,-0.0004966263,37.7828337133,0.0002482705,0.0000000000,True,,FLAT,FLAT,,,,,,
2023-02-10 16:00:00+00:00,1.0988896917,1.0990501167,1.0988308964,1.0989913214,0.0000000000,0.0000461652,-0.0002750107,43.0319684780,0.0002461955,0.0000000000,True,,FLAT,FLAT,,,,,,
2023-02-10 17:00:00+00:00,1.0989913214,1.0990526296,1.0986490684,1.0987103765,0.0000000000,-0.0000316849,-0.0005575722,34.3934625968,0.0002574359,1.0000000000,True,,FLAT,FLAT,,,,,,
2023-02-10 18:00:00+00:00,1.0987103765,1.0987753770,1.0985378941,1.0986028945,0.0000000000,-0.0002072263,-0.0006953302,31.7661511897,0.0002560107,0.0000000000,True,,FLAT,FLAT,,,,,,
2023-02-10 19:00:00+00:00,1.0986028945,1.0988169326,1.0985540599,1.0987680980,0.0000000000,-0.0000437102,-0.0004702268,39.4255260574,0.0002565009,1.0000000000,True,,FLAT,FLAT,,,,,,
2023-02-10 20:00:00+00:00,1.0987680980,1.0988658630,1.0987399916,1.0988377567,0.0000000000,-0.0000472614,-0.0004810786,42.3633939200,0.0002471702,0.0000000000,True,,FLAT,FLAT,,,,,,
2023-02-10 21:00:00+00:00,1.0988377567,1.0989613853,1.0984895271,1.0986131557,0.0000000000,-0.0003441026,-0.0007480471,36.2573496750,0.0002632193,1.0000000000,True,,FLAT,FLAT,,,,,,
2023-02-12 22:00:00+00:00,1.0986131557,1.0987048480,1.0985388488,1.0986305412,0.0000000000,-0.0000726628,-0.0007276693,37.0141343901,0.0002562750,1.0000000000,True,,FLAT,FLAT,,,,,,
2023-02-12 23:00:00+00:00,1.0986305412,1.0987196218,1.0985040797,1.0985931604,0.0000000000,-0.0000088605,-0.0007649462,36.0238079043,0.0002533655,0.0000000000,True,,FLAT,FLAT,,,,,,
2023-02-13 00:00:00+00:00,1.0985931604,1.0986861453,1.0984826188,1.0985756038,0.0000000000,-0.0001751910,-0.0003858588,35.5428150463,0.0002498056,0.0000000000,True,,FLAT,FLAT,,,,,,
2023-02-13 01:00:00+00:00,1.0985756038,1.0986074827,1.0984376977,1.0984695766,0.0000000000,-0.0003350632,-0.0004640254,32.7029502905,0.0002440899,0.0000000000,True,,FLAT,FLAT,,,,,,
2023-02-13 02:00:00+00:00,1.0984695766,1.0985442468,1.0982551632,1.0983298335,0.0000000000,-0.0002578908,-0.0006560063,29.3719372053,0.0002473037,0.0000000000,True,,FLAT,FLAT,,,,,,
2023-02-13 03:00:00+00:00,1.0983298335,1.0984496023,1.0983167674,1.0984365362,0.0000000000,-0.0001765880,-0.0004068125,34.8303302629,0.0002391274,0.0000000000,True,,FLAT,FLAT,,,,,,
2023-02-13 04:00:00+00:00,1.0984365362,1.0985214834,1.0982632406,1.0983481877,0.0000000000,-0.0002229876,-0.0004329091,32.5848397679,0.0002404927,0.0000000000,True,,FLAT,FLAT,,,,,,
2023-02-13 05:00:00+00:00,1.0983481877,1.0985459535,1.0982669894,1.0984647552,0.0000000000,-0.0001009020,-0.0003427782,38.2421372012,0.0002432407,0.0000000000,True,,FLAT,FLAT,,,,,,
2023-02-13 06:00:00+00:00,1.0984647552,1.0985543128,1.0983865011,1.0984760587,0.0000000000,0.0000059010,-0.0004061661,38.7786399987,0.0002378529,0.0000000000,True,,FLAT,FLAT,,,,,,
2023-02-13 07:00:00+00:00,1.0984760587,1.0985549812,1.0982539578,1.0983328803,0.0000000000,0.0000027741,-0.0005529947,34.6701086721,0.0002423651,0.0000000000,True,,FLAT,FLAT,,,,,,
2023-02-13 08:00:00+00:00,1.0983328803,1.0986778475,1.0982972181,1.0986421853,0.0000000000,0.0001872198,-0.0000937477,47.5886526181,0.0002522411,0.0000000000,True,,FLAT,FLAT,,,,,,
2023-02-13 09:00:00+00:00,1.0986421853,1.0987363075,1.0984672385,1.0985613606,0.0000000000,0.0001940850,-0.0002450245,45.0800728232,0.0002534431,0.0000000000,True,,FLAT,FLAT,,,,,,
2023-02-13 10:00:00+00:00,1.0985613606,1.0987893924,1.0984972591,1.0987252909,0.0000000000,0.0002371816,-0.0000826678,50.7506212175,0.0002562067,0.0000000000,True,0.9000000000,LONG,FLAT,,,,,,
2023-02-13 11:00:00+00:00,1.0987252909,1.0987445064,1.0987060754,1.0987291340,0.0000000000,0.0002303876,-0.0001461091,50.8786691545,0.0002406513,0.0000000000,True,,FLAT,LONG,ENTER_LONG,,,5.0798404521,1.0983609809,1.0993858076
2023-02-13 12:00:00+00:00,1.0987291340,1.0996860659,1.0985093881,1.0995760973,0.0000000000,0.0011319127,0.0005321024,69.6233832496,0.0003075103,2.0000000000,True,,FLAT,FLAT,,EXIT_TP,TAKE_PROFIT,,1.0983609809,1.0993858076
2023-02-13 13:00:00+00:00,1.0995760973,1.0996933840,1.0995236691,1.0996409558,0.0000000000,0.0009090954,0.0008469741,70.5501674958,0.0002976678,2.0000000000,True,,FLAT,FLAT,,,,,,
2023-02-13 14:00:00+00:00,1.0996409558,1.0997086700,1.0995659238,1.0996336379,0.0000000000,0.0009760741,0.0009382311,70.2895913176,0.0002866019,2.0000000000,True,,FLAT,FLAT,,,,,,
2023-02-13 15:00:00+00:00,1.0996336379,1.0997035675,1.0995279405,1.0995978701,0.0000000000,0.0007941741,0.0007551840,68.9491236248,0.0002786752,2.0000000000,True,,FLAT,FLAT,,,,,,
2023-02-13 16:00:00+00:00,1.0995978701,1.0997509830,1.0994964738,1.0996495867,0.0000000000,0.0008377431,0.0007388080,69.8445970901,0.0002769490,2.0000000000,True,,FLAT,FLAT,,,,,,
2023-02-13 17:00:00+00:00,1.0996495867,1.0999797975,1.0995681904,1.0998984011,0.0000000000,0.0002931164,0.0011698799,73.7646762518,0.0002865675,2.0000000000,True,,FLAT,FLAT,,,,,,
2023-02-13 18:00:00+00:00,1.0998984011,1.1001008703,1.0997889211,1.0999913903,0.0000000000,0.0003186808,0.0012386777,75.0690731101,0.0002883804,2.0000000000,True,,FLAT,FLAT,,,,,,
2023-02-13 19:00:00+00:00,1.0999913903,1.1000791905,1.0996600429,1.0997478431,0.0000000000,0.0001038574,0.0010510558,65.8364479560,0.0002977209,2.0000000000,True,,FLAT,FLAT,,,,,,
2023-02-13 20:00:00+00:00,1.0997478431,1.0998094984,1.0994167513,1.0994784066,0.0000000000,-0.0001086429,0.0008217940,57.4224290677,0.0003045085,2.0000000000,True,,FLAT,FLAT,,,,,,
2023-02-13 21:00:00+00:00,1.0994784066,1.0995488135,1.0991355122,1.0992059191,0.0000000000,-0.0004034627,0.0006703349,50.4063100121,0.0003122794,2.0000000000,True,,FLAT,FLAT,,,,,,
2023-02-13 22:00:00+00:00,1.0992059191,1.0992743081,1.0990412652,1.0991096542,0.0000000000,-0.0007171089,0.0007100060,48.1672136921,0.0003066197,2.0000000000,True,,FLAT,FLAT,,,,,,
2023-02-13 23:00:00+00:00,1.0991096542,1.0992829307,1.0990415759,1.0992148524,0.0000000000,-0.0007059491,0.0007085673,50.7422738715,0.0003019579,2.0000000000,True,,FLAT,FLAT,,,,,,
2023-02-14 00:00:00+00:00,1.0992148524,1.0993691324,1.0990787417,1.0992330217,0.0000000000,-0.0004681267,0.0008056042,51.1932733891,0.0003011317,2.0000000000,True,,FLAT,FLAT,,,,,,
2023-02-14 01:00:00+00:00,1.0992330217,1.0992698127,1.0991727367,1.0992095277,0.0000000000,-0.0002445513,0.0006780122,50.5487830897,0.0002865563,2.0000000000,True,,FLAT,FLAT,,,,,,
2023-02-14 02:00:00+00:00,1.0992095277,1.0992518980,1.0991213749,1.0991637453,0.0000000000,-0.0000383675,0.0006260369,49.2476663269,0.0002754110,2.0000000000,True,,FLAT,FLAT,,,,,,
2023-02-14 03:00:00+00:00,1.0991637453,1.0997860239,1.0990366223,1.0996589009,0.0000000000,0.0004997197,0.0012073030,60.9537671414,0.0003092675,2.0000000000,True,,FLAT,FLAT,,,,,,
2023-02-14 04:00:00+00:00,1.0996589009,1.0997394195,1.0995748156,1.0996553343,0.0000000000,0.0004007241,0.0009221828,60.8449028255,0.0002989344,2.0000000000,True,,FLAT,FLAT,,,,,,
2023-02-14 05:00:00+00:00,1.0996553343,1.0997409320,1.0995795092,1.0996651069,0.0000000000,0.0003930789,0.0010047198,61.0501735600,0.0002891121,2.0000000000,True,,FLAT,FLAT,,,,,,
2023-02-14 06:00:00+00:00,1.0996651069,1.0998521091,1.0995495210,1.0997365232,0.0000000000,0.0004794313,0.0009203686,62.5934847660,0.0002900747,2.0000000000,True,,FLAT,FLAT,,,,,,
2023-02-14 07:00:00+00:00,1.0997365232,1.0998076927,1.0995645877,1.0996357572,0.0000000000,0.0004294282,0.0008251563,59.0389074764,0.0002867197,2.0000000000,True,,FLAT,FLAT,,,,,,
2023-02-14 08:00:00+00:00,1.0996357572,1.1000189958,1.0994987516,1.0998819902,0.0000000000,0.0002028713,0.0002781916,64.3644024248,0.0003034000,2.0000000000,True,,FLAT,FLAT,,,,,,
2023-02-14 09:00:00+00:00,1.0998819902,1.1000687079,1.0998047368,1.0999914545,0.0000000000,0.0003056596,0.0003187392,66.4525392623,0.0003005837,2.0000000000,True,,FLAT,FLAT,,,,,,
2023-02-14 10:00:00+00:00,1.0999914545,1.1000917123,1.0998455143,1.0999457721,0.0000000000,0.0002552278,0.0002838529,64.7474054357,0.0002966990,2.0000000000,True,,FLAT,FLAT,,,,,,
2023-02-14 11:00:00+00:00,1.0999457721,1.1000269611,1.0998736556,1.0999548446,0.0000000000,0.0001985216,0.0003246410,64.9398153591,0.0002864566,2.0000000000,True,,FLAT,FLAT,,,,,,
2023-02-14 12:00:00+00:00,1.0999548446,1.1001578316,1.0998951117,1.1000980987,0.0000000000,0.0004204496,0.0004078680,67.9174168324,0.0002847611,2.0000000000,True,,FLAT,FLAT,,,,,,
2023-02-14 13:00:00+00:00,1.1000980987,1.1002553466,1.0999987709,1.1001560188,0.0000000000,0.0002491437,0.0002342195,69.0615045595,0.0002827479,2.0000000000,True,,FLAT,FLAT,,,,,,
2023-02-14 14:00:00+00:00,1.1001560188,1.1002310674,1.1000969730,1.1001720215,0.0000000000,0.0001641531,0.0001642115,69.3863324243,0.0002721298,1.0000000000,True,,FLAT,FLAT,,,,,,
2023-02-14 15:00:00+00:00,1.1001720215,1.1002584817,1.1000378833,1.1001243434,0.0000000000,0.0001623456,0.0003423515,67.1250769005,0.0002684490,1.0000000000,True,,FLAT,FLAT,,,,,,
2023-02-14 16:00:00+00:00,1.1001243434,1.1002754898,1.1000353944,1.1001865408,0.0000000000,0.0002106415,0.0006440637,68.5643259820,0.0002664237,1.0000000000,True,,FLAT,FLAT,,,,,,
2023-02-14 17:00:00+00:00,1.1001865408,1.1002982826,1.1000046517,1.1001163936,0.0000000000,0.0000166302,0.0008283020,65.1026000732,0.0002683671,1.0000000000,True,,FLAT,FLAT,,,,,,
2023-02-14 18:00:00+00:00,1.1001163936,1.1001485262,1.0998930107,1.0999251434,0.0000000000,-0.0002098570,0.0007419543,56.6976409558,0.0002674491,1.0000000000,True,0.1000000000,SHORT,FLAT,,,,,,
2023-02-14 19:00:00+00:00,1.0999251434,1.0999452020,1.0999050847,1.0999291551,0.0000000000,-0.0002207531,0.0006498299,56.8235622871,0.0002512111,0.0000000000,True,,FLAT,SHORT,ENTER_SHORT,,,5.0107880520,1.1003063170,1.0992365206
2023-02-14 20:00:00+00:00,1.0999291551,1.1005269039,1.0997091693,1.1004168512,0.0000000000,0.0002658861,0.0010769596,68.7287156467,0.0002916771,2.0000000000,True,,FLAT,FLAT,,EXIT_STOP,STOP_LOSS,,1.1003063170,1.0992365206
2023-02-14 21:00:00+00:00,1.1004168512,1.1005221470,1.1001905248,1.1002958206,0.0000000000,0.0000993285,0.0009882492,64.0115908337,0.0002945303,2.0000000000,True,,FLAT,FLAT,,,,,,
2023-02-14 22:00:00+00:00,1.1002958206,1.1003663115,1.1001554921,1.1002259830,0.0000000000,0.0000996162,0.0009664053,61.3931778829,0.0002885510,2.0000000000,True,,FLAT,FLAT,,,,,,
2023-02-14 23:00:00+00:00,1.1002259830,1.1004442371,1.1001637535,1.1003820076,0.0000000000,0.0004153594,0.0006575736,64.8522934454,0.0002879747,2.0000000000,True,,FLAT,FLAT,,,,,,
2023-02-15 00:00:00+00:00,1.1003820076,1.1004371200,1.1002571843,1.1003122966,0.0000000000,0.0003483329,0.0005974257,62.1719632537,0.0002802576,2.0000000000,True,,FLAT,FLAT,,,,,,
2023-02-15 01:00:00+00:00,1.1003122966,1.1004019062,1.1001620022,1.1002516117,0.0000000000,-0.0001501608,0.0005333485,59.8529006048,0.0002773752,2.0000000000,True,,FLAT,FLAT,,,,,,
2023-02-15 02:00:00+00:00,1.1002516117,1.1003003653,1.1001608499,1.1002096035,0.0000000000,-0.0000783581,0.0004301761,58.2335928777,0.0002675281,1.0000000000,True,,FLAT,FLAT,,,,,,
2023-02-15 03:00:00+00:00,1.1002096035,1.1003249846,1.1001581717,1.1002735527,0.0000000000,0.0000432364,0.0005800062,60.0074130033,0.0002603342,1.0000000000,True,,FLAT,FLAT,,,,,,
2023-02-15 04:00:00+00:00,1.1002735527,1.1004222882,1.1001591212,1.1003078567,0.0000000000,-0.0000673866,0.0003871929,60.9651110274,0.0002605365,1.0000000000,True,,FLAT,FLAT,,,,,,
2023-02-15 05:00:00+00:00,1.1003078567,1.1003665843,1.1002521431,1.1003108707,0.0000000000,-0.0000012959,0.0002903807,61.0533607888,0.0002501011,0.0000000000,True,,FLAT,FLAT,,,,,,
2023-02-15 06:00:00+00:00,1.1003108707,1.1004275777,1.1002344450,1.1003511520,0.0000000000,0.0000904705,0.0003685454,62.2806830952,0.0002460320,0.0000000000,True,,FLAT,FLAT,,,,,,
2023-02-15 07:00:00+00:00,1.1003511520,1.1005132338,1.1002859797,1.1004480616,0.0000000000,0.0002167387,0.0004483974,65.1278656475,0.0002446907,0.0000000000,True,,FLAT,FLAT,,,,,,
2023-02-15 08:00:00+00:00,1.1004480616,1.1007441477,1.1003254148,1.1006215009,0.0000000000,0.0003162379,0.0004757778,69.5568743215,0.0002571223,1.0000000000,True,,FLAT,FLAT,,,,,,
2023-02-15 09:00:00+00:00,1.1006215009,1.1007647153,1.1005453665,1.1006885808,0.0000000000,0.0003460161,0.0004840786,71.0864098004,0.0002544242,0.0000000000,True,,FLAT,FLAT,,,,,,
2023-02-15 10:00:00+00:00,1.1006885808,1.1012457868,1.1005795612,1.1011367671,0.0000000000,0.0007506028,0.0008769043,78.7635947958,0.0002838386,2.0000000000,True,,FLAT,FLAT,,,,,,
2023-02-15 11:00:00+00:00,1.1011367671,1.1012820364,1.1010195118,1.1011647810,0.0000000000,0.0007394267,0.0009457455,79.1364904769,0.0002823161,2.0000000000,True,,FLAT,FLAT,,,,,,
2023-02-15 12:00:00+00:00,1.1011647810,1.1013971354,1.1010801032,1.1013124576,0.0000000000,0.0007854946,0.0010233872,81.0277359196,0.0002847958,2.0000000000,True,,FLAT,FLAT,,,,,,
2023-02-15 13:00:00+00:00,1.1013124576,1.1013181119,1.1011384094,1.1011440637,0.0000000000,0.0004747889,0.0009341468,72.9114791938,0.0002772892,2.0000000000,True,,FLAT,FLAT,,,,,,
2023-02-15 14:00:00+00:00,1.1011440637,1.1012984130,1.1011000143,1.1012543635,0.0000000000,0.0005140261,0.0012084641,74.6991596513,0.0002716541,1.0000000000,True,,FLAT,FLAT,,,,,,
2023-02-15 15:00:00+00:00,1.1012543635,1.1013407085,1.1011922548,1.1012785998,0.0000000000,0.0001288057,0.0012268469,75.0881934494,0.0002628541,1.0000000000,True,,FLAT,FLAT,,,,,,
2023-02-15 16:00:00+00:00,1.1012785998,1.1015396332,1.1012190362,1.1014800695,0.0000000000,0.0002863227,0.0009661960,78.1024188890,0.0002669786,1.0000000000,True,,FLAT,FLAT,,,,,,
2023-02-15 17:00:00+00:00,1.1014800695,1.1015609567,1.1013235536,1.1014044408,0.0000000000,0.0000835215,0.0010075656,74.4602789326,0.0002648661,1.0000000000,True,,FLAT,FLAT,,,,,,
2023-02-15 18:00:00+00:00,1.1014044408,1.1016760218,1.1013638162,1.1016353972,0.0000000000,0.0004462027,0.0012810224,77.8562998199,0.0002682475,1.0000000000,True,,FLAT,FLAT,,,,,,
2023-02-15 19:00:00+00:00,1.1016353972,1.1017610795,1.1015763805,1.1017020629,0.0000000000,0.0004065359,0.0011996336,78.7352647899,0.0002622797,1.0000000000,True,,FLAT,FLAT,,,,,,
2023-02-15 20:00:00+00:00,1.1017020629,1.1018090111,1.1015555577,1.1016625059,0.0000000000,0.0003486003,0.0012271145,76.7875834114,0.0002616493,1.0000000000,True,,FLAT,FLAT,,,,,,
2023-02-15 21:00:00+00:00,1.1016625059,1.1017919110,1.1014552290,1.1015846342,0.0000000000,0.0000949311,0.0012115615,72.9612588837,0.0002670087,1.0000000000,True,,FLAT,FLAT,,,,,,
2023-02-15 22:00:00+00:00,1.1015846342,1.1016335051,1.1014934575,1.1015423284,0.0000000000,0.0001251925,0.0012113373,70.8944154349,0.0002579401,1.0000000000,True,,FLAT,FLAT,,,,,,
2023-02-15 23:00:00+00:00,1.1015423284,1.1016443645,1.1014260890,1.1015281252,0.0000000000,-0.0000973752,0.0011402368,70.1756716878,0.0002551069,0.0000000000,True,,FLAT,FLAT,,,,,,
2023-02-16 00:00:00+00:00,1.1015281252,1.1015874330,1.1012934099,1.1013527177,0.0000000000,-0.0003170959,0.0009496079,61.8376919524,0.0002578866,1.0000000000,True,,FLAT,FLAT,,,,,,
2023-02-16 01:00:00+00:00,1.1013527177,1.1014152275,1.1009547707,1.1010172805,0.0000000000,-0.0005856833,0.0006420093,49.6810675780,0.0002723559,1.0000000000,True,,FLAT,FLAT,,,,,,
2023-02-16 02:00:00+00:00,1.1010172805,1.1011033211,1.1008014857,1.1008875262,0.0000000000,-0.0006328229,0.0004874573,45.9204342017,0.0002744616,2.0000000000,True,0.1000000000,SHORT,FLAT,,,,,,
2023-02-16 03:00:00+00:00,1.1008875262,1.1009081109,1.1008669416,1.1008916432,0.0000000000,-0.0005907038,0.0004030918,46.0599480140,0.0002577979,1.0000000000,True,,FLAT,SHORT,ENTER_SHORT,,,4.7680674108,1.1012792187,1.1001813722
2023-02-16 04:00:00+00:00,1.1008916432,1.1011118215,1.0998582952,1.0999682810,0.0000000000,-0.0014160729,-0.0005935010,28.3775092552,0.0003289213,2.0000000000,True,,FLAT,FLAT,,EXIT_TP,TAKE_PROFIT,,1.1012792187,1.1001813722
2023-02-16 05:00:00+00:00,1.0999682810,1.1000645274,1.0997025777,1.0997988241,0.0000000000,-0.0014108955,-0.0008083638,26.3762485084,0.0003312805,2.0000000000,True,,FLAT,FLAT,,,,,,
2023-02-16 06:00:00+00:00,1.0997988241,1.0998466761,1.0996844044,1.0997322564,0.0000000000,-0.0011671244,-0.0012755098,25.6121241773,0.0003192084,2.0000000000,True,,FLAT,FLAT,,,,,,
2023-02-16 07:00:00+00:00,1.0997322564,1.1000347598,1.0995606159,1.0998631194,0.0000000000,-0.0009305282,-0.0011820771,29.9108503581,0.0003302753,2.0000000000,True,,FLAT,FLAT,,,,,,
2023-02-16 08:00:00+00:00,1.0998631194,1.0999653575,1.0996799313,1.0997821695,0.0000000000,-0.0010077955,-0.0013895131,28.8020701600,0.0003270718,2.0000000000,True,,FLAT,FLAT,,,,,,
2023-02-16 09:00:00+00:00,1.0997821695,1.1000506550,1.0997097016,1.0999781871,0.0000000000,0.0000090058,-0.0010587867,35.0779184160,0.0003280633,2.0000000000,True,,FLAT,FLAT,,,,,,
2023-02-16 10:00:00+00:00,1.0999781871,1.1000776139,1.0999095943,1.1000090211,0.0000000000,0.0001911231,-0.0011308399,36.0330870650,0.0003166316,2.0000000000,True,,FLAT,FLAT,,,,,,
2023-02-16 11:00:00+00:00,1.1000090211,1.1000956949,1.0998638820,1.0999505558,0.0000000000,0.0001985023,-0.0012059111,34.9821257074,0.0003105731,2.0000000000,True,,FLAT,FLAT,,,,,,
2023-02-16 12:00:00+00:00,1.0999505558,1.1002867948,1.0998529277,1.1001891667,0.0000000000,0.0002964435,-0.0011719711,42.3698677784,0.0003193798,2.0000000000,True,,FLAT,FLAT,,,,,,
2023-02-16 13:00:00+00:00,1.1001891667,1.1003098118,1.1000654120,1.1001860571,0.0000000000,0.0003672433,-0.0011062092,42.3024081821,0.0003140241,2.0000000000,True,,FLAT,FLAT,,,,,,
2023-02-16 14:00:00+00:00,1.1001860571,1.1002487145,1.1001225417,1.1001851991,0.0000000000,0.0001881965,-0.0013164047,42.2824046519,0.0003006062,2.0000000000,True,,FLAT,FLAT,,,,,,
2023-02-16 15:00:00+00:00,1.1001851991,1.1002757708,1.1000841831,1.1001747548,0.0000000000,0.0001506658,-0.0013863168,42.0219097097,0.0002928191,2.0000000000,True,,FLAT,FLAT,,,,,,
2023-02-16 16:00:00+00:00,1.1001747548,1.1004501024,1.1000938679,1.1003692155,0.0000000000,0.0003806168,-0.0011739443,48.3965603386,0.0002973488,2.0000000000,True,,FLAT,FLAT,,,,,,
2023-02-16 17:00:00+00:00,1.1003692155,1.1004637343,1.1002187825,1.1003133013,0.0000000000,0.0001128302,-0.0011540946,46.8030974900,0.0002936062,2.0000000000,True,,FLAT,FLAT,,,,,,
2023-02-16 18:00:00+00:00,1.1003133013,1.1004125030,1.1001207721,1.1002199738,0.0000000000,0.0000308282,-0.0012004573,44.1879079980,0.0002934722,2.0000000000,True,,FLAT,FLAT,,,,,,
2023-02-16 19:00:00+00:00,1.1002199738,1.1003299840,1.1001831590,1.1002931692,0.0000000000,0.0000981381,-0.0011211298,46.7031998238,0.0002829974,2.0000000000,True,,FLAT,FLAT,,,,,,
2023-02-16 20:00:00+00:00,1.1002931692,1.1006161658,1.1002068892,1.1005298858,0.0000000000,0.0003227951,-0.0007471103,53.9337724709,0.0002920173,2.0000000000,True,,FLAT,FLAT,,,,,,
2023-02-16 21:00:00+00:00,1.1005298858,1.1006131057,1.1004345542,1.1005177741,0.0000000000,0.0001350079,-0.0004536772,53.5335876097,0.0002839126,2.0000000000,True,,FLAT,FLAT,,,,,,
2023-02-16 22:00:00+00:00,1.1005177741,1.1006447060,1.1002295971,1.1003565290,0.0000000000,0.0000392868,-0.0004823356,48.3862144996,0.0002932838,2.0000000000,True,,FLAT,FLAT,,,,,,
2023-02-16 23:00:00+00:00,1.1003565290,1.1006755037,1.1002628070,1.1005817817,0.0000000000,0.0003288504,-0.0002814641,54.9087940919,0.0003018133,2.0000000000,True,,FLAT,FLAT,,,,,,
2023-02-17 00:00:00+00:00,1.1005817817,1.1006820666,1.1003865598,1.1004868448,0.0000000000,0.0001760218,0.0004714352,51.9301213901,0.0003013628,2.0000000000,True,,FLAT,FLAT,,,,,,
2023-02-17 01:00:00+00:00,1.1004868448,1.1005751305,1.1003086634,1.1003969491,0.0000000000,-0.0001207933,0.0005438495,49.2080145177,0.0002988703,2.0000000000,True,,FLAT,FLAT,,,,,,
2023-02-17 02:00:00+00:00,1.1003969491,1.1004586190,1.1003814247,1.1004430946,0.0000000000,-0.0000678585,0.0006463739,50.6383907538,0.0002830363,2.0000000000,True,,FLAT,FLAT,,,,,,
2023-02-17 03:00:00+00:00,1.1004430946,1.1007753947,1.1003458109,1.1006781109,0.0000000000,0.0002922525,0.0007409936,57.2425886194,0.0002935040,2.0000000000,True,,FLAT,FLAT,,,,,,
2023-02-17 04:00:00+00:00,1.1006781109,1.1007854576,1.1004262995,1.1005336462,0.0000000000,-0.0000437364,0.0006832960,52.5851971781,0.0002981935,2.0000000000,True,,FLAT,FLAT,,,,,,
2023-02-17 05:00:00+00:00,1.1005336462,1.1006051174,1.1005151692,1.1005866404,0.0000000000,0.0000906831,0.0005531504,54.0617497860,0.0002833189,2.0000000000,True,,FLAT,FLAT,,,,,,
2023-02-17 06:00:00+00:00,1.1005866404,1.1006568468,1.1003953836,1.1004655901,0.0000000000,0.0000623783,0.0004150593,50.2150249715,0.0002817578,2.0000000000,True,,FLAT,FLAT,,,,,,
2023-02-17 07:00:00+00:00,1.1004655901,1.1005735457,1.1003629110,1.1004708666,0.0000000000,0.0000252371,0.0004730311,50.3807603928,0.0002766775,2.0000000000,True,,FLAT,FLAT,,,,,,
2023-02-17 08:00:00+00:00,1.1004708666,1.1005115533,1.1002321442,1.1002728310,0.0000000000,-0.0003682093,0.0000760454,44.4057501179,0.0002768727,2.0000000000,True,,FLAT,FLAT,,,,,,
2023-02-17 09:00:00+00:00,1.1002728310,1.1004547701,1.1001709136,1.1003528527,0.0000000000,-0.0001642780,0.0001516067,47.1340921324,0.0002773715,2.0000000000,True,,FLAT,FLAT,,,,,,
2023-02-17 10:00:00+00:00,1.1003528527,1.1004145291,1.1002210439,1.1002827203,0.0000000000,-0.0002761437,0.0000886407,45.0475115464,0.0002713796,1.0000000000,True,0.9000000000,LONG,FLAT,,,,,,
2023-02-17 11:00:00+00:00,1.1002827203,1.1003030738,1.1002623669,1.1002867910,0.0000000000,-0.0001624758,0.0001018349,45.1991544307,0.0002549030,0.0000000000,True,,FLAT,LONG,ENTER_LONG,,,4.9665594831,1.0998956509,1.1009811694
2023-02-17 12:00:00+00:00,1.1002867910,1.1002974430,1.1002836270,1.1002942790,0.0000000000,-0.0001604654,-0.0000681012,45.4970990980,0.0002376825,0.0000000000,True,,FLAT,LONG,,,,,1.0998956509,1.1009811694
2023-02-17 13:00:00+00:00,1.1002942790,1.1002980439,1.1002872798,1.1002910447,0.0000000000,0.0000165538,-0.0000202275,45.3823252293,0.0002214740,0.0000000000,True,,FLAT,LONG,,,,,1.0998956509,1.1009811694
2023-02-17 14:00:00+00:00,1.1002910447,1.1003042829,1.1002863304,1.1002995686,0.0000000000,-0.0000484246,0.0000723444,45.7705918824,0.0002069368,0.0000000000,True,,FLAT,LONG,,,,,1.0998956509,1.1009811694
2023-02-17 15:00:00+00:00,1.1002995686,1.1003035074,1.1002921292,1.1002960680,0.0000000000,0.0000121311,0.0000026346,45.6271407447,0.0001929683,0.0000000000,True,,FLAT,LONG,,,,,1.0998956509,1.1009811694
2023-02-17 16:00:00+00:00,1.1002960680,1.1002984394,1.1002930707,1.1002954420,0.0000000000,0.0000078625,-0.0002130281,45.5996182783,0.0001795683,0.0000000000,True,,FLAT,LONG,,,,,1.0998956509,1.1009811694
2023-02-17 17:00:00+00:00,1.1002954420,1.1003037624,1.1002925232,1.1003008436,0.0000000000,0.0000059662,-0.0001971167,45.9028531792,0.0001675448,0.0000000000,True,,FLAT,LONG,,,,,1.0998956509,1.1009811694
2023-02-17 18:00:00+00:00,1.1003008436,1.1003174517,1.1002976299,1.1003142381,0.0000000000,0.0000210793,-0.0000384339,46.6963145543,0.0001569932,0.0000000000,True,,FLAT,LONG,,,,,1.0998956509,1.1009811694
2023-02-17 19:00:00+00:00,1.1003142381,1.1003378111,1.1003123931,1.1003359662,0.0000000000,0.0000330797,-0.0002233505,48.0280030133,0.0001475949,0.0000000000,True,,FLAT,LONG,,,,,1.0998956509,1.1009811694
2023-02-17 20:00:00+00:00,1.1003359662,1.1003385875,1.1003319375,1.1003345588,0.0000000000,0.0000349822,-0.0001383805,47.9444506164,0.0001375274,0.0000000000,True,,FLAT,LONG,,,,,1.0998956509,1.1009811694
2023-02-17 21:00:00+00:00,1.1003345588,1.1003375556,1.1003200067,1.1003230036,0.0000000000,0.0000250492,-0.0000671990,47.2181375572,0.0001289575,0.0000000000,True,,FLAT,LONG,,,,,1.0998956509,1.1009811694
2023-02-19 22:00:00+00:00,1.1003230036,1.1003276236,1.1003063051,1.1003109251,0.0000000000,0.0000091625,-0.0001201057,46.4264260068,0.0001212691,0.0000000000,True,,FLAT,LONG,,,,,1.0998956509,1.1009811694
2023-02-19 23:00:00+00:00,1.1003109251,1.1003205230,1.1003080392,1.1003176370,0.0000000000,0.0000030891,-0.0003275016,46.9586482946,0.0001134987,0.0000000000,True,,FLAT,LONG,,,,,1.0998956509,1.1009811694
2023-02-20 00:00:00+00:00,1.1003176370,1.1003215090,1.1003077772,1.1003116491,0.0000000000,-0.0000220997,-0.0002017177,46.5146848278,0.0001063725,0.0000000000,True,,FLAT,LONG,,,,,1.0998956509,1.1009811694
2023-02-20 01:00:00+00:00,1.1003116491,1.1003213823,1.1003106215,1.1003203547,0.0000000000,-0.0000129089,-0.0002419489,47.2948564371,0.0000995431,0.0000000000,True,,FLAT,LONG,,,,,1.0998956509,1.1009811694
2023-02-20 02:00:00+00:00,1.1003203547,1.1003239955,1.1003115144,1.1003151552,0.0000000000,-0.0000071328,-0.0001367011,46.8552535974,0.0000933244,0.0000000000,True,,FLAT,LONG,,,,,1.0998956509,1.1009811694
2023-02-20 03:00:00+00:00,1.1003151552,1.1003211965,1.1003117296,1.1003177709,0.0000000000,0.0000062217,-0.0001391183,47.1215352010,0.0000873345,0.0000000000,True,,FLAT,LONG,,,,,1.0998956509,1.1009811694
2023-02-20 04:00:00+00:00,1.1003177709,1.1003200528,1.1003147194,1.1003170012,0.0000000000,-0.0000005779,0.0000401448,47.0468331573,0.0000814773,0.0000000000,True,,FLAT,LONG,,,,,1.0998956509,1.1009811694
2023-02-20 05:00:00+00:00,1.1003170012,1.1003199302,1.1002847877,1.1002877167,0.0000000000,-0.0000217506,-0.0000591956,44.1773147788,0.0000781677,0.0000000000,True,,FLAT,LONG,,,,,1.0998956509,1.1009811694
2023-02-20 06:00:00+00:00,1.1002877167,1.1002972872,1.1002839655,1.1002935360,0.0000000000,-0.0000243735,0.0000098299,44.8965619924,0.0000735358,0.0000000000,True,,FLAT,LONG,,,,,1.0998956509,1.1009811694
2023-02-20 07:00:00+00:00,1.1002935360,1.1003018158,1.1002899393,1.1002982190,0.0000000000,-0.0000153921,0.0000103864,45.5050587101,0.0000691316,0.0000000000,True,,FLAT,LONG,,,,,1.0998956509,1.1009811694
2023-02-20 08:00:00+00:00,1.1002982190,1.1003064569,1.1002940874,1.1003023253,0.0000000000,-0.0000140374,0.0000073129,46.0674499028,0.0000650772,0.0000000000,True,,FLAT,LONG,,,,,1.0998956509,1.1009811694
2023-02-20 09:00:00+00:00,1.1003023253,1.1003039452,1.1002962750,1.1002978949,0.0000000000,-0.0000173644,0.0000062259,45.5215939122,0.0000609767,0.0000000000,True,,FLAT,LONG,,,,,1.0998956509,1.1009811694
2023-02-20 10:00:00+00:00,1.1002978949,1.1003011266,1.1002762735,1.1002795051,0.0000000000,-0.0000074631,-0.0000182345,43.2317464528,0.0000583964,0.0000000000,True,,FLAT,LONG,,,,,1.0998956509,1.1009811694
2023-02-20 11:00:00+00:00,1.1002795051,1.1002830117,1.1002753964,1.1002789030,0.0000000000,-0.0000132992,-0.0000156003,43.1552054277,0.0000547692,0.0000000000,True,,FLAT,FLAT,,EXIT_MAX_HOLD,MAX_HOLDING_PERIOD,,1.0998956509,1.1009811694
2023-02-20 12:00:00+00:00,1.1002789030,1.1002825516,1.1002692275,1.1002728760,0.0000000000,-0.0000230329,-0.0000205091,42.3469672849,0.0000518088,0.0000000000,True,,FLAT,FLAT,,,,,,
2023-02-20 13:00:00+00:00,1.1002728760,1.1003763363,1.1001116153,1.1002150756,0.0000000000,-0.0000792961,-0.0000779495,35.4835100644,0.0000670168,0.0000000000,True,,FLAT,FLAT,,,,,,
2023-02-20 14:00:00+00:00,1.1002150756,1.1004511865,1.1001140114,1.1003501223,0.0000000000,0.0000474665,0.0000326127,54.1724659764,0.0000863139,0.0000000000,True,,FLAT,FLAT,,,,,,
2023-02-20 15:00:00+00:00,1.1003501223,1.1004933813,1.1002631072,1.1004063662,0.0000000000,0.0001152990,0.0000639805,59.4419516022,0.0000965967,0.0000000000,True,,FLAT,FLAT,,,,,,
2023-02-20 16:00:00+00:00,1.1004063662,1.1005930163,1.1003448872,1.1005315374,0.0000000000,0.0002296093,0.0001790170,68.2043413498,0.0001074205,0.0000000000,True,,FLAT,FLAT,,,,,,
2023-02-20 17:00:00+00:00,1.1005315374,1.1006552773,1.1004559423,1.1005796823,0.0000000000,0.0002788456,0.0002332758,70.8160260858,0.0001139858,0.0000000000,True,,FLAT,FLAT,,,,,,
2023-02-20 18:00:00+00:00,1.1005796823,1.1006468050,1.1004598009,1.1005269237,0.0000000000,0.0002834428,0.0001963068,64.5580896185,0.0001192014,0.0000000000,True,,FLAT,FLAT,,,,,,
2023-02-20 19:00:00+00:00,1.1005269237,1.1007378719,1.1004492975,1.1006602457,0.0000000000,0.0002818407,0.0003113725,71.4290551996,0.0001312995,0.0000000000,True,,FLAT,FLAT,,,,,,
2023-02-20 20:00:00+00:00,1.1006602457,1.1007839007,1.1004474463,1.1005711012,0.0000000000,0.0001497038,0.0002357987,62.6791874098,0.0001459534,0.0000000000,True,,FLAT,FLAT,,,,,,
2023-02-20 21:00:00+00:00,1.1005711012,1.1007818252,1.1005022145,1.1007129385,0.0000000000,0.0001648304,0.0003567904,69.1537339615,0.0001555003,0.0000000000,True,,FLAT,FLAT,,,,,,
2023-02-20 22:00:00+00:00,1.1007129385,1.1007813665,1.1006456174,1.1007140455,0.0000000000,0.0001220840,0.0003625236,69.1986465859,0.0001540895,0.0000000000,True,,FLAT,FLAT,,,,,,
2023-02-20 23:00:00+00:00,1.1007140455,1.1007505342,1.1006860032,1.1007224919,0.0000000000,0.0001777042,0.0003678219,69.5627992825,0.0001476925,0.0000000000,True,,FLAT,FLAT,,,,,,
2023-02-21 00:00:00+00:00,1.1007224919,1.1008852556,1.1006813180,1.1008440816,0.0000000000,0.0001670233,0.0004790260,74.2773165627,0.0001517100,0.0000000000,True,,FLAT,FLAT,,,,,,
2023-02-21 01:00:00+00:00,1.1008440816,1.1009296120,1.1007660809,1.1008516113,0.0000000000,0.0002548768,0.0005124974,74.5403111881,0.0001525544,0.0000000000,True,,FLAT,FLAT,,,,,,
2023-02-21 02:00:00+00:00,1.1008516113,1.1009309334,1.1007904062,1.1008697283,0.0000000000,0.0001424439,0.0005236714,75.1974040050,0.0001516953,0.0000000000,True,,FLAT,FLAT,,,,,,
2023-02-21 03:00:00+00:00,1.1008697283,1.1009718036,1.1006652767,1.1007673519,0.0000000000,0.0000484290,0.0004263688,64.9899649628,0.0001627547,0.0000000000,True,,FLAT,FLAT,,,,,,
2023-02-21 04:00:00+00:00,1.1007673519,1.1008642536,1.1007225070,1.1008194087,0.0000000000,0.0000880484,0.0004699467,67.4122776970,0.0001612541,0.0000000000,True,,FLAT,FLAT,,,,,,
2023-02-21 05:00:00+00:00,1.1008194087,1.1009632052,1.1007720005,1.1009157970,0.0000000000,0.0000651458,0.0005615770,71.3631592598,0.0001633934,0.0000000000,True,,FLAT,FLAT,,,,,,
2023-02-21 06:00:00+00:00,1.1009157970,1.1010288559,1.1006609539,1.1007740128,0.0000000000,-0.0000704895,0.0004494382,59.8656019126,0.0001780012,0.0000000000,True,,FLAT,FLAT,,,,,,
2023-02-21 07:00:00+00:00,1.1007740128,1.1010078043,1.1006713559,1.1009051473,0.0000000000,0.0000321736,0.0005691686,65.4155211532,0.0001893189,0.0000000000,True,,FLAT,FLAT,,,,,,
2023-02-21 08:00:00+00:00,1.1009051473,1.1009895358,1.1005695711,1.1006539596,0.0000000000,-0.0001030120,0.0003463537,50.8968468362,0.0002057936,0.0000000000,True,,FLAT,FLAT,,,,,,
2023-02-21 09:00:00+00:00,1.1006539596,1.1007782559,1.1005133060,1.1006376023,0.0000000000,-0.0001651556,0.0003840400,50.1167860686,0.0002100190,0.0000000000,True,,FLAT,FLAT,,,,,,
2023-02-21 10:00:00+00:00,1.1006376023,1.1007441264,1.1004865168,1.1005930409,0.0000000000,-0.0002931705,0.0002207649,47.9602868508,0.0002134183,0.0000000000,True,,FLAT,FLAT,,,,,,
2023-02-21 11:00:00+00:00,1.1005930409,1.1006833161,1.1004681965,1.1005584716,0.0000000000,-0.0001958088,0.0001382266,46.2960050755,0.0002135399,0.0000000000,True,,FLAT,FLAT,,,,,,
2023-02-21 12:00:00+00:00,1.1005584716,1.1007542552,1.1005167760,1.1007125596,0.0000000000,-0.0001749358,0.0001644862,53.9643564081,0.0002152498,0.0000000000,True,,FLAT,FLAT,,,,,,
2023-02-21 13:00:00+00:00,1.1007125596,1.1007999651,1.1005969947,1.1006844003,0.0000000000,0.0000276569,0.0000951481,52.4893150884,0.0002143727,0.0000000000,True,,FLAT,FLAT,,,,,,
2023-02-21 14:00:00+00:00,1.1006844003,1.1007453230,1.1004985649,1.1005594876,0.0000000000,-0.0000709722,0.0000295894,46.4270173176,0.0002166860,0.0000000000,True,,FLAT,FLAT,,,,,,
2023-02-21 15:00:00+00:00,1.1005594876,1.1006558601,1.1004097459,1.1005061183,0.0000000000,-0.0000789780,-0.0001400318,44.0842987270,0.0002187880,0.0000000000,True,,FLAT,FLAT,,,,,,
2023-02-21 16:00:00+00:00,1.1005061183,1.1005625283,1.1004285724,1.1004849823,0.0000000000,-0.0000667746,-0.0000782492,43.1555431718,0.0002127285,0.0000000000,True,,FLAT,FLAT,,,,,,
2023-02-21 17:00:00+00:00,1.1004849823,1.1005554203,1.1004029699,1.1004734079,0.0000000000,-0.0002172698,-0.0002176140,42.6259382475,0.0002084230,0.0000000000,True,,FLAT,FLAT,,,,,,
2023-02-21 18:00:00+00:00,1.1004734079,1.1005372607,1.1003298751,1.1003937278,0.0000000000,-0.0002640834,-0.0002910089,39.0711937977,0.0002083489,0.0000000000,True,0.9000000000,LONG,FLAT,,,,,,
2023-02-21 19:00:00+00:00,1.1003937278,1.1004093540,1.1003781017,1.1003968531,0.0000000000,-0.0001477744,-0.0002958410,39.2850624817,0.0001956991,0.0000000000,True,,FLAT,LONG,ENTER_LONG,,,6.4392498076,1.1001012046,1.1009346000
2023-02-21 20:00:00+00:00,1.1003968531,1.1011750361,1.0999249429,1.1003968531,0.0000000000,-0.0000992864,-0.0004062597,39.2850624817,0.0002710130,1.0000000000,True,,FLAT,FLAT,,EXIT_STOP,STOP_LOSS,,1.1001012046,1.1009346000
2023-02-21 21:00:00+00:00,1.1003968531,1.1005870335,1.1003137695,1.1005039499,0.0000000000,0.0000172357,-0.0003158113,46.7181244236,0.0002711738,1.0000000000,True,,FLAT,FLAT,,,,,,
2023-02-21 22:00:00+00:00,1.1005039499,1.1005444847,1.1004038648,1.1004443996,0.0000000000,-0.0000263599,-0.0003863570,43.5271388300,0.0002618485,1.0000000000,True,,FLAT,FLAT,,,,,,
2023-02-21 23:00:00+00:00,1.1004443996,1.1006091299,1.1003419135,1.1005066439,0.0000000000,0.0001026142,-0.0002368421,47.5590402539,0.0002622319,1.0000000000,True,,FLAT,FLAT,,,,,,
2023-02-22 00:00:00+00:00,1.1005066439,1.1005837673,1.1002324345,1.1003095579,0.0000000000,-0.0000793306,-0.0004631557,38.2476341309,0.0002685963,1.0000000000,True,,FLAT,FLAT,,,,,,
2023-02-22 01:00:00+00:00,1.1003095579,1.1004264091,1.1001291048,1.1002459560,0.0000000000,-0.0001371297,-0.0006084398,35.8109590866,0.0002706468,1.0000000000,True,,FLAT,FLAT,,,,,,
2023-02-22 02:00:00+00:00,1.1002459560,1.1004164450,1.1001539447,1.1003244337,0.0000000000,-0.0001631219,-0.0004084209,40.8207864868,0.0002700649,1.0000000000,True,,FLAT,FLAT,,,,,,
2023-02-22 03:00:00+00:00,1.1003244337,1.1005453367,1.1002547663,1.1004756694,0.0000000000,0.0000284156,-0.0003901135,49.0702562494,0.0002715296,1.0000000000,True,,FLAT,FLAT,,,,,,
2023-02-22 04:00:00+00:00,1.1004756694,1.1005939279,1.1002216270,1.1003398855,0.0000000000,-0.0001515287,-0.0002853523,43.2419698703,0.0002787276,2.0000000000,True,,FLAT,FLAT,,,,,,
2023-02-22 05:00:00+00:00,1.1003398855,1.1005516693,1.1002267960,1.1004385798,0.0000000000,0.0001172596,-0.0001808247,48.0699938734,0.0002820237,2.0000000000,True,,FLAT,FLAT,,,,,,
2023-02-22 06:00:00+00:00,1.1004385798,1.1006993484,1.1003292813,1.1005900500,0.0000000000,0.0003127428,-0.0000027176,54.4710239350,0.0002883125,2.0000000000,True,,FLAT,FLAT,,,,,,
2023-02-22 07:00:00+00:00,1.1005900500,1.1006230877,1.1005459670,1.1005790048,0.0000000000,0.0002313600,0.0000186570,53.9488157951,0.0002732274,2.0000000000,True,,FLAT,FLAT,,,,,,
2023-02-22 08:00:00+00:00,1.1005790048,1.1007232817,1.1005496075,1.1006938844,0.0000000000,0.0001982916,-0.0000169664,58.4143797875,0.0002661164,1.0000000000,True,,FLAT,FLAT,,,,,,
2023-02-22 09:00:00+00:00,1.1006938844,1.1008538831,1.1005894709,1.1007494696,0.0000000000,0.0003722341,0.0000591171,60.4145708920,0.0002659947,1.0000000000,True,,FLAT,FLAT,,,,,,
2023-02-22 10:00:00+00:00,1.1007494696,1.1008433840,1.1006162760,1.1007101904,0.0000000000,0.0002468203,0.0001369329,58.2813019828,0.0002632171,1.0000000000,True,,FLAT,FLAT,,,,,,
2023-02-22 11:00:00+00:00,1.1007101904,1.1007991418,1.1005626262,1.1006515776,0.0000000000,0.0000559042,0.0001321749,55.1517769204,0.0002613098,1.0000000000,True,,FLAT,FLAT,,,,,,
2023-02-22 12:00:00+00:00,1.1006515776,1.1008378559,1.1005862739,1.1007725523,0.0000000000,0.0001758597,0.0002613120,59.9338211754,0.0002606150,1.0000000000,True,,FLAT,FLAT,,,,,,
2023-02-22 13:00:00+00:00,1.1007725523,1.1008391658,1.1006183563,1.1006849699,0.0000000000,-0.0000080990,0.0001922463,55.3337413174,0.0002577717,1.0000000000,True,,FLAT,FLAT,,,,,,
2023-02-22 14:00:00+00:00,1.1006849699,1.1007816686,1.1005615513,1.1006582501,0.0000000000,-0.0000828704,0.0002403887,53.9727069347,0.0002550821,1.0000000000,True,,FLAT,FLAT,,,,,,
2023-02-22 15:00:00+00:00,1.1006582501,1.1007463144,1.1005917743,1.1006798387,0.0000000000,-0.0000275747,0.0002571669,54.9371438616,0.0002479006,0.0000000000,True,,FLAT,FLAT,,,,,,
2023-02-22 16:00:00+00:00,1.1006798387,1.1007589061,1.1004660670,1.1005451344,0.0000000000,-0.0000967092,0.0001347526,48.1567266656,0.0002511105,0.0000000000,True,,FLAT,FLAT,,,,,,
2023-02-22 17:00:00+00:00,1.1005451344,1.1006814582,1.1004571542,1.1005934781,0.0000000000,-0.0001626805,0.0000813519,50.5171385868,0.0002491957,0.0000000000,True,,FLAT,FLAT,,,,,,
2023-02-22 18:00:00+00:00,1.1005934781,1.1008156796,1.1005237647,1.1007459663,0.0000000000,0.0000554168,0.0002740408,57.1450676147,0.0002522471,0.0000000000,True,,FLAT,FLAT,,,,,,
2023-02-22 19:00:00+00:00,1.1007459663,1.1009408833,1.1006717428,1.1008666598,0.0000000000,0.0001893501,0.0003271365,61.5364814434,0.0002534538,1.0000000000,True,,FLAT,FLAT,,,,,,
2023-02-22 20:00:00+00:00,1.1008666598,1.1009506719,1.1006586735,1.1007426857,0.0000000000,0.0000570984,0.0003936417,55.2712835387,0.0002562069,1.0000000000,True,,FLAT,FLAT,,,,,,
2023-02-22 21:00:00+00:00,1.1007426857,1.1007538922,1.1006857669,1.1006969734,0.0000000000,0.0001379671,0.0004099242,53.1235708852,0.0002427725,0.0000000000,True,,FLAT,FLAT,,,,,,
2023-02-22 22:00:00+00:00,1.1006969734,1.1008212939,1.1006167324,1.1007410529,0.0000000000,0.0001340866,0.0003786330,54.9417590774,0.0002400432,0.0000000000,True,,FLAT,FLAT,,,,,,
2023-02-22 23:00:00+00:00,1.1007410529,1.1008120598,1.1006208419,1.1006918488,0.0000000000,-0.0000491643,0.0001964418,52.4941372764,0.0002365557,0.0000000000,True,,FLAT,FLAT,,,,,,
2023-02-23 00:00:00+00:00,1.1006918488,1.1008405392,1.1006317999,1.1007804903,0.0000000000,-0.0000782742,0.0004004261,56.2734102715,0.0002345688,0.0000000000,True,,FLAT,FLAT,,,,,,
2023-02-23 01:00:00+00:00,1.1007804903,1.1008563993,1.1005046148,1.1005805237,0.0000000000,-0.0001473205,0.0001289885,47.1589625662,0.0002429413,0.0000000000,True,,FLAT,FLAT,,,,,,
2023-02-23 02:00:00+00:00,1.1005805237,1.1007031432,1.1004977663,1.1006203858,0.0000000000,-0.0000695810,0.0000275632,48.9345475502,0.0002402582,0.0000000000,True,0.9000000000,LONG,FLAT,,,,,,
2023-02-23 03:00:00+00:00,1.1006203858,1.1006384052,1.1006023664,1.1006239897,0.0000000000,-0.0001063494,0.0000408738,49.1010700731,0.0002256710,0.0000000000,True,,FLAT,LONG,ENTER_LONG,,,5.4473414097,1.1002799986,1.1012410312
2023-02-23 04:00:00+00:00,1.1006239897,1.1006351250,1.1006212032,1.1006323386,0.0000000000,-0.0000540662,-0.0000559155,49.5118238998,0.0002105461,0.0000000000,True,0.9000000000,LONG,LONG,,,,,1.1002799986,1.1012410312
2023-02-23 05:00:00+00:00,1.1006323386,1.1006356089,1.1006259102,1.1006291805,0.0000000000,-0.0001374569,-0.0001092793,49.3495907666,0.0001961999,0.0000000000,True,,FLAT,LONG,,,,,1.1002799986,1.1012410312
2023-02-23 06:00:00+00:00,1.1006291805,1.1006365497,1.1006266492,1.1006340184,0.0000000000,0.0000486059,-0.0000692026,49.6219162028,0.0001828928,0.0000000000,True,,FLAT,LONG,,,,,1.1002799986,1.1012410312
2023-02-23 07:00:00+00:00,1.1006340184,1.1006473891,1.1006327167,1.1006460874,0.0000000000,0.0000233519,-0.0000049882,50.3392357667,0.0001708770,0.0000000000,True,,FLAT,LONG,,,,,1.1002799986,1.1012410312
2023-02-23 08:00:00+00:00,1.1006460874,1.1006593687,1.1006434971,1.1006567784,0.0000000000,0.0000297910,-0.0001051751,51.0047530534,0.0001598052,0.0000000000,True,,FLAT,LONG,,,,,1.1002799986,1.1012410312
2023-02-23 09:00:00+00:00,1.1006567784,1.1006693611,1.1006541802,1.1006667630,0.0000000000,0.0000312769,-0.0000165415,51.6563500114,0.0001494749,0.0000000000,True,,FLAT,LONG,,,,,1.1002799986,1.1012410312
2023-02-23 10:00:00+00:00,1.1006667630,1.1006843616,1.1006634449,1.1006810435,0.0000000000,0.0000471213,0.0000207089,52.6267702525,0.0001402922,0.0000000000,True,,FLAT,LONG,,,,,1.1002799986,1.1012410312
2023-02-23 11:00:00+00:00,1.1006810435,1.1006924002,1.1006782425,1.1006895992,0.0000000000,0.0000504989,0.0000088677,53.2324705946,0.0001312826,0.0000000000,True,,FLAT,LONG,,,,,1.1002799986,1.1012410312
2023-02-23 12:00:00+00:00,1.1006895992,1.1006931154,1.1006625584,1.1006660747,0.0000000000,0.0000181596,0.0001098912,51.2906266687,0.0001240879,0.0000000000,True,,FLAT,LONG,,,,,1.1002799986,1.1012410312
2023-02-23 13:00:00+00:00,1.1006660747,1.1006742496,1.1006629596,1.1006711345,0.0000000000,0.0000130432,0.0000705587,51.6987550345,0.0001160309,0.0000000000,True,,FLAT,LONG,,,,,1.1002799986,1.1012410312
2023-02-23 14:00:00+00:00,1.1006711345,1.1006902364,1.1006678214,1.1006869233,0.0000000000,0.0000183165,-0.0000536390,53.0215141139,0.0001093441,0.0000000000,True,,FLAT,LONG,,,,,1.1002799986,1.1012410312
2023-02-23 15:00:00+00:00,1.1006869233,1.1007034598,1.1006834936,1.1007000301,0.0000000000,0.0000172499,-0.0001513622,54.1441747485,0.0001029599,0.0000000000,True,,FLAT,LONG,,,,,1.1002799986,1.1012410312
2023-02-23 16:00:00+00:00,1.1007000301,1.1007187278,1.1006970335,1.1007157312,0.0000000000,0.0000237415,-0.0000244875,55.5156085224,0.0000971552,0.0000000000,True,,FLAT,LONG,,,,,1.1002799986,1.1012410312
2023-02-23 17:00:00+00:00,1.1007157312,1.1007191385,1.1007057765,1.1007091838,0.0000000000,0.0000391664,0.0000110934,54.7798714675,0.0000911700,0.0000000000,True,,FLAT,LONG,,,,,1.1002799986,1.1012410312
2023-02-23 18:00:00+00:00,1.1007091838,1.1007127523,1.1006903230,1.1006938915,0.0000000000,0.0000206755,-0.0000428451,53.0126932241,0.0000862600,0.0000000000,True,,FLAT,LONG,,,,,1.1002799986,1.1012410312
2023-02-23 19:00:00+00:00,1.1006938915,1.1007048173,1.1006903071,1.1007012328,0.0000000000,0.0000130005,0.0000085256,53.7834941460,0.0000811350,0.0000000000,True,,FLAT,LONG,,,,,1.1002799986,1.1012410312
2023-02-23 20:00:00+00:00,1.1007012328,1.1007034621,1.1006855278,1.1006877571,0.0000000000,-0.0000111502,-0.0000842432,52.0941681650,0.0000766206,0.0000000000,True,,FLAT,LONG,,,,,1.1002799986,1.1012410312
2023-02-23 21:00:00+00:00,1.1006877571,1.1006912855,1.1006806598,1.1006841883,0.0000000000,-0.0000286567,0.0000941908,51.6316466959,0.0000719067,0.0000000000,True,,FLAT,LONG,,,,,1.1002799986,1.1012410312
2023-02-23 22:00:00+00:00,1.1006841883,1.1006900323,1.1006822342,1.1006880782,0.0000000000,-0.0000191746,0.0000615038,52.1305359769,0.0000673275,0.0000000000,True,0.9000000000,LONG,LONG,,,,,1.1002799986,1.1012410312
2023-02-23 23:00:00+00:00,1.1006880782,1.1006919841,1.1006859350,1.1006898409,0.0000000000,-0.0000036801,0.0000598308,52.3702755651,0.0000629505,0.0000000000,True,,FLAT,LONG,,,,,1.1002799986,1.1012410312
2023-02-24 00:00:00+00:00,1.1006898409,1.1006941930,1.1006871655,1.1006915177,0.0000000000,-0.0000088263,0.0000537683,52.6134069240,0.0000589560,0.0000000000,True,,FLAT,LONG,,,,,1.1002799986,1.1012410312
2023-02-24 01:00:00+00:00,1.1006915177,1.1006960798,1.1006682057,1.1006727677,0.0000000000,-0.0000136182,0.0000396021,49.5665976289,0.0000567359,0.0000000000,True,,FLAT,LONG,,,,,1.1002799986,1.1012410312
2023-02-24 02:00:00+00:00,1.1006727677,1.1006752757,1.1006608538,1.1006633618,0.0000000000,-0.0000189214,0.0000266604,48.0629504467,0.0000537134,0.0000000000,True,,FLAT,LONG,,,,,1.1002799986,1.1012410312
2023-02-24 03:00:00+00:00,1.1006633618,1.1006910351,1.1006601279,1.1006878012,0.0000000000,-0.0000002516,0.0000378994,52.1266716770,0.0000520844,0.0000000000,True,,FLAT,FLAT,,EXIT_MAX_HOLD,MAX_HOLDING_PERIOD,,1.1002799986,1.1012410312
2023-02-24 04:00:00+00:00,1.1006878012,1.1006909813,1.1006807670,1.1006839471,0.0000000000,-0.0000053546,0.0000246840,51.4430812677,0.0000490937,0.0000000000,True,,FLAT,FLAT,,,,,,
2023-02-24 05:00:00+00:00,1.1006839471,1.1007290044,1.1005983487,1.1006434061,0.0000000000,-0.0000437104,-0.0000212207,44.7894087643,0.0000549196,0.0000000000,True,,FLAT,FLAT,,,,,,
2023-02-24 06:00:00+00:00,1.1006434061,1.1007152432,1.1005725469,1.1006443840,0.0000000000,-0.0000257876,-0.0000333062,44.9742974602,0.0000611893,0.0000000000,True,,FLAT,FLAT,,,,,,
2023-02-24 07:00:00+00:00,1.1006443840,1.1007955336,1.1005880145,1.1007391641,0.0000000000,0.0000688697,0.0000450308,59.2256659958,0.0000716415,0.0000000000,True,,FLAT,FLAT,,,,,,
2023-02-24 08:00:00+00:00,1.1007391641,1.1008397605,1.1005805717,1.1006811681,0.0000000000,-0.0000060264,0.0000137130,50.5912590014,0.0000850377,0.0000000000,True,,FLAT,FLAT,,,,,,
2023-02-24 09:00:00+00:00,1.1006811681,1.1007332864,1.1005825728,1.1006346912,0.0000000000,-0.0000447503,-0.0000331101,44.9372991627,0.0000897288,0.0000000000,True,,FLAT,FLAT,,,,,,
2023-02-24 10:00:00+00:00,1.1006346912,1.1007902295,1.1005388439,1.1006943823,0.0000000000,0.0000463149,0.0000067766,52.3090470366,0.0001012757,0.0000000000,True,,FLAT,FLAT,,,,,,
2023-02-24 11:00:00+00:00,1.1006943823,1.1007464217,1.1005981859,1.1006502253,0.0000000000,0.0000053072,-0.0000452483,47.2676473010,0.0001046300,0.0000000000,True,,FLAT,FLAT,,,,,,
2023-02-24 12:00:00+00:00,1.1006502253,1.1006671794,1.1006190823,1.1006360363,0.0000000000,-0.0000936896,-0.0000724028,45.7420924199,0.0001005920,0.0000000000,True,,FLAT,FLAT,,,,,,
2023-02-24 13:00:00+00:00,1.1006360363,1.1008654835,1.1005749040,1.1008043512,0.0000000000,0.0001119154,0.0000864601,61.5820351196,0.0001141625,0.0000000000,True,,FLAT,FLAT,,,,,,
2023-02-24 14:00:00+00:00,1.1008043512,1.1009001806,1.1006546905,1.1007505198,0.0000000000,0.0001052380,0.0000514478,55.9556109635,0.0001235430,0.0000000000,True,,FLAT,FLAT,,,,,,
2023-02-24 15:00:00+00:00,1.1007505198,1.1008098584,1.1006068058,1.1006661444,0.0000000000,-0.0000256546,-0.0000318783,48.4791251088,0.0001292223,0.0000000000,True,,FLAT,FLAT,,,,,,
2023-02-24 16:00:00+00:00,1.1006661444,1.1007710592,1.1004450058,1.1005499207,0.0000000000,-0.0000911322,-0.0001252275,40.4597483330,0.0001432817,0.0000000000,True,,FLAT,FLAT,,,,,,
2023-02-24 17:00:00+00:00,1.1005499207,1.1008416782,1.1004331691,1.1007249266,0.0000000000,0.0000807627,0.0000370118,53.0529671210,0.0001622265,0.0000000000,True,,FLAT,FLAT,,,,,,
2023-02-24 18:00:00+00:00,1.1007249266,1.1009883917,1.1006646313,1.1009280963,0.0000000000,0.0001124133,0.0002180619,62.8711011913,0.0001737646,0.0000000000,True,,FLAT,FLAT,,,,,,
2023-02-24 19:00:00+00:00,1.1009280963,1.1010355026,1.1006702312,1.1007776374,0.0000000000,0.0000246356,0.0000797650,53.8839183853,0.0001874437,0.0000000000,True,,FLAT,FLAT,,,,,,
2023-02-24 20:00:00+00:00,1.1007776374,1.1008779022,1.1006966260,1.1007968908,0.0000000000,0.0001187884,0.0000957335,54.7748124195,0.0001870031,0.0000000000,True,,FLAT,FLAT,,,,,,
2023-02-24 21:00:00+00:00,1.1007968908,1.1008548578,1.1006045378,1.1006625048,0.0000000000,0.0001022981,-0.0000093242,47.8293605540,0.0001915258,0.0000000000,True,,FLAT,FLAT,,,,,,
2023-02-26 22:00:00+00:00,1.1006625048,1.1007501618,1.1005265280,1.1006141851,0.0000000000,-0.0001006078,-0.0000446791,45.5908825926,0.0001938192,0.0000000000,True,,FLAT,FLAT,,,,,,
2023-02-26 23:00:00+00:00,1.1006141851,1.1007136763,1.1004842675,1.1005837587,0.0000000000,-0.0003127703,-0.0000945250,44.1884641432,0.0001963613,0.0000000000,True,,FLAT,FLAT,,,,,,
2023-02-27 00:00:00+00:00,1.1005837587,1.1007691885,1.1004910110,1.1006764408,0.0000000000,-0.0000919320,-0.0000068197,49.3041311214,0.0002022053,0.0000000000,True,,FLAT,FLAT,,,,,,
2023-02-27 01:00:00+00:00,1.1006764408,1.1007485420,1.1005734520,1.1006455533,0.0000000000,-0.0001374799,0.0000019509,47.7338548421,0.0002002685,0.0000000000,True,,FLAT,FLAT,,,,,,
2023-02-27 02:00:00+00:00,1.1006455533,1.1007625647,1.1003873315,1.1005043429,0.0000000000,-0.0001436970,-0.0001272356,41.2635027772,0.0002127660,0.0000000000,True,,FLAT,FLAT,,,,,,
2023-02-27 03:00:00+00:00,1.1005043429,1.1005790138,1.1003026876,1.1003773585,0.0000000000,-0.0002151768,-0.0003286933,36.4753358999,0.0002173060,0.0000000000,True,,FLAT,FLAT,,,,,,
2023-02-27 04:00:00+00:00,1.1003773585,1.1004235241,1.1003046196,1.1003507853,0.0000000000,-0.0002116817,-0.0003001621,35.5457921478,0.0002102773,0.0000000000,True,,FLAT,FLAT,,,,,,
2023-02-27 05:00:00+00:00,1.1003507853,1.1004183507,1.1000799210,1.1001474864,0.0000000000,-0.0004805721,-0.0004426580,29.3775487646,0.0002194311,0.0000000000,True,,FLAT,FLAT,,,,,,
2023-02-27 06:00:00+00:00,1.1001474864,1.1003842678,1.1000773712,1.1003141526,0.0000000000,-0.0003010966,-0.0003454453,38.7598027303,0.0002256786,0.0000000000,True,,FLAT,FLAT,,,,,,
2023-02-27 07:00:00+00:00,1.1003141526,1.1006640459,1.1002620290,1.1006119223,0.0000000000,0.0000977546,-0.0000348004,51.2268310920,0.0002382742,0.0000000000,True,,FLAT,FLAT,,,,,,
2023-02-27 08:00:00+00:00,1.1006119223,1.1007247826,1.1004545603,1.1005674206,0.0000000000,0.0001727245,-0.0000623418,49.6016454331,0.0002405562,0.0000000000,True,,FLAT,FLAT,,,,,,
2023-02-27 09:00:00+00:00,1.1005674206,1.1007529162,1.1004672110,1.1006527066,0.0000000000,0.0002743864,-0.0001377581,52.6988038423,0.0002437811,1.0000000000,True,,FLAT,FLAT,,,,,,
2023-02-27 10:00:00+00:00,1.1006527066,1.1007268564,1.1003481899,1.1004223398,0.0000000000,0.0002498332,-0.0002981420,44.7069233713,0.0002534158,1.0000000000,True,0.5500000000,FLAT,FLAT,,,,,,
2023-02-27 11:00:00+00:00,1.1004223398,1.1005337986,1.1002845033,1.1003959622,0.0000000000,0.0000743511,-0.0002454715,43.8862392795,0.0002531215,1.0000000000,True,,FLAT,FLAT,,,,,,
2023-02-27 12:00:00+00:00,1.1003959622,1.1005028381,1.1002300456,1.1003369215,0.0000000000,-0.0002498617,-0.0001935389,42.0266061798,0.0002545266,1.0000000000,True,,FLAT,FLAT,,,,,,
2023-02-27 13:00:00+00:00,1.1003369215,1.1003964862,1.1001292950,1.1001888597,0.0000000000,-0.0003439688,-0.0004870126,37.7109909385,0.0002554312,1.0000000000,True,,FLAT,FLAT,,,,,,
2023-02-27 14:00:00+00:00,1.1001888597,1.1003386466,1.1001179089,1.1002676957,0.0000000000,-0.0003498023,-0.0005998580,41.1747571559,0.0002529531,1.0000000000,True,,FLAT,FLAT,,,,,,
2023-02-27 15:00:00+00:00,1.1002676957,1.1004490902,1.1001762221,1.1003576166,0.0000000000,-0.0000588167,-0.0003815674,44.9359500503,0.0002543756,1.0000000000,True,0.4500000000,FLAT,FLAT,,,,,,
2023-02-27 16:00:00+00:00,1.1003576166,1.1004375805,1.1000849564,1.1001649203,0.0000000000,-0.0002099625,-0.0005741027,39.1579257775,0.0002613933,1.0000000000,True,,FLAT,FLAT,,,,,,
2023-02-27 17:00:00+00:00,1.1001649203,1.1005359929,1.1000533565,1.1004244292,0.0000000000,0.0000795281,-0.0002163021,48.7208338612,0.0002771964,2.0000000000,True,,FLAT,FLAT,,,,,,
2023-02-27 18:00:00+00:00,1.1004244292,1.1005213521,1.0999695944,1.1000665173,0.0000000000,-0.0001112013,-0.0004976020,39.4996315228,0.0002968079,2.0000000000,True,,FLAT,FLAT,,,,,,
2023-02-27 19:00:00+00:00,1.1000665173,1.1001337334,1.0999141764,1.0999813925,0.0000000000,-0.0002602123,-0.0005473151,37.6733350779,0.0002912900,2.0000000000,True,,FLAT,FLAT,,,,,,
2023-02-27 20:00:00+00:00,1.0999813925,1.1001742630,1.0998663004,1.1000591708,0.0000000000,-0.0002712261,-0.0005608096,40.3855083109,0.0002924809,2.0000000000,True,,FLAT,FLAT,,,,,,
2023-02-27 21:00:00+00:00,1.1000591708,1.1002834028,1.0999737210,1.1001979529,0.0000000000,0.0000300252,-0.0004066707,44.9857278102,0.0002937095,2.0000000000,True,,FLAT,FLAT,,,,,,
2023-02-27 22:00:00+00:00,1.1001979529,1.1003347521,1.1000867835,1.1002235827,0.0000000000,-0.0001825173,-0.0002551196,45.8172673388,0.0002904423,2.0000000000,True,,FLAT,FLAT,,,,,,
2023-02-27 23:00:00+00:00,1.1002235827,1.1003080042,1.1000825652,1.1001669868,0.0000000000,0.0000913304,-0.0001911814,44.2275286463,0.0002857992,2.0000000000,True,,FLAT,FLAT,,,,,,
2023-02-28 00:00:00+00:00,1.1001669868,1.1002128543,1.1000120015,1.1000578690,0.0000000000,0.0000695252,-0.0002662027,41.2553663777,0.0002797316,2.0000000000,True,,FLAT,FLAT,,,,,,
2023-02-28 01:00:00+00:00,1.1000578690,1.1002422096,1.0999573769,1.1001417175,0.0000000000,0.0000750384,-0.0000052437,44.3501372764,0.0002800960,2.0000000000,True,,FLAT,FLAT,,,,,,
2023-02-28 02:00:00+00:00,1.1001417175,1.1003105674,1.1000650359,1.1002338858,0.0000000000,0.0000326603,-0.0000729490,47.6169312209,0.0002776271,2.0000000000,True,,FLAT,FLAT,,,,,,
2023-02-28 03:00:00+00:00,1.1002338858,1.1003375503,1.0999031903,1.1000068548,0.0000000000,-0.0001969853,-0.0005497556,41.2010752565,0.0002888223,2.0000000000,True,,FLAT,FLAT,,,,,,
2023-02-28 04:00:00+00:00,1.1000068548,1.1003701726,1.0999026835,1.1002660012,0.0000000000,0.0000899995,-0.0002738763,49.5560823747,0.0003015842,2.0000000000,True,,FLAT,FLAT,,,,,,
2023-02-28 05:00:00+00:00,1.1002660012,1.1003173438,1.1000895076,1.1001408502,0.0000000000,0.0000754335,-0.0004650481,46.1458491520,0.0002963165,2.0000000000,True,,FLAT,FLAT,,,,,,
2023-02-28 06:00:00+00:00,1.1001408502,1.1002105838,1.1000044416,1.1000741753,0.0000000000,-0.0000613941,-0.0003163917,44.3931191666,0.0002898755,2.0000000000,True,,FLAT,FLAT,,,,,,
2023-02-28 07:00:00+00:00,1.1000741753,1.1003275762,1.0999553729,1.1002087738,0.0000000000,-0.0000228242,-0.0001701100,48.6345856399,0.0002957560,2.0000000000,True,,FLAT,FLAT,,,,,,
2023-02-28 08:00:00+00:00,1.1002087738,1.1002786483,1.1001065773,1.1001764518,0.0000000000,0.0001541781,-0.0001458369,47.6937952627,0.0002869214,2.0000000000,True,,FLAT,FLAT,,,,,,
2023-02-28 09:00:00+00:00,1.1001764518,1.1003302086,1.1000780472,1.1002318040,0.0000000000,-0.0000310809,0.0000390335,49.4955584706,0.0002844385,2.0000000000,True,,FLAT,FLAT,,,,,,
2023-02-28 10:00:00+00:00,1.1002318040,1.1002710824,1.1001703015,1.1002095799,0.0000000000,0.0000624736,-0.0000528197,48.7691802740,0.0002713201,2.0000000000,True,,FLAT,FLAT,,,,,,
2023-02-28 11:00:00+00:00,1.1002095799,1.1004282286,1.1001695263,1.1003881750,0.0000000000,0.0002854350,0.0000277714,54.5425885611,0.0002704189,2.0000000000,True,,FLAT,FLAT,,,,,,
2023-02-28 12:00:00+00:00,1.1003881750,1.1004263671,1.1000636918,1.1001018839,0.0000000000,-0.0000971542,-0.0000572972,45.6596514180,0.0002770086,2.0000000000,True,,FLAT,FLAT,,,,,,
2023-02-28 13:00:00+00:00,1.1001018839,1.1002565338,1.1000197527,1.1001744026,0.0000000000,-0.0000018626,-0.0002272092,47.9711413022,0.0002741352,2.0000000000,True,,FLAT,FLAT,,,,,,
2023-02-28 14:00:00+00:00,1.1001744026,1.1002311977,1.0998228734,1.0998796685,0.0000000000,-0.0003200557,-0.0001698523,40.4416792674,0.0002837201,2.0000000000,True,,FLAT,FLAT,,,,,,
2023-02-28 15:00:00+00:00,1.0998796685,1.1000995962,1.0998325338,1.1000524616,0.0000000000,-0.0001428077,0.0000646093,45.8116328108,0.0002825303,2.0000000000,True,,FLAT,FLAT,,,,,,
2023-02-28 16:00:00+00:00,1.1000524616,1.1001316666,1.0998389498,1.0999181548,0.0000000000,-0.0004271403,-0.0001281895,42.5967805221,0.0002832579,2.0000000000,True,,FLAT,FLAT,,,,,,
