date,open,high,low,close,m1_bars
2010-01-04,1117.7,1133.7,1117.2,1132.2,1166
2010-01-05,1132.0,1136.9,1128.9,1135.4,1169
2010-01-06,1135.7,1139.4,1131.1,1135.8,1155
2010-01-07,1136.1,1142.6,1130.8,1140.8,1184
2010-01-08,1141.1,1145.5,1134.8,1145.3,1079
2010-01-11,1145.4,1151.7,1141.4,1144.1,1234
2010-01-12,1143.9,1146.6,1131.3,1137.8,1230
2010-01-13,1137.3,1148.8,1132.7,1144.8,1234
2010-01-14,1144.5,1150.7,1141.7,1150.2,1140
2010-01-15,1150.0,1150.0,1130.9,1135.6,1138
2010-01-18,1135.0,1140.2,1132.8,1140.0,836
2010-01-19,1139.7,1150.2,1129.4,1147.7,1210
2010-01-20,1147.4,1149.7,1128.3,1138.4,1287
2010-01-21,1137.9,1142.3,1111.5,1111.7,1247
2010-01-22,1112.0,1118.7,1089.1,1094.4,1267
2010-01-25,1096.8,1105.8,1092.5,1094.2,1293
2010-01-26,1095.2,1102.7,1083.7,1092.2,1322
2010-01-27,1091.9,1098.6,1081.1,1098.1,1300
2010-01-28,1097.9,1106.1,1077.0,1083.5,1352
2010-01-29,1083.3,1095.8,1069.0,1071.5,1296
2010-02-01,1072.4,1088.9,1070.4,1088.4,1288
2010-02-02,1088.1,1103.8,1084.3,1100.8,1259
2010-02-03,1100.6,1102.6,1092.8,1099.3,1267
2010-02-04,1099.8,1100.5,1061.4,1064.4,1210
2010-02-05,1064.9,1067.1,1042.8,1062.1,1225
2010-02-08,1064.0,1070.5,1054.9,1056.4,1327
2010-02-09,1056.7,1078.9,1056.2,1069.4,1266
2010-02-10,1069.2,1074.4,1058.1,1065.6,1284
2010-02-11,1065.8,1081.6,1059.3,1079.8,1271
2010-02-12,1079.6,1081.0,1061.8,1080.8,1236
2010-02-15,1079.2,1080.6,1075.2,1077.1,794
2010-02-16,1078.1,1095.6,1076.9,1095.1,1183
2010-02-17,1094.8,1101.6,1094.3,1101.0,1257
2010-02-18,1100.8,1108.3,1094.8,1099.2,1217
2010-02-19,1099.5,1112.5,1094.0,1107.7,1270
2010-02-22,1107.3,1114.1,1104.8,1108.5,1229
2010-02-23,1108.0,1114.0,1091.5,1097.5,1214
2010-02-24,1097.7,1106.5,1093.7,1103.7,1228
2010-02-25,1103.9,1104.7,1085.6,1102.4,1298
2010-02-26,1102.9,1108.6,1097.3,1106.3,1242
2010-03-01,1106.5,1116.4,1105.2,1115.4,1251
2010-03-02,1115.2,1123.7,1113.7,1118.9,1183
2010-03-03,1119.1,1125.8,1115.9,1118.8,1150
2010-03-04,1119.3,1124.3,1114.8,1123.3,1201
2010-03-05,1123.0,1139.5,1122.5,1137.2,1144
2010-03-08,1136.9,1141.1,1135.6,1136.8,1166
2010-03-09,1136.6,1145.5,1132.0,1140.3,1122
2010-03-10,1140.5,1148.5,1138.3,1145.7,1139
2010-03-11,1145.5,1151.4,1138.9,1150.9,1241
2010-03-12,1150.7,1157.1,1147.1,1151.6,1084
2010-03-14,1151.3,1151.3,1149.5,1150.5,33
2010-03-15,1150.8,1152.5,1141.5,1151.2,899
2010-03-16,1151.5,1160.7,1149.2,1159.4,853
2010-03-17,1159.7,1170.1,1159.1,1166.3,782
2010-03-18,1166.6,1169.1,1161.0,1166.3,721
2010-03-19,1166.5,1170.3,1155.4,1161.5,688
2010-03-22,1154.8,1168.8,1151.8,1168.3,942
2010-03-23,1168.5,1175.5,1164.0,1174.8,1124
2010-03-24,1174.5,1175.0,1165.9,1168.9,1157
2010-03-25,1169.2,1181.4,1164.1,1164.6,1128
2010-03-26,1164.9,1174.6,1161.3,1168.3,1152
2010-03-28,1169.5,1171.7,1169.2,1170.2,43
2010-03-29,1170.0,1175.7,1168.7,1174.4,1172
2010-03-30,1174.2,1178.4,1168.9,1173.4,1126
2010-03-31,1173.6,1175.1,1165.8,1172.5,1118
2010-04-01,1172.3,1182.0,1170.3,1178.3,1187
2010-04-02,1178.5,1183.0,1174.7,1182.2,472
2010-04-04,1183.1,1184.9,1182.6,1184.1,46
2010-04-05,1184.4,1188.1,1178.8,1187.6,933
2010-04-06,1187.8,1192.3,1181.5,1189.3,1183
2010-04-07,1189.0,1190.5,1177.4,1182.2,1114
2010-04-08,1181.9,1189.2,1175.4,1188.1,1186
2010-04-09,1188.4,1197.1,1187.1,1197.1,1037
2010-04-11,1198.8,1202.5,1198.8,1201.3,48
2010-04-12,1201.0,1202.0,1194.7,1195.7,1231
2010-04-13,1195.9,1200.1,1188.9,1198.9,1199
2010-04-14,1198.6,1211.4,1198.4,1210.1,1110
2010-04-15,1210.4,1214.3,1204.8,1210.0,1159
2010-04-16,1209.8,1211.3,1186.4,1193.4,1126
2010-04-18,1189.6,1190.8,1189.3,1189.8,54
2010-04-19,1189.6,1199.8,1183.3,1199.5,1269
2010-04-20,1199.3,1212.0,1197.5,1210.3,1241
2010-04-21,1210.5,1213.0,1198.4,1201.2,1231
2010-04-22,1201.4,1210.4,1189.8,1204.9,1168
2010-04-23,1205.1,1217.1,1200.8,1216.1,1143
2010-04-25,1214.5,1214.7,1213.2,1214.0,43
2010-04-26,1213.7,1220.0,1209.9,1210.4,1173
2010-04-27,1210.6,1213.1,1180.5,1183.8,1256
2010-04-28,1184.0,1195.0,1179.7,1193.7,1306
2010-04-29,1194.0,1209.2,1191.0,1208.5,1251
2010-04-30,1208.2,1210.9,1185.6,1188.9,1214
2010-05-02,1187.2,1189.5,1186.7,1189.5,56
2010-05-03,1189.2,1204.7,1186.5,1201.0,1245
2010-05-04,1200.7,1202.5,1166.8,1171.6,1211
2010-05-05,1171.3,1177.6,1157.5,1168.8,1293
2010-05-06,1168.5,1171.2,1059.0,1119.1,1338
2010-05-07,1118.8,1137.6,1093.3,1110.0,1275
2010-05-09,1127.5,1133.0,1125.5,1128.5,60
2010-05-10,1128.7,1164.3,1123.7,1158.5,1374
2010-05-11,1158.2,1171.2,1142.7,1148.6,1347
2010-05-12,1148.4,1173.4,1143.1,1169.6,1349
2010-05-13,1169.9,1176.9,1156.0,1157.5,1280
2010-05-14,1157.3,1161.5,1125.7,1137.0,1183
2010-05-16,1135.6,1137.8,1133.1,1134.1,59
2010-05-17,1133.8,1142.1,1114.5,1138.8,1363
2010-05-18,1138.5,1149.0,1111.9,1113.7,1343
2010-05-19,1113.4,1124.4,1100.4,1115.1,1358
2010-05-20,1114.9,1118.1,1064.0,1065.5,1357
2010-05-21,1065.8,1090.3,1052.7,1086.2,1268
2010-05-23,1086.9,1087.6,1083.1,1085.4,54
2010-05-24,1085.1,1089.8,1065.5,1067.5,1382
2010-05-25,1067.8,1085.3,1038.2,1081.0,1384
2010-05-26,1081.3,1090.7,1056.7,1061.2,1376
2010-05-27,1060.9,1105.2,1060.4,1101.9,1380
2010-05-28,1102.2,1107.9,1084.4,1088.6,1254
2010-05-30,1089.5,1092.0,1086.8,1091.3,53
2010-05-31,1091.5,1097.0,1089.7,1092.2,891
2010-06-01,1092.0,1095.4,1068.1,1070.4,1328
2010-06-02,1070.1,1100.6,1068.6,1097.6,1364
2010-06-03,1097.3,1106.1,1091.5,1102.0,1342
2010-06-04,1102.3,1108.3,1060.0,1067.0,1170
2010-06-06,1064.6,1065.4,1057.1,1058.9,59
2010-06-07,1058.6,1071.3,1047.6,1049.8,1368
2010-06-08,1050.0,1063.8,1041.8,1061.0,1343
2010-06-09,1060.8,1078.0,1051.7,1054.7,1341
2010-06-10,1055.0,1088.2,1053.0,1084.7,1329
2010-06-11,1085.2,1092.6,1074.9,1089.9,1147
2010-06-13,1090.8,1094.0,1090.0,1094.0,42
2010-06-14,1093.8,1106.2,1089.0,1089.7,1171
2010-06-15,1090.0,1115.9,1088.7,1111.9,1109
2010-06-16,1111.7,1119.1,1104.4,1111.6,979
2010-06-17,1111.3,1121.3,1105.5,1115.0,906
2010-06-18,1115.3,1121.8,1113.0,1115.0,834
2010-06-20,1120.9,1130.9,1120.9,1126.9,59
2010-06-21,1126.7,1134.4,1108.0,1115.8,1329
2010-06-22,1116.0,1121.8,1094.2,1096.7,1288
2010-06-23,1096.4,1102.4,1084.8,1089.6,1292
2010-06-24,1089.3,1095.6,1071.0,1076.7,1287
2010-06-25,1076.5,1084.0,1067.2,1079.4,1220
2010-06-27,1078.6,1081.8,1078.6,1079.8,53
2010-06-28,1079.6,1084.1,1070.8,1074.3,1216
2010-06-29,1074.5,1079.0,1034.5,1039.1,1332
2010-06-30,1039.3,1048.6,1026.7,1027.5,1352
2010-07-01,1027.7,1033.5,1010.1,1027.2,1342
2010-07-02,1027.4,1036.2,1014.6,1018.1,1205
2010-07-04,1018.7,1020.0,1017.5,1018.5,42
2010-07-05,1018.0,1022.2,1014.9,1015.4,892
2010-07-06,1015.2,1042.0,1006.9,1027.4,1312
2010-07-07,1027.2,1063.5,1019.9,1062.7,1293
2010-07-08,1062.5,1072.2,1057.7,1069.5,1287
2010-07-09,1069.7,1078.7,1066.9,1075.7,1166
2010-07-11,1075.1,1075.8,1074.1,1075.3,45
2010-07-12,1075.1,1084.3,1069.0,1082.3,1251
2010-07-13,1082.5,1102.6,1076.5,1100.8,1316
2010-07-14,1101.0,1102.0,1087.0,1095.2,1219
2010-07-15,1095.0,1102.2,1079.9,1097.4,1302
2010-07-16,1097.2,1098.2,1062.3,1066.8,1181
2010-07-18,1064.9,1065.4,1063.2,1064.9,51
2010-07-19,1064.7,1074.2,1060.1,1062.1,1302
2010-07-20,1062.4,1088.1,1053.8,1083.1,1338
2010-07-21,1083.4,1090.9,1064.0,1067.0,1285
2010-07-22,1067.3,1097.6,1064.3,1092.0,1299
2010-07-23,1091.8,1104.5,1087.2,1103.8,1157
2010-07-25,1104.2,1105.7,1101.7,1103.2,43
2010-07-26,1102.9,1114.6,1099.9,1111.4,1265
2010-07-27,1111.6,1121.6,1108.8,1113.1,1207
2010-07-28,1113.3,1118.6,1102.0,1104.8,1225
2010-07-29,1104.5,1115.7,1091.7,1099.4,1147
2010-07-30,1095.4,1105.9,1086.1,1103.1,887
2010-08-01,1107.0,1107.0,1104.3,1105.5,48
2010-08-02,1105.8,1126.8,1104.8,1124.0,1267
2010-08-03,1124.3,1125.0,1115.7,1120.5,1221
2010-08-04,1120.2,1128.4,1114.7,1125.9,1247
2010-08-05,1125.7,1130.2,1117.9,1126.1,1215
2010-08-06,1126.4,1129.3,1106.0,1122.3,1055
2010-08-08,1122.2,1123.7,1120.7,1121.2,43
2010-08-09,1120.9,1128.9,1118.7,1127.9,1206
2010-08-10,1127.6,1127.6,1110.6,1121.1,1246
2010-08-11,1120.8,1121.1,1075.4,1079.7,1321
2010-08-12,1079.4,1089.4,1072.4,1082.9,1320
2010-08-13,1082.7,1090.9,1074.3,1078.1,1210
2010-08-15,1079.2,1079.2,1077.5,1079.0,42
2010-08-16,1079.2,1083.2,1067.9,1078.9,1283
2010-08-17,1078.7,1100.2,1076.4,1091.1,1300
2010-08-18,1091.4,1100.1,1085.3,1089.1,1267
2010-08-19,1088.8,1096.3,1070.3,1073.8,1269
2010-08-20,1074.0,1077.5,1063.2,1072.0,1197
2010-08-22,1071.3,1075.6,1070.3,1074.3,56
2010-08-23,1074.1,1081.6,1064.8,1064.8,1297
2010-08-24,1065.0,1066.5,1045.5,1050.5,1290
2010-08-25,1050.7,1058.9,1038.7,1055.9,1319
2010-08-26,1056.2,1062.9,1042.9,1045.1,1296
2010-08-27,1045.4,1065.6,1038.6,1065.1,1206
2010-08-29,1065.5,1069.5,1064.7,1067.5,55
2010-08-30,1067.2,1073.7,1045.4,1046.7,1299
2010-08-31,1046.9,1055.1,1038.4,1053.9,1306
2010-09-01,1053.6,1083.3,1051.6,1081.1,1307
2010-09-02,1081.3,1091.3,1077.3,1089.8,1285
2010-09-03,1089.5,1105.3,1087.0,1104.3,1136
2010-09-05,1104.4,1104.4,1102.4,1104.1,33
2010-09-06,1104.4,1107.6,1103.4,1104.8,803
2010-09-07,1105.1,1107.8,1090.5,1091.5,1219
2010-09-08,1091.8,1103.5,1086.7,1100.7,1276
2010-09-09,1101.0,1112.4,1097.2,1102.9,1230
2010-09-10,1103.2,1110.9,1101.2,1110.1,1108
2010-09-12,1112.8,1116.8,1112.8,1115.8,41
2010-09-13,1115.5,1124.7,1115.3,1123.2,1105
2010-09-14,1123.0,1127.7,1115.4,1118.4,970
2010-09-15,1118.2,1126.8,1114.4,1125.6,942
2010-09-16,1125.3,1129.8,1118.1,1129.8,897
2010-09-17,1129.3,1137.8,1124.4,1127.2,840
2010-09-19,1125.8,1127.5,1124.5,1124.8,49
2010-09-20,1125.0,1147.6,1124.2,1143.5,1271
2010-09-21,1143.3,1151.3,1137.7,1141.2,1273
2010-09-22,1141.4,1147.5,1133.6,1138.8,1276
2010-09-23,1139.1,1141.6,1124.2,1126.4,1207
2010-09-24,1126.7,1151.5,1125.4,1150.0,1183
2010-09-26,1150.8,1156.6,1150.1,1154.9,58
2010-09-27,1155.1,1155.6,1143.7,1144.5,1291
2010-09-28,1144.2,1152.7,1133.8,1149.2,1282
2010-09-29,1148.9,1153.2,1142.1,1147.1,1260
2010-09-30,1147.3,1160.1,1137.7,1142.2,1248
2010-10-01,1144.2,1153.0,1140.9,1144.2,1209
2010-10-03,1149.5,1150.0,1145.5,1145.7,47
2010-10-04,1145.5,1150.2,1133.1,1140.9,1299
2010-10-05,1141.1,1164.9,1138.8,1161.4,1305
2010-10-06,1161.6,1166.1,1157.0,1160.8,1238
2010-10-07,1161.0,1169.8,1153.2,1162.7,1177
2010-10-08,1163.0,1169.9,1151.9,1166.7,1131
2010-10-10,1167.3,1169.3,1167.3,1168.8,47
2010-10-11,1169.0,1170.8,1163.4,1168.2,1184
2010-10-12,1168.4,1174.6,1157.3,1171.3,1292
2010-10-13,1171.6,1186.6,1169.8,1179.5,1308
2010-10-14,1179.3,1186.3,1167.9,1180.5,1325
2010-10-15,1180.2,1185.4,1168.4,1180.4,1239
2010-10-17,1179.5,1180.0,1178.2,1179.0,41
2010-10-18,1179.2,1187.4,1169.9,1177.6,1316
2010-10-19,1177.9,1183.1,1160.5,1166.7,1283
2010-10-20,1166.5,1184.7,1165.5,1181.7,1317
2010-10-21,1181.5,1191.2,1172.3,1180.4,1264
2010-10-22,1180.6,1186.3,1178.1,1186.3,1097
2010-10-24,1185.4,1187.9,1185.1,1185.4,47
2010-10-25,1185.6,1197.6,1185.1,1187.0,1281
2010-10-26,1186.8,1188.8,1178.7,1188.0,1223
2010-10-27,1187.7,1190.7,1172.1,1182.6,1280
2010-10-28,1182.9,1191.3,1177.8,1184.0,1239
2010-10-29,1183.8,1186.7,1176.2,1184.7,1150
2010-10-31,1184.5,1191.0,1184.3,1189.3,56
2010-11-01,1189.5,1196.8,1177.7,1185.4,1238
2010-11-02,1185.7,1197.7,1185.4,1197.4,1249
2010-11-03,1197.1,1201.8,1183.5,1200.6,1239
2010-11-04,1200.3,1222.6,1199.0,1221.0,1276
2010-11-05,1221.3,1228.3,1216.2,1225.7,1179
2010-11-08,1224.0,1225.8,1218.2,1221.7,1289
2010-11-09,1221.4,1228.2,1209.6,1213.3,1283
2010-11-10,1213.1,1220.3,1205.0,1209.5,1283
2010-11-11,1209.7,1216.5,1205.2,1214.4,1255
2010-11-12,1214.2,1214.9,1194.5,1197.5,1299
2010-11-15,1198.3,1208.6,1195.3,1196.0,1296
2010-11-16,1196.3,1197.5,1173.6,1179.4,1337
2010-11-17,1179.9,1184.6,1176.1,1180.0,1276
2010-11-18,1180.3,1201.5,1180.0,1200.8,1332
2010-11-19,1200.5,1202.4,1189.9,1200.9,1230
2010-11-22,1205.0,1208.3,1184.7,1199.4,1340
2010-11-23,1199.2,1199.9,1176.8,1178.8,1316
2010-11-24,1178.5,1199.5,1177.5,1197.2,1293
2010-11-25,1197.5,1202.4,1194.7,1201.9,801
2010-11-26,1201.7,1201.7,1184.3,1185.0,989
2010-11-29,1190.1,1195.3,1173.8,1188.3,1337
2010-11-30,1188.0,1189.8,1174.5,1179.2,1261
2010-12-01,1179.9,1209.2,1177.7,1205.9,1321
2010-12-02,1206.1,1224.8,1203.3,1224.6,1304
2010-12-03,1224.1,1228.5,1214.2,1224.7,1222
2010-12-06,1224.3,1227.8,1217.2,1221.0,1247
2010-12-07,1221.2,1235.9,1219.9,1221.1,1304
2010-12-08,1220.6,1231.0,1218.1,1230.5,1302
2010-12-09,1230.8,1238.7,1227.2,1233.2,1281
2010-12-10,1233.4,1242.1,1232.9,1241.4,1158
2010-12-13,1242.4,1247.3,1237.7,1241.6,1058
2010-12-14,1241.8,1247.5,1238.3,1242.2,919
2010-12-15,1242.0,1244.4,1234.2,1238.2,978
2010-12-16,1237.7,1244.6,1232.8,1243.3,852
2010-12-17,1243.8,1245.8,1239.5,1242.7,756
2010-12-20,1244.6,1250.4,1238.6,1246.3,1224
2010-12-21,1246.6,1255.8,1245.6,1254.6,1203
2010-12-22,1255.1,1259.5,1253.5,1258.8,1112
2010-12-23,1258.5,1260.3,1253.7,1257.2,1042
2010-12-27,1253.8,1258.5,1249.8,1257.8,1109
2010-12-28,1257.5,1260.8,1255.7,1257.7,1048
2010-12-29,1258.0,1262.7,1257.5,1260.7,1071
2010-12-30,1260.4,1261.7,1255.6,1258.9,1113
2010-12-31,1259.1,1261.8,1253.6,1261.8,998
2011-01-03,1260.0,1276.2,1259.2,1268.9,1218
2011-01-04,1269.2,1273.9,1262.1,1269.1,1179
2011-01-05,1268.9,1277.6,1259.6,1275.1,1211
2011-01-06,1274.8,1280.8,1270.0,1272.8,1233
2011-01-07,1273.3,1277.8,1261.5,1271.0,1187
2011-01-10,1269.9,1271.6,1261.5,1269.3,1242
2011-01-11,1269.1,1277.3,1267.5,1273.3,1251
2011-01-12,1273.0,1287.8,1272.8,1286.3,1166
2011-01-13,1286.0,1288.0,1279.7,1287.7,1194
2011-01-14,1287.5,1293.4,1277.6,1293.4,1192
2011-01-17,1292.8,1294.8,1286.0,1288.8,851
2011-01-18,1288.7,1299.5,1287.2,1297.0,1228
2011-01-19,1296.7,1299.4,1278.3,1281.4,1209
2011-01-20,1281.1,1284.6,1270.5,1280.5,1295
2011-01-21,1280.3,1291.0,1276.3,1283.0,1263
2011-01-24,1282.4,1292.6,1280.6,1290.6,1246
2011-01-25,1290.9,1294.3,1280.0,1290.3,1236
2011-01-26,1290.5,1299.5,1288.8,1295.3,1309
2011-01-27,1295.5,1301.0,1292.0,1297.0,1236
2011-01-28,1297.2,1302.2,1273.1,1273.4,1223
2011-01-31,1272.0,1286.2,1264.7,1284.7,1300
2011-02-01,1284.5,1308.2,1283.7,1304.5,1302
2011-02-02,1305.0,1307.9,1300.4,1302.4,1241
2011-02-03,1302.6,1308.1,1293.8,1305.8,1163
2011-02-04,1305.6,1310.5,1300.3,1309.8,1094
2011-02-07,1309.4,1322.2,1308.2,1316.9,1259
2011-02-08,1316.6,1324.3,1315.1,1323.8,1208
2011-02-09,1323.6,1324.1,1313.8,1319.5,1277
2011-02-10,1319.8,1322.5,1310.5,1316.2,1318
2011-02-11,1316.7,1330.7,1311.9,1329.4,1283
2011-02-14,1327.8,1333.0,1326.3,1327.5,1267
2011-02-15,1327.8,1331.0,1324.0,1328.2,1230
2011-02-16,1328.0,1337.7,1327.7,1334.2,1223
2011-02-17,1333.9,1341.6,1330.1,1338.1,1156
2011-02-18,1338.4,1344.3,1336.6,1344.3,1109
2011-02-21,1343.7,1344.0,1330.4,1331.4,873
2011-02-22,1331.4,1335.8,1311.6,1314.1,1334
2011-02-23,1313.8,1321.8,1298.8,1308.0,1305
2011-02-24,1308.3,1312.0,1293.9,1303.9,1341
2011-02-25,1304.4,1321.2,1304.4,1319.7,1262
2011-02-28,1319.3,1330.0,1314.0,1328.2,1257
2011-03-01,1327.5,1337.5,1297.7,1298.4,1303
2011-03-02,1298.2,1314.6,1297.2,1306.1,1324
2011-03-03,1306.4,1332.8,1305.9,1330.6,1281
2011-03-04,1330.8,1335.3,1312.0,1320.8,1195
2011-03-07,1320.9,1327.9,1303.3,1310.1,1313
2011-03-08,1309.8,1326.3,1306.8,1320.5,1283
2011-03-09,1320.8,1325.5,1312.0,1316.2,1261
2011-03-10,1316.0,1317.7,1292.9,1293.7,1342
2011-03-11,1293.4,1309.1,1283.9,1306.9,1298
2011-03-13,1302.5,1303.3,1294.0,1297.5,59
2011-03-14,1297.8,1305.8,1286.2,1296.2,1264
2011-03-15,1296.7,1297.7,1256.2,1274.4,1334
2011-03-16,1274.6,1288.4,1246.6,1251.3,1312
2011-03-17,1251.1,1279.3,1249.3,1269.5,1239
2011-03-18,1269.8,1293.3,1266.3,1280.9,981
2011-03-20,1282.5,1286.8,1281.0,1283.0,60
2011-03-21,1282.8,1302.6,1282.5,1300.0,1321
2011-03-22,1299.8,1302.8,1293.7,1294.7,1295
2011-03-23,1295.0,1302.2,1285.1,1298.2,1329
2011-03-24,1298.4,1320.2,1295.4,1315.2,1267
2011-03-25,1314.9,1320.6,1311.3,1316.6,1184
2011-03-27,1315.2,1318.5,1314.2,1314.7,56
2011-03-28,1314.4,1321.2,1307.8,1308.6,1263
2011-03-29,1308.8,1324.3,1306.0,1321.1,1282
2011-03-30,1321.3,1333.6,1320.6,1329.0,1279
2011-03-31,1329.3,1331.5,1326.2,1327.7,1201
2011-04-01,1328.0,1339.5,1326.7,1332.9,1202
2011-04-03,1332.5,1333.5,1332.3,1333.3,38
2011-04-04,1333.0,1338.2,1330.0,1335.4,1279
2011-04-05,1335.2,1339.7,1328.4,1333.1,1239
2011-04-06,1333.4,1341.8,1332.1,1334.5,1265
2011-04-07,1334.8,1340.5,1327.7,1333.5,1201
2011-04-08,1333.7,1341.0,1323.9,1329.4,1203
2011-04-10,1330.7,1334.0,1330.7,1332.7,57
2011-04-11,1333.0,1335.0,1321.6,1321.9,1269
2011-04-12,1322.1,1322.4,1310.3,1313.0,1312
2011-04-13,1313.3,1323.5,1310.0,1311.2,1293
2011-04-14,1311.4,1317.9,1302.9,1316.4,1288
2011-04-15,1316.1,1323.9,1310.3,1323.3,1183
2011-04-17,1322.7,1323.2,1321.2,1322.4,43
2011-04-18,1322.2,1322.2,1294.8,1302.3,1227
2011-04-19,1302.0,1318.3,1298.3,1316.5,1308
2011-04-20,1316.3,1339.8,1315.8,1338.8,1313
2011-04-21,1339.0,1341.8,1333.0,1334.7,1194
2011-04-24,1334.5,1336.5,1333.7,1336.0,34
2011-04-25,1336.2,1339.2,1331.2,1336.9,1057
2011-04-26,1337.2,1349.9,1331.9,1346.3,1210
2011-04-27,1346.6,1358.1,1344.3,1355.5,1212
2011-04-28,1355.3,1362.3,1350.5,1359.7,1267
2011-04-29,1359.5,1367.4,1356.5,1367.2,1153
2011-05-01,1366.8,1369.0,1365.3,1366.5,53
2011-05-02,1366.3,1376.5,1358.2,1360.2,1272
2011-05-03,1360.4,1360.9,1349.1,1352.6,1304
2011-05-04,1352.8,1358.3,1340.8,1347.8,1264
2011-05-05,1348.0,1352.0,1328.4,1338.7,1292
2011-05-06,1338.9,1354.4,1335.1,1337.8,1217
2011-05-08,1340.2,1345.5,1340.2,1342.0,56
2011-05-09,1342.2,1349.2,1337.4,1345.9,1263
2011-05-10,1345.6,1359.3,1341.8,1358.1,1244
2011-05-11,1357.8,1361.1,1335.7,1339.5,1259
2011-05-12,1339.2,1351.4,1331.7,1349.4,1292
2011-05-13,1349.7,1355.2,1333.3,1336.8,1160
2011-05-15,1334.4,1334.4,1330.9,1332.4,56
2011-05-16,1332.7,1343.6,1323.6,1324.8,1295
2011-05-17,1324.6,1334.3,1318.5,1329.8,1287
2011-05-18,1329.5,1342.7,1326.7,1341.5,1271
2011-05-19,1341.7,1347.7,1336.7,1343.1,1240
2011-05-20,1342.9,1346.1,1329.0,1330.5,1132
2011-05-22,1327.9,1328.9,1323.9,1325.6,58
2011-05-23,1325.4,1328.1,1312.6,1315.3,1326
2011-05-24,1315.0,1324.0,1313.0,1315.0,1272
2011-05-25,1314.7,1326.2,1304.2,1319.2,1311
2011-05-26,1319.4,1329.1,1314.1,1328.3,1232
2011-05-27,1328.6,1335.3,1326.1,1331.3,1170
2011-05-29,1331.1,1331.9,1330.1,1330.6,33
2011-05-30,1330.4,1334.3,1329.6,1334.0,642
2011-05-31,1333.8,1347.5,1333.5,1347.2,1259
2011-06-01,1347.5,1349.0,1310.9,1313.1,1290
2011-06-02,1312.9,1318.9,1305.3,1311.8,1319
2011-06-03,1312.1,1313.8,1295.5,1296.7,1186
2011-06-05,1299.6,1299.8,1296.3,1298.6,55
2011-06-06,1298.3,1299.8,1284.0,1285.8,1264
2011-06-07,1286.0,1296.2,1283.2,1286.9,1280
2011-06-08,1287.2,1288.4,1276.1,1279.6,1316
2011-06-09,1279.4,1294.6,1278.6,1288.8,1244
2011-06-10,1289.0,1289.3,1267.7,1270.7,1165
2011-06-12,1270.3,1271.6,1268.8,1270.1,47
2011-06-13,1269.8,1277.5,1265.3,1273.5,1084
2011-06-14,1273.8,1292.7,1270.8,1288.7,1111
2011-06-15,1288.9,1288.9,1261.4,1267.9,1003
2011-06-16,1267.6,1274.6,1258.1,1272.3,1032
2011-06-17,1272.0,1282.5,1264.3,1272.2,887
2011-06-19,1271.0,1271.0,1266.3,1268.3,56
2011-06-20,1268.0,1281.3,1262.2,1279.3,1288
2011-06-21,1279.5,1298.8,1277.7,1294.3,1282
2011-06-22,1294.0,1299.7,1281.1,1281.4,1278
2011-06-23,1281.6,1289.9,1262.8,1287.3,1302
2011-06-24,1287.6,1291.8,1266.9,1269.7,1219
2011-06-26,1270.6,1272.6,1262.5,1266.3,58
2011-06-27,1266.0,1285.6,1263.0,1283.5,1321
2011-06-28,1283.8,1300.6,1277.2,1298.5,1243
2011-06-29,1298.8,1311.0,1297.0,1310.0,1308
2011-06-30,1309.8,1323.0,1307.8,1321.3,1251
2011-07-01,1321.0,1342.0,1318.0,1340.8,1172
2011-07-03,1339.9,1339.9,1338.6,1339.4,38
2011-07-04,1339.1,1340.0,1333.6,1340.0,843
2011-07-05,1339.8,1343.0,1334.5,1340.7,1206
2011-07-06,1340.5,1346.0,1331.6,1342.4,1261
2011-07-07,1342.7,1357.9,1342.4,1355.9,1286
2011-07-08,1356.1,1359.6,1334.3,1346.8,1152
2011-07-10,1344.1,1344.4,1337.1,1338.9,57
2011-07-11,1338.6,1341.4,1316.5,1321.5,1315
2011-07-12,1321.7,1327.9,1299.9,1312.1,1332
2011-07-13,1312.4,1332.4,1306.8,1313.0,1360
2011-07-14,1313.3,1327.8,1306.5,1311.5,1324
2011-07-15,1311.7,1319.9,1305.0,1318.9,1216
2011-07-17,1318.8,1319.0,1315.5,1317.3,45
2011-07-18,1317.0,1317.5,1295.4,1304.7,1286
2011-07-19,1304.9,1328.9,1304.7,1326.9,1295
2011-07-20,1326.7,1333.9,1319.8,1327.9,1293
2011-07-21,1327.6,1348.6,1319.0,1347.8,1322
2011-07-22,1348.1,1351.8,1336.8,1344.8,1155
2011-07-24,1333.8,1334.6,1325.8,1333.1,60
2011-07-25,1333.3,1344.1,1329.1,1335.3,1313
2011-07-26,1335.0,1343.5,1328.7,1330.4,1284
2011-07-27,1330.2,1332.2,1301.5,1304.8,1251
2011-07-28,1304.5,1316.5,1295.7,1299.0,1305
2011-07-29,1298.7,1304.2,1281.9,1295.9,1240
2011-07-31,1309.3,1311.8,1305.0,1308.3,60
2011-08-01,1308.5,1313.0,1273.4,1285.7,1342
2011-08-02,1285.9,1288.2,1247.2,1248.7,1346
2011-08-03,1249.0,1261.0,1233.2,1260.2,1334
2011-08-04,1260.5,1267.2,1196.0,1199.8,1365
2011-08-05,1200.0,1221.8,1165.9,1200.2,1260
2011-08-07,1169.7,1175.8,1164.0,1171.7,60
2011-08-08,1171.5,1191.5,1102.3,1104.5,1394
2011-08-09,1104.8,1181.1,1079.2,1180.6,1394
2011-08-10,1180.4,1180.9,1116.0,1119.0,1393
2011-08-11,1118.7,1186.3,1105.1,1168.2,1392
2011-08-12,1168.5,1189.0,1148.9,1179.2,1263
2011-08-14,1181.8,1183.1,1178.3,1180.6,59
2011-08-15,1180.3,1203.8,1180.1,1198.3,1320
2011-08-16,1198.0,1203.5,1179.5,1188.7,1318
2011-08-17,1188.5,1208.7,1183.4,1189.4,1353
2011-08-18,1189.6,1190.4,1130.0,1145.8,1352
2011-08-19,1146.0,1155.0,1119.2,1125.4,1264
2011-08-21,1123.5,1124.3,1112.8,1117.3,60
2011-08-22,1117.5,1148.0,1116.0,1124.2,1367
2011-08-23,1124.5,1163.2,1120.0,1158.7,1370
2011-08-24,1159.0,1178.2,1143.9,1168.9,1381
2011-08-25,1168.7,1189.9,1154.3,1158.8,1343
2011-08-26,1158.6,1181.1,1134.0,1176.8,1237
2011-08-28,1176.7,1180.7,1173.4,1177.2,57
2011-08-29,1176.9,1209.9,1176.2,1207.9,1339
2011-08-30,1208.1,1219.8,1194.6,1203.6,1343
2011-08-31,1203.3,1230.8,1202.3,1219.3,1328
2011-09-01,1219.0,1229.5,1200.0,1202.2,1327
2011-09-02,1202.5,1204.2,1169.4,1170.6,1247
2011-09-04,1165.7,1166.7,1161.0,1164.0,58
2011-09-05,1163.7,1167.5,1136.9,1137.4,986
2011-09-06,1137.2,1167.9,1136.6,1166.6,1363
2011-09-07,1166.3,1202.6,1166.1,1201.8,1347
2011-09-08,1201.6,1204.3,1182.5,1188.5,1331
2011-09-09,1188.7,1194.5,1147.2,1158.7,1229
2011-09-11,1143.8,1148.5,1141.3,1147.0,57
2011-09-12,1146.8,1172.0,1129.8,1168.7,1318
2011-09-13,1168.5,1176.9,1145.2,1170.2,1256
2011-09-14,1170.4,1202.6,1154.4,1187.4,1250
2011-09-15,1187.1,1215.0,1182.3,1210.8,1148
2011-09-16,1211.0,1221.5,1201.8,1219.0,981
2011-09-18,1206.3,1206.5,1201.5,1203.8,59
2011-09-19,1204.0,1210.7,1188.4,1193.9,1371
2011-09-20,1193.6,1221.5,1192.1,1202.3,1381
2011-09-21,1202.1,1210.6,1161.0,1162.3,1358
2011-09-22,1162.5,1165.5,1112.9,1133.5,1383
2011-09-23,1133.8,1144.8,1108.1,1137.0,1271
2011-09-25,1128.0,1150.7,1128.0,1146.9,60
2011-09-26,1147.1,1165.2,1121.0,1163.4,1377
2011-09-27,1163.7,1196.3,1161.1,1174.4,1367
2011-09-28,1174.1,1187.9,1149.4,1152.7,1364
2011-09-29,1153.0,1176.8,1139.3,1164.4,1368
2011-09-30,1164.2,1164.4,1127.2,1127.9,1260
2011-10-02,1128.5,1128.8,1125.0,1128.3,60
2011-10-03,1128.5,1139.0,1089.3,1093.5,1388
2011-10-04,1093.3,1125.1,1073.1,1121.8,1387
2011-10-05,1122.1,1146.7,1112.0,1138.3,1370
2011-10-06,1138.6,1165.9,1134.3,1162.9,1369
2011-10-07,1163.1,1179.2,1150.0,1161.1,1245
2011-10-09,1162.9,1164.4,1161.7,1163.2,54
2011-10-10,1163.4,1197.5,1162.7,1194.5,1376
2011-10-11,1194.2,1200.0,1185.9,1191.1,1348
2011-10-12,1191.4,1221.2,1185.8,1205.1,1361
2011-10-13,1204.9,1209.3,1190.3,1200.5,1359
2011-10-14,1200.8,1226.5,1198.0,1224.8,1247
2011-10-16,1223.1,1226.9,1223.1,1226.1,59
2011-10-17,1226.4,1235.6,1191.9,1197.2,1371
2011-10-18,1196.9,1234.5,1190.1,1222.2,1375
2011-10-19,1222.5,1232.0,1206.1,1212.6,1360
2011-10-20,1212.8,1220.8,1197.0,1214.3,1363
2011-10-21,1214.0,1240.3,1213.8,1239.5,1251
2011-10-23,1234.1,1235.1,1231.1,1233.6,57
2011-10-24,1233.3,1256.9,1233.1,1249.6,1359
2011-10-25,1249.8,1258.8,1226.4,1228.4,1344
2011-10-26,1228.7,1248.7,1220.6,1242.9,1351
2011-10-27,1243.1,1293.5,1241.9,1285.9,1372
2011-10-28,1285.7,1288.5,1276.9,1286.4,1260
2011-10-30,1283.9,1284.7,1279.2,1279.4,55
2011-10-31,1279.2,1282.2,1245.2,1247.2,1375
2011-11-01,1247.0,1251.8,1212.1,1224.1,1360
2011-11-02,1223.8,1242.3,1220.1,1234.8,1386
2011-11-03,1235.0,1263.3,1217.0,1259.0,1369
2011-11-04,1259.3,1262.2,1237.9,1254.2,1225
2011-11-07,1256.5,1267.2,1235.2,1265.7,1347
2011-11-08,1265.0,1278.4,1251.7,1276.7,1367
2011-11-09,1276.4,1277.2,1225.7,1229.5,1342
2011-11-10,1229.7,1248.0,1221.2,1241.7,1357
2011-11-11,1240.9,1267.7,1236.6,1264.6,1322
2011-11-14,1267.0,1273.5,1246.1,1253.6,1350
2011-11-15,1253.4,1264.8,1236.5,1256.5,1308
2011-11-16,1257.0,1261.3,1230.4,1231.9,1375
2011-11-17,1232.2,1244.1,1208.8,1217.5,1388
2011-11-18,1217.0,1232.0,1211.0,1215.7,1319
2011-11-21,1210.0,1211.0,1182.4,1189.7,1380
2011-11-22,1190.9,1200.9,1181.1,1184.8,1372
2011-11-23,1185.3,1186.8,1160.2,1161.7,1366
2011-11-24,1162.0,1175.5,1157.7,1160.9,1002
2011-11-25,1161.7,1172.9,1149.1,1155.1,1121
2011-11-28,1173.4,1197.7,1170.7,1193.4,1380
2011-11-29,1192.6,1207.4,1187.6,1192.3,1371
2011-11-30,1193.1,1248.0,1184.3,1246.5,1375
2011-12-01,1246.0,1252.2,1237.0,1244.7,1356
2011-12-02,1244.5,1263.9,1243.1,1245.1,1292
2011-12-05,1249.0,1267.2,1249.0,1255.1,1339
2011-12-06,1254.1,1266.6,1246.1,1256.5,1365
2011-12-07,1256.8,1268.8,1244.7,1266.7,1340
2011-12-08,1266.2,1272.7,1231.4,1232.4,1330
2011-12-09,1234.1,1261.1,1229.1,1260.3,1299
2011-12-12,1256.4,1260.9,1226.3,1234.8,1237
2011-12-13,1235.0,1250.0,1218.7,1226.5,1192
2011-12-14,1226.7,1232.7,1209.1,1212.1,1155
2011-12-15,1211.9,1227.1,1204.6,1218.8,1122
2011-12-16,1219.0,1231.8,1214.9,1216.7,992
2011-12-19,1218.5,1226.3,1201.9,1206.4,1355
2011-12-20,1206.7,1244.3,1206.4,1242.3,1321
2011-12-21,1241.8,1255.6,1229.4,1243.0,1314
2011-12-22,1243.2,1258.7,1238.7,1258.0,1339
2011-12-23,1257.5,1267.2,1256.1,1265.9,1231
2011-12-27,1266.7,1270.2,1262.1,1265.6,639
2011-12-28,1265.4,1270.6,1249.0,1251.2,1247
2011-12-29,1251.5,1264.5,1250.2,1262.4,1268
2011-12-30,1262.7,1266.4,1256.6,1258.9,1133
2012-01-03,1280.4,1285.7,1275.9,1279.1,663
2012-01-04,1278.6,1280.3,1268.3,1278.6,1326
2012-01-05,1278.3,1283.5,1265.2,1277.2,1306
2012-01-06,1277.7,1287.5,1272.2,1279.4,1274
2012-01-09,1280.0,1283.0,1272.5,1280.7,1299
2012-01-10,1280.9,1297.2,1280.2,1290.1,1333
2012-01-11,1289.6,1294.6,1284.3,1293.3,1304
2012-01-12,1293.1,1302.6,1285.7,1296.8,1275
2012-01-13,1296.5,1300.0,1277.6,1294.4,1260
2012-01-16,1290.0,1297.0,1286.0,1296.5,921
2012-01-17,1295.2,1307.2,1290.6,1295.1,1320
2012-01-18,1294.9,1308.8,1291.0,1307.8,1288
2012-01-19,1307.6,1316.0,1303.8,1314.3,1321
2012-01-20,1314.5,1316.2,1309.2,1315.7,1226
2012-01-23,1311.8,1322.5,1309.2,1314.2,1269
2012-01-24,1314.7,1320.6,1305.6,1319.4,1281
2012-01-25,1319.1,1328.8,1307.0,1324.8,1291
2012-01-26,1325.1,1333.8,1313.2,1320.2,1283
2012-01-27,1320.0,1323.2,1310.9,1316.6,1281
2012-01-30,1317.7,1318.2,1299.6,1312.9,1336
2012-01-31,1313.1,1321.1,1305.8,1310.8,1306
2012-02-01,1311.0,1330.5,1307.3,1324.8,1316
2012-02-02,1324.5,1329.5,1320.5,1325.7,1288
2012-02-03,1325.9,1345.4,1323.4,1342.9,1199
2012-02-06,1339.7,1343.7,1333.4,1343.2,1300
2012-02-07,1343.4,1348.8,1334.8,1346.8,1280
2012-02-08,1346.6,1351.3,1341.3,1347.3,1273
2012-02-09,1346.8,1355.7,1343.7,1350.2,1329
2012-02-10,1349.7,1350.2,1336.6,1343.1,1236
2012-02-13,1349.9,1354.9,1345.4,1351.8,1261
2012-02-14,1350.6,1354.6,1340.3,1350.0,1298
2012-02-15,1349.8,1360.5,1340.4,1342.2,1340
2012-02-16,1341.4,1359.6,1336.6,1357.9,1355
2012-02-17,1357.6,1363.6,1355.3,1362.3,1230
2012-02-20,1368.9,1371.6,1364.3,1368.8,950
2012-02-21,1368.0,1369.8,1357.7,1362.7,1309
2012-02-22,1362.5,1365.9,1354.9,1357.1,1298
2012-02-23,1357.4,1366.3,1352.1,1365.8,1266
2012-02-24,1366.0,1370.3,1363.2,1364.5,1244
2012-02-27,1364.8,1372.2,1354.5,1368.2,1265
2012-02-28,1368.5,1375.2,1365.9,1372.9,1208
2012-02-29,1372.5,1378.4,1358.1,1361.0,998
2012-03-01,1361.2,1377.6,1360.1,1376.8,1005
2012-03-02,1376.8,1378.1,1366.2,1369.7,890
2012-03-03,1369.7,1369.7,1369.7,1369.7,1
2012-03-05,1369.7,1369.7,1359.2,1363.7,471
2012-03-06,1363.7,1366.3,1339.4,1342.9,950
2012-03-07,1342.9,1354.8,1342.9,1352.5,886
2012-03-08,1352.5,1369.0,1351.5,1366.5,648
2012-03-09,1366.2,1375.2,1363.9,1372.9,814
2012-03-11,1372.5,1372.8,1371.2,1371.6,16
2012-03-12,1371.8,1373.7,1366.4,1373.4,514
2012-03-13,1373.2,1399.2,1373.2,1397.5,901
2012-03-14,1397.2,1400.0,1390.4,1392.4,779
2012-03-15,1392.8,1403.4,1392.6,1401.1,756
2012-03-16,1400.8,1406.4,1400.1,1404.1,612
2012-03-18,1403.1,1404.6,1403.0,1403.6,39
2012-03-19,1403.4,1413.6,1399.4,1409.7,632
2012-03-20,1409.8,1410.2,1397.8,1405.6,662
2012-03-21,1405.8,1411.2,1400.0,1403.4,692
2012-03-22,1403.8,1406.2,1388.4,1394.8,860
2012-03-23,1394.6,1400.6,1386.0,1399.0,681
2012-03-25,1399.4,1403.0,1399.4,1402.2,25
2012-03-26,1402.0,1421.4,1398.0,1421.2,763
2012-03-27,1421.0,1425.0,1410.4,1411.6,801
2012-03-28,1412.0,1417.2,1397.2,1406.2,713
2012-03-29,1406.0,1409.0,1391.4,1403.0,807
2012-03-30,1402.2,1411.0,1401.0,1409.4,693
2012-04-01,1409.4,1414.8,1409.4,1414.8,22
2012-04-02,1414.6,1422.6,1404.0,1416.8,663
2012-04-03,1416.4,1419.0,1404.4,1412.0,942
2012-04-04,1411.6,1412.2,1393.4,1397.6,904
2012-04-05,1397.8,1402.2,1388.8,1396.0,957
2012-04-06,1395.4,1399.2,1376.6,1379.1,177
2012-04-08,1378.6,1380.2,1376.5,1378.0,34
2012-04-09,1377.7,1387.0,1376.2,1380.4,710
2012-04-10,1380.2,1385.0,1356.8,1363.4,941
2012-04-11,1363.0,1374.6,1363.0,1371.0,1029
2012-04-12,1371.2,1390.2,1367.4,1388.6,1062
2012-04-13,1388.8,1392.6,1368.8,1370.4,1007
2012-04-15,1369.6,1369.6,1366.4,1368.0,25
2012-04-16,1367.8,1379.2,1364.4,1368.2,904
2012-04-17,1368.4,1392.4,1363.2,1387.4,990
2012-04-18,1387.6,1390.4,1381.8,1383.6,866
2012-04-19,1383.4,1393.6,1369.4,1377.2,1039
2012-04-20,1377.6,1386.8,1375.0,1378.8,906
2012-04-22,1375.6,1377.6,1375.0,1376.6,29
2012-04-23,1376.4,1378.0,1357.4,1367.2,1010
2012-04-24,1367.4,1380.7,1364.4,1378.6,1053
2012-04-25,1378.8,1391.2,1376.6,1390.4,985
2012-04-26,1390.7,1402.2,1384.6,1393.6,817
2012-04-27,1393.6,1406.0,1389.8,1402.1,892
2012-04-28,1402.1,1402.1,1402.1,1402.1,1
2012-04-29,1403.4,1405.4,1402.9,1403.2,29
2012-04-30,1403.4,1405.4,1392.8,1398.4,744
2012-05-01,1398.0,1414.6,1394.4,1403.8,655
2012-05-02,1403.6,1407.4,1392.2,1400.8,924
2012-05-03,1401.0,1405.4,1387.4,1389.2,869
2012-05-04,1389.6,1391.6,1366.0,1366.2,753
2012-05-06,1356.2,1356.8,1344.8,1351.2,51
2012-05-07,1350.8,1372.6,1348.4,1369.0,790
2012-05-08,1368.8,1370.2,1346.2,1360.6,995
2012-05-09,1360.2,1363.0,1341.4,1351.0,1166
2012-05-10,1351.2,1366.0,1346.4,1351.2,1164
2012-05-11,1350.8,1365.2,1347.6,1352.4,999
2012-05-14,1352.4,1352.8,1334.4,1338.6,907
2012-05-15,1339.2,1348.8,1327.6,1332.6,1069
2012-05-16,1333.0,1341.6,1323.0,1325.2,1005
2012-05-17,1325.8,1332.4,1301.6,1304.6,1042
2012-05-18,1304.4,1312.0,1291.6,1293.6,1068
2012-05-20,1293.0,1295.0,1289.0,1290.0,50
2012-05-21,1289.6,1317.2,1289.4,1316.4,1085
2012-05-22,1316.6,1328.2,1309.0,1314.0,885
2012-05-23,1313.8,1320.2,1295.6,1317.0,1173
2012-05-24,1317.2,1325.8,1307.4,1322.8,1166
2012-05-25,1322.4,1331.0,1313.4,1315.9,1036
2012-05-27,1322.4,1323.0,1321.5,1322.8,26
2012-05-28,1323.0,1329.6,1321.0,1322.7,726
2012-05-29,1323.0,1335.2,1318.8,1331.0,1054
2012-05-30,1331.2,1331.8,1307.6,1309.3,1041
2012-05-31,1309.1,1319.8,1298.3,1307.5,1167
2012-06-01,1307.8,1308.3,1275.2,1275.9,1124
2012-06-03,1275.9,1278.1,1265.8,1265.8,56
2012-06-04,1266.1,1282.0,1262.8,1275.3,1170
2012-06-05,1275.0,1287.2,1268.4,1286.0,1022
2012-06-06,1286.2,1318.7,1285.8,1317.9,1205
2012-06-07,1317.7,1329.6,1312.4,1317.6,1001
2012-06-08,1317.8,1328.0,1306.0,1327.8,1107
2012-06-10,1344.6,1349.2,1344.0,1344.6,54
2012-06-11,1345.0,1346.8,1304.0,1308.0,1084
2012-06-12,1308.3,1326.6,1306.0,1325.2,987
2012-06-13,1325.0,1328.0,1310.4,1315.4,1138
2012-06-14,1315.2,1334.5,1312.2,1332.7,1091
2012-06-15,1332.9,1343.6,1331.4,1343.6,1035
2012-06-17,1343.6,1354.4,1343.6,1348.1,60
2012-06-18,1348.3,1353.8,1334.1,1346.7,1110
2012-06-19,1346.9,1363.6,1343.2,1356.8,896
2012-06-20,1356.6,1361.9,1345.4,1356.4,1046
2012-06-21,1356.0,1359.6,1324.0,1327.6,996
2012-06-22,1327.4,1338.0,1324.6,1333.2,1062
2012-06-24,1331.8,1332.6,1328.7,1330.0,28
2012-06-25,1329.7,1330.5,1308.6,1313.0,907
2012-06-26,1313.4,1323.8,1309.2,1320.6,1022
2012-06-27,1320.8,1334.4,1318.0,1330.8,1043
2012-06-28,1331.0,1333.5,1312.6,1324.6,1004
2012-06-29,1324.3,1365.4,1321.9,1364.4,1064
2012-07-01,1364.4,1365.4,1364.0,1364.6,36
2012-07-02,1365.0,1367.8,1355.4,1364.3,936
2012-07-03,1364.6,1375.0,1360.8,1374.4,789
2012-07-04,1374.4,1375.6,1369.4,1370.0,643
2012-07-05,1370.2,1380.4,1362.8,1367.6,1031
2012-07-06,1368.2,1369.2,1347.8,1357.0,940
2012-07-08,1357.0,1357.0,1353.6,1353.6,9
2012-07-09,1353.9,1355.4,1346.2,1352.0,945
2012-07-10,1352.6,1361.6,1335.6,1340.2,818
2012-07-11,1340.4,1347.4,1332.8,1343.2,1008
2012-07-12,1343.0,1343.6,1324.8,1336.0,1060
2012-07-13,1336.2,1358.0,1333.8,1356.8,1045
2012-07-14,1356.8,1356.8,1356.8,1356.8,1
2012-07-15,1356.8,1356.8,1354.4,1354.4,37
2012-07-16,1354.6,1357.0,1347.8,1351.0,892
2012-07-17,1351.4,1365.0,1344.0,1362.2,1035
2012-07-18,1362.6,1376.2,1357.2,1374.2,1061
2012-07-19,1374.0,1380.4,1370.6,1375.9,1045
2012-07-20,1375.7,1375.9,1361.6,1362.8,987
2012-07-22,1360.2,1361.0,1358.6,1359.4,36
2012-07-23,1359.2,1359.2,1336.2,1344.2,1138
2012-07-24,1344.4,1350.6,1325.2,1327.0,1148
2012-07-25,1327.2,1344.0,1325.6,1338.3,1169
2012-07-26,1338.1,1362.6,1331.8,1359.4,1138
2012-07-27,1359.2,1388.8,1356.8,1386.6,1046
2012-07-29,1386.6,1386.6,1383.2,1383.8,23
2012-07-30,1384.0,1391.2,1379.6,1385.2,1070
2012-07-31,1385.0,1390.4,1374.8,1376.1,1093
2012-08-01,1375.9,1385.0,1371.6,1375.5,1050
2012-08-02,1375.2,1386.5,1352.8,1365.1,1081
2012-08-03,1364.9,1394.0,1363.6,1391.4,1039
2012-08-05,1394.2,1394.6,1391.8,1391.8,24
2012-08-06,1391.4,1399.0,1390.8,1392.8,978
2012-08-07,1392.6,1406.6,1391.0,1400.2,913
2012-08-08,1400.4,1403.4,1393.8,1400.6,971
2012-08-09,1400.2,1407.0,1397.0,1403.6,969
2012-08-10,1403.4,1406.0,1395.0,1405.2,882
2012-08-12,1405.2,1405.2,1403.5,1404.8,21
2012-08-13,1404.5,1406.7,1397.0,1404.4,899
2012-08-14,1404.6,1412.2,1400.2,1402.6,912
2012-08-15,1402.4,1408.4,1399.8,1406.6,846
2012-08-16,1406.8,1418.2,1404.6,1416.2,892
2012-08-17,1416.4,1419.2,1413.5,1418.0,769
2012-08-19,1417.6,1419.8,1417.6,1417.6,20
2012-08-20,1417.6,1420.2,1412.0,1417.8,819
2012-08-21,1417.4,1427.0,1410.4,1413.1,903
2012-08-22,1412.9,1416.4,1406.6,1414.6,970
2012-08-23,1414.8,1420.0,1400.2,1403.5,1014
2012-08-24,1403.7,1414.0,1397.4,1411.6,850
2012-08-26,1412.0,1414.8,1411.8,1414.2,19
2012-08-27,1414.6,1417.8,1408.9,1410.4,825
2012-08-28,1410.2,1413.6,1405.2,1410.9,888
2012-08-29,1411.1,1414.4,1406.6,1408.4,758
2012-08-30,1408.2,1408.6,1397.0,1397.4,856
2012-08-31,1397.7,1413.7,1397.2,1407.4,881
2012-09-02,1407.0,1407.2,1403.0,1406.2,35
2012-09-03,1406.0,1410.6,1398.0,1407.9,650
2012-09-04,1408.2,1410.4,1395.9,1405.8,908
2012-09-05,1405.6,1409.2,1398.6,1405.0,988
2012-09-06,1404.8,1434.0,1404.6,1432.2,945
2012-09-07,1432.0,1439.4,1431.8,1439.0,945
2012-09-08,1439.0,1439.0,1439.0,1439.0,1
2012-09-09,1437.8,1438.0,1437.2,1437.8,17
2012-09-10,1437.4,1438.6,1425.2,1426.9,842
2012-09-11,1427.2,1438.2,1422.4,1429.5,870
2012-09-12,1429.3,1440.3,1429.3,1440.0,996
2012-09-13,1439.8,1464.7,1435.7,1459.8,874
2012-09-14,1460.0,1475.2,1459.7,1466.2,959
2012-09-16,1466.1,1466.1,1464.5,1464.5,17
2012-09-17,1464.7,1465.8,1457.6,1461.7,830
2012-09-18,1461.9,1463.3,1456.3,1461.3,841
2012-09-19,1461.1,1465.9,1457.7,1459.7,858
2012-09-20,1459.9,1462.6,1449.8,1461.3,817
2012-09-21,1461.5,1468.4,1456.8,1457.8,885
2012-09-22,1457.8,1457.8,1457.8,1457.8,2
2012-09-23,1457.8,1459.6,1456.9,1458.8,27
2012-09-24,1458.6,1460.4,1450.8,1458.3,946
2012-09-25,1458.1,1462.6,1441.0,1443.7,884
2012-09-26,1443.5,1445.4,1429.8,1435.6,866
2012-09-27,1435.8,1450.0,1435.1,1448.2,875
2012-09-28,1448.0,1449.1,1434.8,1440.8,874
2012-09-30,1440.8,1440.8,1436.0,1436.3,50
2012-10-01,1436.1,1456.8,1433.3,1435.6,1026
2012-10-02,1442.8,1451.3,1437.8,1445.3,963
2012-10-03,1445.1,1454.6,1440.8,1453.4,922
2012-10-04,1453.2,1463.0,1450.4,1461.8,1012
2012-10-05,1461.4,1471.2,1456.6,1460.6,879
2012-10-07,1461.6,1462.2,1458.2,1458.9,36
2012-10-08,1458.7,1459.9,1452.7,1454.6,864
2012-10-09,1454.9,1459.4,1439.2,1439.4,932
2012-10-10,1439.8,1442.4,1426.2,1427.2,1033
2012-10-11,1427.4,1443.8,1427.2,1434.8,1016
2012-10-12,1435.0,1439.4,1424.8,1426.8,957
2012-10-14,1426.8,1428.4,1425.4,1425.6,24
2012-10-15,1425.4,1441.6,1421.0,1441.4,817
2012-10-16,1441.2,1455.8,1439.0,1455.4,930
2012-10-17,1455.2,1462.5,1450.8,1460.8,917
2012-10-18,1460.5,1464.0,1452.2,1456.0,932
2012-10-19,1456.2,1457.6,1428.8,1429.5,945
2012-10-21,1429.5,1429.8,1428.0,1428.2,15
2012-10-22,1427.6,1436.6,1420.8,1435.4,995
2012-10-23,1435.2,1437.2,1406.0,1412.2,1009
2012-10-24,1412.0,1418.8,1405.6,1409.7,978
2012-10-25,1409.9,1420.4,1400.8,1410.4,1014
2012-10-26,1410.0,1416.1,1398.3,1410.9,1080
2012-10-28,1409.7,1410.4,1406.5,1406.5,40
2012-10-29,1406.2,1410.0,1400.1,1401.1,640
2012-10-30,1401.3,1415.6,1396.5,1414.3,497
2012-10-31,1414.0,1421.5,1403.9,1405.7,944
2012-11-01,1405.9,1428.7,1402.0,1426.4,1041
2012-11-02,1426.7,1434.6,1408.6,1409.1,934
2012-11-05,1406.4,1418.4,1405.8,1413.6,946
2012-11-06,1413.4,1432.1,1412.8,1427.8,835
2012-11-07,1427.8,1434.6,1387.0,1395.0,1240
2012-11-08,1396.0,1400.2,1375.4,1378.7,1071
2012-11-09,1379.1,1390.6,1366.5,1379.8,1014
2012-11-12,1379.8,1384.2,1375.4,1380.8,781
2012-11-13,1380.6,1388.6,1368.4,1377.0,1102
2012-11-14,1376.8,1384.0,1352.0,1355.6,1027
2012-11-15,1356.2,1361.2,1347.6,1352.8,1103
2012-11-16,1353.2,1362.3,1342.6,1362.3,1036
2012-11-19,1363.6,1387.6,1363.4,1383.2,1033
2012-11-20,1382.4,1389.4,1376.0,1388.2,1006
2012-11-21,1387.8,1391.4,1379.4,1391.0,954
2012-11-22,1390.8,1395.8,1390.8,1393.3,458
2012-11-23,1393.4,1409.2,1389.0,1408.1,557
2012-11-26,1403.6,1406.4,1396.7,1406.4,886
2012-11-27,1405.6,1409.2,1397.2,1399.4,913
2012-11-28,1398.8,1410.1,1384.7,1408.2,930
2012-11-29,1407.8,1419.7,1406.2,1413.4,794
2012-11-30,1412.8,1420.8,1411.2,1415.4,945
2012-12-02,1415.4,1415.4,1415.4,1415.4,1
2012-12-03,1414.4,1425.1,1405.8,1406.6,960
2012-12-04,1407.4,1412.8,1402.8,1404.2,940
2012-12-05,1404.0,1415.6,1398.0,1408.0,965
2012-12-06,1407.6,1414.2,1405.2,1413.6,994
2012-12-07,1413.2,1423.1,1409.5,1417.2,868
2012-12-10,1417.4,1421.8,1411.6,1418.4,886
2012-12-11,1418.4,1434.6,1415.8,1432.2,883
2012-12-12,1431.4,1439.2,1426.6,1426.8,877
2012-12-13,1426.6,1432.0,1416.4,1418.0,910
2012-12-14,1417.2,1425.8,1412.0,1415.4,953
2012-12-17,1421.6,1435.0,1415.4,1433.4,987
2012-12-18,1434.4,1449.4,1431.4,1446.6,846
2012-12-19,1446.6,1452.0,1434.4,1435.0,810
2012-12-20,1435.0,1447.2,1433.4,1446.8,893
2012-12-21,1446.8,1447.0,1389.8,1432.2,1111
2012-12-24,1429.4,1430.2,1423.4,1426.2,460
2012-12-26,1426.2,1430.2,1416.4,1418.6,392
2012-12-27,1418.2,1423.8,1401.4,1419.0,859
2012-12-28,1419.4,1422.0,1391.8,1392.8,897
2012-12-31,1392.0,1416.6,1388.4,1411.6,741
2013-01-02,1411.6,1463.0,1411.6,1461.2,504
2013-01-03,1461.0,1465.4,1455.2,1459.2,833
2013-01-04,1459.4,1468.0,1456.6,1463.6,911
2013-01-07,1465.0,1465.2,1455.6,1461.4,831
2013-01-08,1461.4,1461.7,1450.8,1456.4,820
2013-01-09,1456.4,1464.0,1456.4,1461.2,879
2013-01-10,1461.0,1474.6,1459.5,1474.2,872
2013-01-11,1473.6,1475.6,1467.0,1471.4,821
2013-01-12,1471.4,1471.4,1471.4,1471.4,1
2013-01-14,1471.2,1475.5,1464.6,1469.2,855
2013-01-15,1469.2,1472.4,1461.0,1471.2,875
2013-01-16,1471.0,1473.0,1464.4,1468.8,837
2013-01-17,1468.8,1484.6,1464.8,1479.4,890
2013-01-18,1479.4,1485.0,1474.6,1483.0,864
2013-01-21,1482.2,1487.4,1482.0,1487.2,429
2013-01-22,1486.8,1495.0,1479.0,1494.6,906
2013-01-23,1494.0,1495.0,1488.4,1489.0,784
2013-01-24,1487.0,1501.4,1486.6,1492.0,949
2013-01-25,1491.8,1502.8,1490.5,1499.0,898
2013-01-28,1499.0,1503.2,1494.8,1499.4,784
2013-01-29,1498.8,1509.0,1494.6,1508.6,813
2013-01-30,1508.4,1509.2,1497.0,1497.0,766
2013-01-31,1498.0,1503.0,1494.8,1499.2,819
2013-02-01,1499.2,1513.2,1499.0,1510.0,848
2013-02-04,1510.6,1511.3,1493.2,1495.8,855
2013-02-05,1495.8,1513.6,1495.2,1511.0,878
2013-02-06,1510.0,1512.8,1501.8,1509.8,958
2013-02-07,1509.8,1513.4,1497.2,1507.8,872
2013-02-08,1507.4,1517.4,1506.4,1515.8,863
2013-02-11,1515.4,1519.2,1512.4,1515.4,694
2013-02-12,1514.8,1521.2,1511.0,1520.0,801
2013-02-13,1520.0,1524.2,1515.4,1518.6,766
2013-02-14,1518.6,1522.6,1512.2,1521.0,785
2013-02-15,1521.0,1523.8,1513.6,1519.6,758
2013-02-18,1518.2,1520.7,1517.7,1519.8,376
2013-02-19,1519.4,1530.6,1517.2,1530.6,728
2013-02-20,1530.2,1531.6,1508.6,1509.4,758
2013-02-21,1509.4,1511.3,1496.8,1503.8,928
2013-02-22,1504.0,1516.4,1503.7,1515.6,858
2013-02-25,1516.2,1525.8,1483.2,1486.2,927
2013-02-26,1487.0,1498.8,1484.2,1494.6,1064
2013-02-27,1494.8,1520.4,1491.4,1516.8,946
2013-02-28,1517.2,1525.4,1510.0,1512.4,907
2013-03-01,1513.6,1520.0,1500.6,1517.4,928
2013-03-04,1515.4,1528.2,1508.0,1528.0,998
2013-03-05,1527.2,1543.4,1525.5,1540.2,880
2013-03-06,1539.8,1545.4,1537.8,1540.4,799
2013-03-07,1540.4,1545.6,1538.0,1544.8,779
2013-03-08,1543.0,1552.9,1540.5,1549.4,807
2013-03-10,1547.8,1549.0,1547.4,1548.0,38
2013-03-11,1547.8,1556.6,1545.8,1555.4,682
2013-03-12,1555.2,1556.0,1547.2,1551.8,743
2013-03-13,1552.0,1556.2,1547.6,1555.2,750
2013-03-14,1555.0,1562.2,1554.2,1560.6,673
2013-03-15,1561.0,1563.7,1554.2,1558.8,716
2013-03-17,1547.0,1547.0,1541.2,1542.2,51
2013-03-18,1542.0,1557.2,1534.4,1552.4,1011
2013-03-19,1552.2,1556.0,1536.6,1542.4,882
2013-03-20,1542.6,1560.4,1541.4,1554.6,890
2013-03-21,1554.4,1555.4,1541.2,1542.6,876
2013-03-22,1542.8,1556.6,1539.8,1556.2,860
2013-03-24,1553.4,1557.0,1553.4,1556.2,24
2013-03-25,1556.4,1564.8,1543.6,1553.0,947
2013-03-26,1552.8,1563.4,1552.4,1563.4,856
2013-03-27,1563.2,1564.7,1550.4,1560.8,870
2013-03-28,1560.6,1568.8,1554.4,1568.2,841
2013-03-31,1567.6,1567.6,1566.0,1567.0,14
2013-04-01,1567.2,1569.0,1556.8,1560.0,677
2013-04-02,1560.2,1572.0,1558.5,1569.8,851
2013-04-03,1570.0,1572.0,1548.2,1551.8,815
2013-04-04,1552.2,1561.4,1550.8,1558.6,960
2013-04-05,1558.4,1558.4,1537.4,1550.2,918
2013-04-07,1549.8,1552.4,1549.2,1551.2,35
2013-04-08,1551.4,1566.4,1546.8,1564.0,862
2013-04-09,1564.2,1572.6,1559.4,1566.6,865
2013-04-10,1566.8,1588.2,1564.9,1586.2,774
2013-04-11,1586.4,1596.4,1584.7,1592.8,818
2013-04-12,1593.0,1593.2,1578.4,1585.6,875
2013-04-13,1585.6,1585.6,1585.6,1585.6,2
2013-04-14,1586.0,1586.2,1583.4,1583.4,27
2013-04-15,1583.2,1586.4,1542.2,1549.6,1089
2013-04-16,1549.8,1573.8,1549.5,1569.2,1103
2013-04-17,1569.4,1571.5,1541.6,1549.6,1027
2013-04-18,1550.0,1556.6,1534.0,1540.8,1098
2013-04-19,1541.0,1553.8,1539.6,1550.6,972
2013-04-21,1551.8,1555.0,1551.8,1553.8,23
2013-04-22,1554.0,1564.0,1545.6,1559.0,959
2013-04-23,1558.8,1580.0,1551.6,1576.2,1015
2013-04-24,1576.0,1581.8,1573.8,1575.8,918
2013-04-25,1576.0,1591.0,1574.0,1584.0,968
2013-04-26,1583.8,1585.3,1575.8,1579.2,938
2013-04-28,1579.2,1579.6,1578.4,1579.0,25
2013-04-29,1578.6,1594.8,1576.8,1590.4,859
2013-04-30,1590.2,1596.8,1584.0,1595.4,861
2013-05-01,1595.6,1598.0,1578.8,1582.8,709
2013-05-02,1583.0,1596.8,1581.6,1594.4,871
2013-05-03,1594.8,1616.8,1592.2,1611.4,748
2013-05-05,1610.8,1613.0,1610.6,1612.8,11
2013-05-06,1612.6,1617.6,1609.8,1614.0,683
2013-05-07,1613.8,1624.0,1611.8,1620.8,806
2013-05-08,1621.0,1631.8,1619.4,1629.8,767
2013-05-09,1630.0,1634.4,1622.2,1628.6,799
2013-05-10,1628.8,1633.2,1622.6,1631.6,874
2013-05-12,1627.6,1628.2,1623.8,1625.0,47
2013-05-13,1625.2,1635.2,1624.2,1632.8,847
2013-05-14,1633.0,1650.6,1628.6,1649.0,846
2013-05-15,1649.2,1661.6,1644.8,1656.2,867
2013-05-16,1656.4,1660.4,1648.0,1651.6,868
2013-05-17,1651.8,1667.6,1651.2,1665.0,838
2013-05-19,1664.2,1665.4,1663.2,1665.0,30
2013-05-20,1665.2,1672.6,1661.6,1665.2,770
2013-05-21,1665.0,1674.8,1661.8,1667.8,797
2013-05-22,1668.0,1687.4,1648.4,1658.0,913
2013-05-23,1658.2,1660.0,1634.4,1653.4,1172
2013-05-24,1653.2,1656.7,1636.0,1651.4,1081
2013-05-26,1652.2,1656.8,1651.8,1656.4,34
2013-05-27,1656.2,1656.2,1645.8,1654.0,623
2013-05-28,1654.2,1674.0,1653.0,1655.4,1004
2013-05-29,1655.6,1657.9,1639.4,1646.8,1047
2013-05-30,1646.6,1661.8,1642.5,1653.6,1106
2013-05-31,1653.8,1659.0,1627.6,1630.4,998
2013-06-02,1631.2,1632.4,1627.6,1631.6,50
2013-06-03,1631.4,1639.8,1621.8,1633.4,1159
2013-06-04,1633.6,1646.4,1622.6,1631.6,1117
2013-06-05,1631.8,1633.0,1606.4,1609.4,1135
2013-06-06,1609.6,1625.0,1597.6,1623.2,1110
2013-06-07,1623.0,1644.6,1619.0,1640.4,1111
2013-06-09,1637.4,1638.0,1635.2,1636.6,34
2013-06-10,1636.4,1649.0,1636.4,1642.2,1033
2013-06-11,1642.4,1642.7,1622.2,1627.4,1105
2013-06-12,1627.6,1638.6,1610.2,1610.4,1026
2013-06-13,1610.2,1640.4,1598.0,1638.0,1174
2013-06-14,1637.6,1641.0,1623.6,1624.6,1037
2013-06-16,1625.4,1627.4,1624.0,1626.0,23
2013-06-17,1626.2,1646.8,1626.2,1640.8,972
2013-06-18,1641.0,1654.4,1638.1,1652.2,951
2013-06-19,1652.0,1654.8,1626.2,1628.2,1009
2013-06-20,1628.0,1628.0,1582.8,1589.0,1186
2013-06-21,1589.2,1602.8,1576.2,1590.4,1098
2013-06-23,1588.8,1588.8,1583.8,1585.8,49
2013-06-24,1585.6,1591.8,1558.4,1575.0,1226
2013-06-25,1574.8,1593.0,1563.7,1585.6,1193
2013-06-26,1585.4,1606.4,1578.4,1600.8,1174
2013-06-27,1601.2,1619.4,1599.8,1612.0,1057
2013-06-28,1611.8,1619.6,1599.2,1604.0,1001
2013-06-30,1606.4,1606.4,1603.6,1603.6,33
2013-07-01,1603.8,1625.4,1598.4,1612.4,1098
2013-07-02,1612.0,1623.4,1605.2,1611.8,1026
2013-07-03,1612.0,1617.6,1599.0,1614.6,874
2013-07-04,1614.8,1629.2,1614.0,1627.8,636
2013-07-05,1628.0,1635.4,1612.8,1632.2,954
2013-07-07,1633.2,1635.0,1632.8,1635.0,25
2013-07-08,1634.8,1644.0,1630.8,1641.2,1044
2013-07-09,1641.4,1653.4,1640.5,1651.4,982
2013-07-10,1651.2,1668.0,1646.0,1667.2,1081
2013-07-11,1667.4,1676.2,1665.0,1673.4,1086
2013-07-12,1673.2,1678.6,1670.9,1674.8,930
2013-07-14,1674.4,1676.2,1674.4,1675.8,24
2013-07-15,1675.6,1684.0,1675.2,1681.6,825
2013-07-16,1682.0,1683.6,1670.6,1676.0,831
2013-07-17,1675.8,1684.4,1670.0,1680.6,882
2013-07-18,1680.4,1692.6,1676.0,1683.8,887
2013-07-19,1684.0,1693.2,1679.5,1693.2,889
2013-07-21,1694.4,1696.6,1694.4,1695.2,28
2013-07-22,1695.0,1698.1,1689.6,1695.8,862
2013-07-23,1696.0,1699.4,1690.0,1693.0,833
2013-07-24,1692.8,1699.0,1681.0,1686.8,871
2013-07-25,1687.0,1690.2,1675.6,1690.0,945
2013-07-26,1690.2,1692.6,1674.4,1690.4,856
2013-07-28,1689.6,1691.4,1689.6,1690.8,21
2013-07-29,1690.6,1690.8,1680.0,1685.6,921
2013-07-30,1685.8,1691.6,1680.8,1687.8,885
2013-07-31,1687.6,1697.2,1684.6,1688.6,856
2013-08-01,1688.4,1706.8,1687.8,1704.2,965
2013-08-02,1704.0,1708.0,1699.0,1707.6,846
2013-08-04,1705.4,1706.6,1704.6,1705.8,25
2013-08-05,1706.0,1707.8,1701.8,1702.4,762
2013-08-06,1702.6,1706.4,1691.6,1695.0,807
2013-08-07,1695.2,1695.2,1683.6,1691.4,923
2013-08-08,1691.2,1699.6,1687.6,1696.4,891
2013-08-09,1696.6,1698.8,1685.4,1689.4,861
2013-08-11,1687.8,1687.8,1685.2,1685.4,39
2013-08-12,1685.6,1690.8,1677.8,1690.2,857
2013-08-13,1690.4,1696.8,1681.8,1694.4,822
2013-08-14,1694.6,1695.6,1679.4,1681.0,890
2013-08-15,1680.8,1684.3,1656.8,1660.6,937
2013-08-16,1660.4,1664.2,1651.8,1653.6,951
2013-08-18,1652.8,1654.8,1651.6,1652.6,37
2013-08-19,1652.8,1659.0,1644.4,1646.6,921
2013-08-20,1646.4,1658.4,1643.1,1652.8,967
2013-08-21,1652.6,1656.6,1635.2,1635.4,937
2013-08-22,1635.6,1659.4,1633.3,1657.8,967
2013-08-23,1658.0,1664.4,1652.6,1663.4,902
2013-08-25,1662.2,1664.0,1662.2,1662.6,17
2013-08-26,1662.4,1669.2,1652.4,1653.4,801
2013-08-27,1653.2,1656.2,1627.8,1629.8,980
2013-08-28,1630.0,1640.4,1626.4,1632.4,1006
2013-08-29,1632.6,1646.0,1629.4,1639.4,939
2013-08-30,1639.2,1646.1,1627.0,1634.6,981
2013-09-01,1641.0,1643.0,1640.2,1642.8,47
2013-09-02,1642.6,1649.6,1641.0,1646.8,591
2013-09-03,1647.0,1651.0,1632.0,1638.6,1049
2013-09-04,1638.4,1656.2,1636.2,1655.4,878
2013-09-05,1655.6,1659.0,1651.4,1654.4,905
2013-09-06,1654.2,1664.8,1639.8,1654.4,954
2013-09-08,1652.8,1658.6,1652.8,1657.0,38
2013-09-09,1656.6,1672.8,1655.4,1672.2,955
2013-09-10,1672.0,1683.8,1669.8,1682.4,901
2013-09-11,1682.2,1691.0,1678.4,1689.6,917
2013-09-12,1689.4,1690.5,1681.8,1686.2,872
2013-09-13,1685.8,1689.4,1681.1,1689.0,709
2013-09-15,1701.4,1710.6,1701.0,1707.6,56
2013-09-16,1707.4,1709.4,1695.2,1697.6,880
2013-09-17,1697.4,1706.6,1694.8,1705.8,743
2013-09-18,1705.6,1730.2,1700.2,1726.2,736
2013-09-19,1726.4,1733.8,1720.2,1723.6,881
2013-09-20,1723.2,1726.2,1708.2,1709.6,774
2013-09-22,1712.4,1713.2,1708.4,1710.8,41
2013-09-23,1711.0,1714.0,1696.2,1699.8,848
2013-09-24,1700.0,1707.4,1694.0,1697.6,830
2013-09-25,1697.8,1701.2,1691.0,1693.8,849
2013-09-26,1694.0,1703.8,1692.2,1701.6,856
2013-09-27,1701.4,1701.4,1686.4,1692.6,761
2013-09-29,1681.2,1682.2,1678.2,1681.6,54
2013-09-30,1681.8,1686.8,1672.8,1683.8,993
2013-10-01,1683.6,1698.0,1681.2,1683.4,1008
2013-10-02,1696.6,1696.6,1679.2,1687.0,965
2013-10-03,1686.8,1690.4,1669.0,1675.2,956
2013-10-04,1675.4,1691.4,1673.3,1690.2,903
2013-10-06,1680.4,1683.6,1679.0,1681.6,44
2013-10-07,1681.8,1685.0,1670.0,1673.2,852
2013-10-08,1673.0,1676.8,1651.6,1659.6,994
2013-10-09,1659.4,1663.4,1645.4,1658.4,965
2013-10-10,1658.6,1692.8,1656.8,1686.2,1007
2013-10-11,1686.0,1704.4,1685.0,1703.6,964
2013-10-13,1689.6,1691.8,1686.4,1686.6,59
2013-10-14,1686.4,1711.6,1685.8,1710.0,977
2013-10-15,1710.2,1714.6,1694.6,1696.4,947
2013-10-16,1696.2,1721.8,1696.2,1716.8,1052
2013-10-17,1717.0,1734.6,1711.2,1734.0,938
2013-10-18,1733.8,1745.0,1733.6,1741.6,882
2013-10-20,1742.0,1743.2,1741.0,1742.8,36
2013-10-21,1742.4,1747.0,1739.6,1742.0,827
2013-10-22,1741.8,1759.0,1740.6,1752.2,815
2013-10-23,1752.4,1753.6,1739.0,1746.4,928
2013-10-24,1746.2,1756.1,1744.4,1753.2,972
2013-10-25,1753.0,1760.0,1747.2,1758.4,881
2013-10-27,1758.0,1758.6,1757.0,1757.0,24
2013-10-28,1757.2,1766.3,1755.8,1761.0,864
2013-10-29,1761.2,1772.4,1758.7,1771.2,856
2013-10-30,1771.0,1777.2,1755.8,1757.6,820
2013-10-31,1757.8,1767.8,1754.2,1758.6,898
2013-11-01,1758.4,1765.0,1750.8,1758.4,821
2013-11-04,1757.4,1767.4,1757.0,1766.4,838
2013-11-05,1766.0,1767.4,1754.0,1760.8,847
2013-11-06,1760.8,1773.2,1759.4,1767.8,886
2013-11-07,1767.2,1777.8,1745.6,1748.0,939
2013-11-08,1748.2,1771.2,1739.6,1769.4,995
2013-11-11,1769.8,1773.2,1765.9,1770.8,841
2013-11-12,1770.6,1772.6,1761.2,1767.6,883
2013-11-13,1767.6,1784.8,1757.2,1782.2,964
2013-11-14,1782.0,1791.6,1780.2,1790.4,947
2013-11-15,1790.4,1798.6,1789.4,1796.4,846
2013-11-18,1796.4,1802.2,1787.4,1792.0,912
2013-11-19,1792.0,1796.0,1784.6,1787.6,932
2013-11-20,1788.0,1796.4,1777.0,1782.4,998
2013-11-21,1782.2,1797.6,1778.0,1796.4,963
2013-11-22,1795.4,1805.4,1794.4,1803.4,868
2013-11-25,1803.8,1811.2,1800.6,1803.6,804
2013-11-26,1803.4,1808.6,1800.8,1804.2,717
2013-11-27,1803.6,1809.2,1803.2,1806.2,740
2013-11-28,1806.4,1811.6,1806.4,1810.8,377
2013-11-29,1810.0,1814.0,1804.6,1805.8,476
2013-12-02,1808.2,1810.2,1798.6,1801.6,778
2013-12-03,1801.2,1803.0,1787.6,1793.0,875
2013-12-04,1793.4,1800.6,1779.2,1793.4,933
2013-12-05,1793.6,1795.6,1783.2,1784.8,915
2013-12-06,1786.0,1807.0,1785.6,1805.8,882
2013-12-09,1807.8,1812.4,1805.8,1809.8,818
2013-12-10,1810.0,1812.4,1801.8,1804.2,777
2013-12-11,1805.6,1808.9,1780.6,1781.4,905
2013-12-12,1782.0,1784.8,1772.6,1774.2,978
2013-12-13,1774.4,1783.6,1772.6,1774.4,914
2013-12-16,1775.6,1792.8,1760.9,1785.4,991
2013-12-17,1785.6,1789.2,1777.0,1778.4,754
2013-12-18,1778.8,1813.2,1767.6,1810.8,866
2013-12-19,1811.0,1813.2,1801.6,1808.8,882
2013-12-20,1809.2,1824.2,1809.0,1821.0,789
2013-12-23,1823.6,1830.6,1823.2,1829.0,655
2013-12-24,1829.0,1834.4,1827.0,1834.0,474
2013-12-26,1835.4,1843.8,1835.4,1842.8,355
2013-12-27,1842.4,1846.0,1839.4,1842.4,636
2013-12-30,1841.0,1844.4,1839.6,1841.4,550
2013-12-31,1841.6,1849.2,1840.3,1847.2,258
2014-01-02,1843.4,1846.4,1827.6,1832.4,572
2014-01-03,1833.0,1838.4,1826.3,1831.0,785
2014-01-06,1829.4,1837.8,1822.8,1825.2,862
2014-01-07,1825.8,1840.0,1825.6,1835.6,787
2014-01-08,1836.0,1840.2,1830.8,1837.2,721
2014-01-09,1837.0,1844.0,1829.6,1838.8,799
2014-01-10,1838.4,1847.6,1831.6,1842.8,756
2014-01-13,1842.8,1843.4,1814.6,1820.0,799
2014-01-14,1820.6,1839.0,1817.4,1838.0,836
2014-01-15,1837.6,1850.4,1836.4,1846.4,752
2014-01-16,1846.2,1848.4,1839.2,1842.0,778
2014-01-17,1842.4,1847.2,1834.0,1838.2,740
2014-01-20,1839.0,1839.0,1834.7,1838.4,391
2014-01-21,1838.0,1848.2,1830.6,1841.8,780
2014-01-22,1841.8,1847.4,1839.2,1843.0,809
2014-01-23,1843.2,1848.0,1818.0,1828.0,986
2014-01-24,1828.4,1832.0,1786.6,1787.4,1014
2014-01-27,1785.0,1795.6,1770.8,1775.6,1171
2014-01-28,1776.0,1800.6,1776.0,1798.6,1034
2014-01-29,1799.6,1804.8,1767.6,1774.6,1091
2014-01-30,1775.3,1797.2,1771.4,1787.2,1186
2014-01-31,1787.0,1791.6,1764.6,1782.8,1075
2014-02-03,1781.4,1787.0,1736.2,1739.8,1191
2014-02-04,1740.6,1756.4,1737.2,1746.8,1204
2014-02-05,1747.6,1753.6,1735.2,1748.2,1146
2014-02-06,1747.4,1772.6,1747.2,1771.0,1096
2014-02-07,1770.8,1796.6,1761.4,1795.8,984
2014-02-10,1796.5,1798.6,1789.2,1798.4,993
2014-02-11,1798.3,1822.2,1797.2,1815.6,917
2014-02-12,1815.8,1825.8,1814.0,1819.6,982
2014-02-13,1819.2,1829.4,1805.0,1826.8,1028
2014-02-14,1826.4,1841.0,1818.6,1837.8,1010
2014-02-17,1836.6,1842.4,1834.2,1839.4,583
2014-02-18,1838.8,1842.2,1833.8,1840.0,921
2014-02-19,1839.0,1846.6,1825.6,1828.6,966
2014-02-20,1828.6,1842.2,1819.4,1837.8,1102
2014-02-21,1838.0,1846.0,1834.8,1835.8,960
2014-02-24,1837.8,1858.4,1831.2,1846.6,983
2014-02-25,1846.4,1852.6,1839.2,1849.2,937
2014-02-26,1849.2,1855.0,1839.8,1846.0,988
2014-02-27,1845.4,1857.2,1834.6,1856.8,910
2014-02-28,1855.8,1868.0,1846.8,1861.4,993
2014-03-03,1847.8,1850.6,1833.4,1845.0,1249
2014-03-04,1845.4,1875.8,1845.0,1873.0,1123
2014-03-05,1871.9,1876.6,1869.0,1874.8,985
2014-03-06,1874.6,1882.0,1872.2,1878.0,917
2014-03-07,1877.8,1888.7,1870.4,1879.1,904
2014-03-09,1875.9,1876.7,1874.7,1875.4,38
2014-03-10,1875.4,1879.7,1866.6,1876.8,1075
2014-03-11,1877.0,1883.0,1864.0,1865.8,1119
2014-03-12,1865.8,1869.5,1854.7,1868.6,1152
2014-03-13,1868.7,1875.7,1842.3,1848.8,1108
2014-03-14,1848.9,1853.7,1839.8,1840.0,1044
2014-03-16,1840.6,1841.6,1831.2,1835.2,50
2014-03-17,1835.0,1863.1,1834.4,1859.8,1066
2014-03-18,1859.8,1874.4,1853.0,1870.3,920
2014-03-19,1870.4,1874.8,1849.4,1859.3,958
2014-03-20,1859.4,1873.7,1852.1,1871.6,1118
2014-03-21,1871.6,1883.9,1862.8,1864.3,857
2014-03-23,1862.4,1865.6,1862.4,1864.9,35
2014-03-24,1865.1,1873.1,1848.3,1857.8,1046
2014-03-25,1857.7,1871.3,1855.0,1868.0,1009
2014-03-26,1868.0,1875.5,1848.3,1849.6,982
2014-03-27,1849.6,1855.2,1840.6,1850.3,1102
2014-03-28,1850.3,1866.0,1848.2,1857.0,970
2014-03-30,1862.0,1864.1,1861.6,1862.8,39
2014-03-31,1862.9,1874.2,1861.5,1870.6,970
2014-04-01,1870.6,1885.0,1868.8,1883.8,876
2014-04-02,1883.8,1892.4,1882.7,1888.7,924
2014-04-03,1888.6,1893.6,1881.6,1890.6,847
2014-04-04,1890.5,1898.6,1861.9,1866.4,796
2014-04-06,1866.9,1867.3,1864.1,1865.7,44
2014-04-07,1865.8,1866.5,1840.4,1846.9,1019
2014-04-08,1847.1,1854.5,1836.6,1851.1,1037
2014-04-09,1851.2,1872.2,1849.6,1872.1,881
2014-04-10,1872.2,1873.1,1829.4,1833.4,1055
2014-04-11,1833.6,1837.3,1812.7,1817.0,1042
2014-04-13,1811.7,1813.3,1808.6,1810.7,55
2014-04-14,1810.6,1833.1,1810.3,1829.5,1116
2014-04-15,1829.7,1849.0,1814.4,1846.6,1005
2014-04-16,1846.3,1862.0,1845.8,1853.2,1088
2014-04-17,1853.4,1868.7,1852.4,1863.3,910
2014-04-20,1864.4,1866.4,1863.4,1866.4,34
2014-04-21,1866.7,1870.4,1861.4,1869.6,685
2014-04-22,1869.7,1883.3,1865.6,1877.8,893
2014-04-23,1877.9,1885.2,1872.2,1883.2,974
2014-04-24,1883.2,1886.9,1868.3,1876.9,933
2014-04-25,1877.1,1878.1,1857.5,1863.9,934
2014-04-27,1865.9,1866.1,1864.4,1865.9,26
2014-04-28,1866.1,1875.7,1848.3,1871.8,954
2014-04-29,1871.9,1879.3,1869.5,1875.0,924
2014-04-30,1875.0,1884.2,1870.4,1883.3,974
2014-05-01,1883.1,1886.6,1875.6,1882.7,687
2014-05-02,1882.9,1889.6,1876.0,1878.3,781
2014-05-04,1878.3,1879.0,1876.8,1879.0,25
2014-05-05,1879.1,1883.4,1864.3,1880.9,910
2014-05-06,1880.9,1885.0,1865.4,1867.0,856
2014-05-07,1866.8,1879.1,1858.1,1877.3,939
2014-05-08,1877.5,1888.1,1868.5,1872.8,999
2014-05-09,1872.6,1878.2,1865.9,1876.9,889
2014-05-11,1877.4,1880.8,1877.4,1880.3,26
2014-05-12,1880.0,1896.9,1878.8,1896.5,868
2014-05-13,1896.7,1901.4,1895.3,1897.0,868
2014-05-14,1897.0,1900.1,1885.3,1888.6,823
2014-05-15,1888.3,1891.3,1861.7,1869.9,980
2014-05-16,1869.8,1878.4,1864.1,1877.9,965
2014-05-18,1879.0,1880.0,1879.0,1879.8,25
2014-05-19,1879.8,1885.5,1868.2,1882.9,938
2014-05-20,1883.1,1887.0,1867.3,1869.8,940
2014-05-21,1869.9,1888.9,1869.0,1886.3,993
2014-05-22,1886.4,1896.2,1885.2,1892.9,910
2014-05-23,1892.9,1901.4,1891.9,1899.2,692
2014-05-25,1899.6,1901.6,1899.6,1900.6,31
2014-05-26,1900.8,1906.6,1899.2,1904.8,355
2014-05-27,1904.6,1911.8,1904.0,1910.7,714
2014-05-28,1910.7,1915.8,1906.4,1911.0,779
2014-05-29,1910.8,1919.8,1909.2,1918.8,684
2014-05-30,1918.6,1923.8,1916.0,1922.0,723
2014-06-01,1923.2,1923.6,1922.2,1922.6,16
2014-06-02,1922.6,1925.8,1915.0,1922.4,686
2014-06-03,1922.4,1925.0,1917.6,1923.2,738
2014-06-04,1923.4,1928.2,1917.4,1926.6,690
2014-06-05,1926.6,1941.8,1922.4,1939.8,728
2014-06-06,1939.8,1950.6,1939.6,1950.6,801
2014-06-08,1950.4,1950.6,1949.4,1949.4,16
2014-06-09,1949.6,1955.6,1946.8,1949.6,570
2014-06-10,1949.6,1952.4,1944.0,1950.4,674
2014-06-11,1950.4,1950.4,1939.4,1944.8,674
2014-06-12,1945.0,1948.4,1925.6,1930.6,804
2014-06-13,1930.8,1937.4,1927.0,1936.0,831
2014-06-15,1935.6,1936.0,1933.6,1933.6,38
2014-06-16,1933.6,1941.2,1927.0,1937.8,969
2014-06-17,1937.8,1943.2,1931.6,1942.0,762
2014-06-18,1941.8,1957.8,1937.8,1956.8,683
2014-06-19,1956.6,1959.8,1951.8,1956.8,749
2014-06-20,1957.0,1964.2,1956.0,1961.2,667
2014-06-22,1960.0,1961.0,1960.0,1960.6,12
2014-06-23,1960.6,1967.0,1957.6,1958.4,751
2014-06-24,1958.4,1967.2,1947.0,1949.0,775
2014-06-25,1948.8,1960.2,1944.6,1956.8,847
2014-06-26,1956.4,1959.6,1943.4,1956.2,811
2014-06-27,1956.0,1960.8,1949.6,1958.2,837
2014-06-29,1958.2,1960.4,1957.8,1959.4,18
2014-06-30,1959.2,1963.4,1954.8,1960.6,746
2014-07-01,1960.6,1978.4,1960.4,1973.0,710
2014-07-02,1973.2,1976.4,1971.2,1974.0,703
2014-07-03,1974.0,1984.6,1972.6,1982.8,519
2014-07-04,1982.6,1983.8,1981.2,1982.0,201
2014-07-06,1981.8,1983.2,1981.8,1982.6,12
2014-07-07,1982.6,1983.6,1973.6,1976.2,695
2014-07-08,1976.4,1976.6,1959.0,1966.6,753
2014-07-09,1966.6,1974.2,1964.4,1973.0,811
2014-07-10,1973.2,1973.8,1951.4,1963.0,880
2014-07-11,1963.2,1969.4,1959.0,1968.0,831
2014-07-13,1968.6,1970.6,1968.2,1969.6,21
2014-07-14,1969.2,1979.4,1969.0,1976.6,710
2014-07-15,1976.4,1982.0,1964.4,1973.8,838
2014-07-16,1973.6,1983.2,1972.6,1976.8,750
2014-07-17,1976.6,1981.4,1948.0,1948.8,937
2014-07-18,1948.8,1979.6,1948.4,1977.0,981
2014-07-20,1975.6,1976.4,1975.0,1976.0,23
2014-07-21,1976.2,1976.6,1964.2,1970.8,851
2014-07-22,1970.8,1985.4,1970.6,1978.8,892
2014-07-23,1978.6,1988.4,1978.6,1985.6,756
2014-07-24,1985.6,1990.6,1981.8,1983.2,798
2014-07-25,1983.0,1985.4,1973.0,1976.4,831
2014-07-27,1976.0,1976.8,1972.0,1972.2,36
2014-07-28,1972.4,1980.4,1965.4,1977.6,929
2014-07-29,1977.8,1983.8,1966.6,1968.8,894
2014-07-30,1968.8,1978.6,1961.0,1969.2,900
2014-07-31,1969.0,1969.2,1927.8,1931.6,1024
2014-08-01,1931.6,1936.2,1914.6,1923.0,1068
2014-08-03,1923.6,1926.6,1923.2,1926.0,28
2014-08-04,1925.8,1941.4,1918.6,1934.4,1056
2014-08-05,1934.4,1936.8,1911.2,1919.6,1033
2014-08-06,1919.4,1927.0,1906.8,1917.6,1090
2014-08-07,1917.6,1929.2,1903.4,1909.0,1066
2014-08-08,1908.8,1931.6,1893.8,1927.0,1157
2014-08-10,1927.2,1932.6,1927.2,1929.8,38
2014-08-11,1929.6,1944.0,1927.4,1937.2,952
2014-08-12,1937.2,1941.8,1926.8,1935.6,920
2014-08-13,1935.4,1949.4,1934.0,1947.8,917
2014-08-14,1947.8,1957.8,1945.2,1956.0,915
2014-08-15,1956.2,1963.8,1940.4,1955.0,793
2014-08-17,1961.2,1963.8,1960.8,1961.4,33
2014-08-18,1961.4,1971.6,1959.6,1971.2,831
2014-08-19,1971.6,1982.4,1971.6,1979.6,689
2014-08-20,1979.8,1988.4,1975.8,1985.2,715
2014-08-21,1985.2,1994.4,1983.0,1992.0,772
2014-08-22,1992.2,1994.0,1984.0,1989.4,787
2014-08-25,1990.0,2001.8,1990.0,1997.0,705
2014-08-26,1996.8,2004.6,1994.4,2000.6,710
2014-08-27,2000.8,2002.4,1995.6,1998.4,664
2014-08-28,1998.2,2001.2,1989.4,2000.2,816
2014-08-29,2000.0,2005.4,1994.2,2001.8,723
2014-08-31,2000.8,2001.8,2000.6,2001.2,15
2014-09-01,2001.6,2003.0,1998.6,2001.4,320
2014-09-02,2001.2,2007.8,1994.2,2001.6,677
2014-09-03,2001.8,2012.2,1997.8,2000.8,763
2014-09-04,2000.8,2011.2,1992.0,2000.4,743
2014-09-05,2000.8,2007.2,1989.6,2007.0,873
2014-09-07,2006.6,2006.8,2005.4,2006.0,10
2014-09-08,2006.2,2007.0,1995.0,2000.8,692
2014-09-09,2000.6,2003.6,1984.2,1989.8,762
2014-09-10,1989.6,1996.8,1982.4,1994.6,775
2014-09-11,1994.4,1999.8,1985.8,1998.0,828
2014-09-12,1998.2,1999.0,1980.2,1985.6,603
2014-09-14,1971.8,1980.7,1971.8,1978.4,41
2014-09-15,1978.2,1987.4,1977.6,1984.8,818
2014-09-16,1985.0,2003.0,1979.0,1999.8,683
2014-09-17,1999.8,2011.2,1992.1,2002.5,690
2014-09-18,2002.6,2017.8,2001.6,2016.6,716
2014-09-19,2016.6,2022.8,2006.8,2013.0,849
2014-09-21,2010.4,2010.8,2008.4,2010.6,26
2014-09-22,2010.6,2011.0,1990.6,1993.2,879
2014-09-23,1993.2,1995.8,1976.2,1980.0,863
2014-09-24,1980.0,2000.2,1978.2,1999.0,794
2014-09-25,1999.2,1999.2,1965.4,1970.0,774
2014-09-26,1970.2,1986.6,1964.2,1983.6,863
2014-09-28,1982.4,1982.4,1980.0,1981.0,26
2014-09-29,1981.2,1984.4,1963.0,1976.2,917
2014-09-30,1976.0,1985.2,1967.4,1968.8,891
2014-10-01,1968.6,1973.8,1941.0,1968.6,929
2014-10-02,1948.4,1952.6,1925.2,1944.0,988
2014-10-03,1944.0,1971.2,1942.6,1966.8,829
2014-10-05,1966.8,1970.6,1966.6,1970.2,21
2014-10-06,1970.6,1977.6,1957.2,1960.8,850
2014-10-07,1960.8,1962.6,1930.8,1933.0,896
2014-10-08,1932.8,1970.4,1924.4,1967.6,964
2014-10-09,1967.2,1974.8,1921.6,1922.6,1103
2014-10-10,1922.8,1937.2,1901.2,1904.6,1121
2014-10-12,1897.8,1898.0,1886.4,1888.2,55
2014-10-13,1888.4,1911.8,1869.5,1873.8,1115
2014-10-14,1874.2,1898.4,1870.4,1885.4,1138
2014-10-15,1885.6,1888.6,1818.6,1850.6,1169
2014-10-16,1850.2,1875.0,1820.8,1862.2,1178
2014-10-17,1862.2,1897.0,1856.4,1883.2,1155
2014-10-19,1889.8,1898.6,1889.8,1898.0,51
2014-10-20,1897.6,1909.4,1877.4,1907.2,1158
2014-10-21,1907.2,1944.8,1891.0,1942.0,1196
2014-10-22,1942.0,1948.8,1925.4,1932.4,1093
2014-10-23,1932.4,1961.0,1927.4,1950.4,1093
2014-10-24,1950.4,1964.4,1936.8,1964.2,1131
2014-10-26,1965.0,1966.2,1964.8,1965.0,27
2014-10-27,1965.0,1970.6,1949.4,1962.0,1016
2014-10-28,1961.6,1984.8,1961.6,1979.8,975
2014-10-29,1979.4,1990.2,1966.6,1977.6,958
2014-10-30,1977.4,1998.6,1963.6,1993.6,1007
2014-10-31,1993.2,2021.2,1991.8,2014.6,1063
2014-11-03,2015.6,2023.4,2011.4,2015.4,978
2014-11-04,2014.8,2018.0,1999.4,2009.8,1029
2014-11-05,2009.8,2024.4,2008.0,2022.6,1065
2014-11-06,2022.4,2033.0,2015.0,2032.4,970
2014-11-07,2031.2,2037.0,2024.6,2030.4,905
2014-11-10,2029.2,2038.6,2024.4,2038.2,892
2014-11-11,2037.0,2042.4,2034.8,2040.2,774
2014-11-12,2039.6,2040.6,2030.2,2038.4,881
2014-11-13,2037.8,2046.8,2030.2,2036.6,937
2014-11-14,2036.0,2042.6,2035.4,2041.4,880
2014-11-17,2041.3,2043.4,2028.4,2042.4,1033
2014-11-18,2042.4,2057.0,2038.8,2051.4,718
2014-11-19,2051.4,2053.2,2040.8,2049.6,771
2014-11-20,2049.6,2055.4,2038.0,2054.8,831
2014-11-21,2054.8,2074.8,2052.6,2064.0,826
2014-11-24,2064.4,2071.2,2063.2,2070.0,712
2014-11-25,2069.2,2075.2,2065.2,2070.6,691
2014-11-26,2070.4,2077.3,2067.3,2076.5,573
2014-11-27,2076.5,2076.7,2070.5,2075.6,295
2014-11-28,2074.2,2075.2,2065.8,2068.6,477
2014-12-01,2065.0,2065.6,2050.2,2052.8,932
2014-12-02,2052.8,2069.6,2052.6,2068.4,794
2014-12-03,2068.0,2077.2,2064.8,2074.2,642
2014-12-04,2074.2,2078.6,2062.6,2073.4,713
2014-12-05,2073.0,2080.0,2070.0,2077.4,683
2014-12-08,2077.2,2078.4,2055.0,2061.4,786
2014-12-09,2061.4,2063.2,2034.2,2058.8,982
2014-12-10,2059.0,2060.8,2024.4,2026.4,949
2014-12-11,2028.2,2057.2,2024.6,2030.2,1130
2014-12-12,2030.8,2033.0,1997.4,1999.2,1072
2014-12-15,1999.4,2019.2,1982.2,1989.8,1242
2014-12-16,1992.6,2018.2,1968.8,1973.4,1274
2014-12-17,1975.0,2018.0,1973.2,2015.2,1197
2014-12-18,2014.8,2069.8,2011.6,2068.4,1141
2014-12-19,2067.4,2083.2,2064.0,2075.0,1082
2014-12-22,2073.1,2082.6,2072.2,2079.4,926
2014-12-23,2080.0,2091.2,2078.2,2085.4,731
2014-12-24,2085.4,2090.1,2083.9,2085.4,378
2014-12-26,2086.0,2095.2,2086.0,2090.8,366
2014-12-29,2092.0,2095.2,2082.4,2094.0,866
2014-12-30,2094.0,2094.8,2079.4,2082.6,779
2014-12-31,2082.6,2089.0,2073.6,2074.8,398
2015-01-01,2058.0,2058.0,2058.0,2058.0,2
2015-01-02,2062.2,2073.2,2044.8,2052.4,907
2015-01-05,2051.2,2054.2,2015.2,2023.4,1137
2015-01-06,2025.0,2029.2,1989.8,2000.2,1160
2015-01-07,2002.6,2029.2,2001.4,2025.8,1090
2015-01-08,2026.0,2063.8,2025.8,2060.0,1146
2015-01-09,2059.2,2067.4,2036.8,2041.2,1033
2015-01-12,2041.2,2053.4,2020.4,2028.8,940
2015-01-13,2028.8,2056.8,2006.2,2022.8,1014
2015-01-14,2022.4,2024.6,1986.2,2015.2,1257
2015-01-15,2014.4,2032.0,1983.2,1983.4,1249
2015-01-16,1986.8,2019.2,1975.2,2016.6,1287
2015-01-19,2018.2,2028.3,2007.8,2013.2,992
2015-01-20,2013.2,2030.8,2002.0,2020.2,1157
2015-01-21,2020.2,2036.8,2009.8,2032.0,1180
2015-01-22,2030.8,2063.6,2023.8,2061.2,1111
2015-01-23,2061.0,2066.8,2048.4,2048.8,1086
2015-01-26,2039.4,2059.0,2029.8,2058.6,1162
2015-01-27,2058.2,2058.6,2017.0,2039.8,973
2015-01-28,2041.0,2050.6,1995.2,1996.4,1234
2015-01-29,1998.0,2023.6,1986.0,2023.2,1211
2015-01-30,2023.4,2024.2,1990.0,1993.8,1114
2015-02-02,1994.6,2021.6,1977.4,2019.0,1147
2015-02-03,2018.2,2047.4,2010.4,2044.6,1121
2015-02-04,2043.6,2052.6,2026.2,2027.2,1124
2015-02-05,2028.8,2062.0,2024.2,2059.4,1189
2015-02-06,2059.4,2071.0,2048.0,2056.6,919
2015-02-09,2051.2,2054.8,2039.4,2046.8,1100
2015-02-10,2046.8,2069.4,2043.6,2065.6,1022
2015-02-11,2065.8,2082.2,2056.2,2076.4,935
2015-02-12,2074.4,2088.2,2061.4,2085.4,1129
2015-02-13,2085.4,2097.2,2084.4,2096.0,869
2015-02-16,2094.6,2096.2,2086.2,2089.0,529
2015-02-17,2084.6,2101.0,2083.4,2099.0,922
2015-02-18,2099.0,2100.8,2091.0,2097.6,785
2015-02-19,2097.6,2101.6,2089.6,2098.4,836
2015-02-20,2098.0,2110.8,2084.6,2109.0,814
2015-02-23,2109.4,2110.0,2101.8,2108.4,753
2015-02-24,2108.4,2117.6,2104.8,2115.8,700
2015-02-25,2115.6,2119.4,2109.4,2112.6,667
2015-02-26,2112.0,2116.6,2103.4,2111.2,718
2015-02-27,2111.2,2112.6,2102.8,2106.2,709
2015-03-02,2105.8,2116.8,2102.0,2116.0,706
2015-03-03,2115.0,2115.8,2097.0,2106.0,674
2015-03-04,2105.8,2105.8,2086.8,2097.4,763
2015-03-05,2097.8,2104.6,2094.6,2100.8,777
2015-03-06,2100.8,2104.4,2066.6,2072.0,728
2015-03-08,2074.8,2074.8,2070.2,2071.4,30
2015-03-09,2071.2,2083.2,2067.0,2077.6,816
2015-03-10,2077.6,2078.0,2042.2,2044.8,861
2015-03-11,2045.0,2052.8,2039.2,2041.0,942
2015-03-12,2041.2,2066.8,2039.2,2066.2,902
2015-03-13,2066.4,2069.2,2040.8,2050.4,861
2015-03-15,2051.6,2052.0,2048.0,2048.4,33
2015-03-16,2048.6,2082.0,2045.2,2074.0,1041
2015-03-17,2074.2,2078.4,2064.4,2074.2,1062
2015-03-18,2074.4,2107.8,2060.4,2101.2,880
2015-03-19,2101.0,2107.4,2084.4,2086.0,1017
2015-03-20,2086.4,2114.6,2086.4,2106.8,777
2015-03-22,2106.6,2113.8,2106.4,2111.0,30
2015-03-23,2111.0,2114.8,2101.4,2103.4,759
2015-03-24,2103.0,2108.4,2091.0,2092.8,886
2015-03-25,2092.8,2097.0,2059.8,2062.6,829
2015-03-26,2062.8,2066.2,2040.6,2056.8,1032
2015-03-27,2056.4,2065.0,2048.4,2058.8,982
2015-03-29,2059.6,2062.6,2057.8,2057.8,28
2015-03-30,2057.8,2088.6,2054.4,2082.8,1022
2015-03-31,2082.8,2083.6,2063.2,2065.0,1013
2015-04-01,2065.2,2067.4,2040.4,2061.2,1153
2015-04-02,2061.4,2071.4,2050.8,2065.4,983
2015-04-03,2065.4,2070.4,2045.0,2046.0,286
2015-04-05,2049.6,2052.0,2045.2,2046.8,54
2015-04-06,2047.0,2086.4,2046.0,2077.8,755
2015-04-07,2077.6,2089.2,2072.4,2073.4,847
2015-04-08,2073.2,2086.4,2071.0,2083.4,944
2015-04-09,2083.0,2093.0,2073.0,2091.8,832
2015-04-10,2092.0,2102.0,2089.2,2101.4,715
2015-04-12,2101.4,2103.6,2100.8,2102.6,19
2015-04-13,2102.8,2107.0,2091.0,2092.6,765
2015-04-14,2092.6,2098.6,2081.6,2097.0,783
2015-04-15,2096.6,2111.0,2093.0,2106.4,828
2015-04-16,2106.0,2110.2,2094.8,2106.8,857
2015-04-17,2106.8,2107.0,2069.8,2081.0,893
2015-04-19,2086.0,2086.6,2084.2,2085.4,40
2015-04-20,2085.8,2102.6,2084.2,2096.4,901
2015-04-21,2096.2,2110.4,2092.6,2098.0,914
2015-04-22,2097.8,2108.6,2085.2,2105.4,961
2015-04-23,2105.6,2119.4,2092.6,2110.6,989
2015-04-24,2110.4,2119.4,2108.0,2116.4,914
2015-04-26,2117.6,2117.8,2116.2,2117.4,27
2015-04-27,2117.6,2124.4,2105.0,2108.8,901
2015-04-28,2109.0,2116.8,2092.6,2115.2,967
2015-04-29,2115.0,2117.0,2095.0,2102.0,957
2015-04-30,2102.0,2106.4,2074.6,2086.0,1095
2015-05-01,2086.4,2106.6,2085.0,2105.4,726
2015-05-03,2106.4,2106.4,2104.6,2105.4,18
2015-05-04,2105.2,2119.0,2102.2,2113.2,850
2015-05-05,2113.0,2115.6,2085.6,2090.6,928
2015-05-06,2090.2,2097.5,2065.2,2078.2,996
2015-05-07,2078.3,2091.6,2061.0,2088.0,1048
2015-05-08,2088.2,2117.0,2087.8,2112.0,883
2015-05-10,2113.4,2114.0,2112.2,2113.2,28
2015-05-11,2113.6,2117.0,2099.6,2101.4,909
2015-05-12,2101.4,2104.4,2082.8,2101.0,1064
2015-05-13,2101.2,2109.8,2095.0,2100.0,971
2015-05-14,2099.6,2121.4,2095.2,2120.2,879
2015-05-15,2120.2,2125.8,2116.2,2121.6,860
2015-05-17,2122.6,2122.6,2120.2,2120.8,16
2015-05-18,2121.2,2131.4,2115.2,2129.4,809
2015-05-19,2129.4,2136.4,2124.2,2127.2,744
2015-05-20,2126.8,2134.8,2117.8,2120.6,926
2015-05-21,2120.8,2134.4,2119.2,2131.2,787
2015-05-22,2131.2,2133.6,2125.5,2126.8,723
2015-05-24,2126.8,2127.8,2126.0,2127.5,19
2015-05-25,2127.8,2129.2,2121.0,2123.6,306
2015-05-26,2123.2,2126.8,2098.6,2106.8,844
2015-05-27,2106.6,2126.4,2103.6,2122.8,789
2015-05-28,2122.8,2124.6,2112.5,2123.5,841
2015-05-29,2123.2,2124.7,2104.2,2108.5,840
2015-05-31,2108.4,2111.8,2107.2,2109.3,34
2015-06-01,2109.0,2119.2,2102.0,2112.0,918
2015-06-02,2112.2,2117.4,2096.0,2109.0,978
2015-06-03,2109.0,2122.0,2108.0,2117.0,952
2015-06-04,2117.4,2117.6,2092.8,2100.4,1019
2015-06-05,2100.4,2104.2,2085.2,2093.2,925
2015-06-07,2092.8,2094.2,2091.4,2093.0,23
2015-06-08,2092.8,2094.4,2077.6,2081.6,1008
2015-06-09,2081.8,2085.4,2069.8,2082.0,1013
2015-06-10,2082.0,2108.4,2081.0,2104.8,1014
2015-06-11,2104.8,2115.1,2104.2,2108.9,917
2015-06-12,2108.5,2109.6,2090.8,2094.0,881
2015-06-14,2084.2,2086.8,2080.8,2084.6,47
2015-06-15,2084.8,2090.2,2071.8,2082.6,1053
2015-06-16,2082.2,2099.5,2070.7,2098.6,916
2015-06-17,2098.6,2107.4,2087.8,2097.0,892
2015-06-18,2097.4,2127.7,2091.0,2120.1,983
2015-06-19,2120.3,2126.4,2106.2,2106.7,780
2015-06-21,2112.4,2117.1,2112.1,2116.0,41
2015-06-22,2116.1,2130.4,2114.5,2124.2,937
2015-06-23,2124.2,2128.6,2119.7,2125.7,882
2015-06-24,2125.4,2126.0,2107.0,2110.0,931
2015-06-25,2110.2,2120.8,2100.1,2102.9,934
2015-06-26,2102.5,2108.6,2094.2,2102.8,869
2015-06-28,2066.2,2071.9,2063.2,2071.4,55
2015-06-29,2071.6,2090.8,2055.0,2061.1,1205
2015-06-30,2061.5,2076.2,2054.4,2062.6,1025
2015-07-01,2063.6,2085.0,2063.2,2077.7,983
2015-07-02,2078.2,2086.3,2069.6,2075.6,915
2015-07-03,2075.5,2079.1,2070.6,2073.0,630
2015-07-05,2044.4,2049.0,2041.4,2047.8,48
2015-07-06,2047.8,2079.5,2047.0,2078.1,1133
2015-07-07,2077.8,2084.8,2041.8,2077.9,1067
2015-07-08,2077.8,2077.9,2043.1,2049.8,1200
2015-07-09,2050.0,2074.5,2044.6,2067.6,1191
2015-07-10,2067.6,2081.2,2059.9,2074.5,1084
2015-07-12,2061.7,2070.2,2061.2,2064.4,40
2015-07-13,2065.4,2100.7,2064.4,2099.7,969
2015-07-14,2099.6,2111.5,2097.0,2106.9,733
2015-07-15,2106.8,2114.4,2101.5,2113.4,859
2015-07-16,2113.5,2124.6,2111.9,2123.6,756
2015-07-17,2123.4,2126.0,2118.9,2124.9,656
2015-07-19,2123.8,2124.8,2123.8,2124.8,17
2015-07-20,2124.5,2132.0,2122.4,2126.4,561
2015-07-21,2126.7,2130.7,2112.6,2112.6,666
2015-07-22,2112.7,2117.5,2108.2,2115.3,747
2015-07-23,2115.3,2119.3,2096.8,2105.9,787
2015-07-24,2106.0,2109.3,2075.4,2082.5,803
2015-07-26,2083.0,2083.3,2081.8,2082.6,28
2015-07-27,2082.3,2085.8,2061.6,2070.6,961
2015-07-28,2070.8,2093.8,2066.9,2093.4,932
2015-07-29,2093.5,2109.0,2089.2,2102.7,857
2015-07-30,2103.0,2108.6,2092.5,2106.8,789
2015-07-31,2106.7,2113.8,2100.0,2104.3,785
2015-08-02,2103.6,2105.3,2102.8,2104.1,26
2015-08-03,2103.9,2106.8,2084.4,2094.9,923
2015-08-04,2094.5,2100.2,2085.6,2088.6,947
2015-08-05,2088.4,2111.1,2087.6,2097.7,829
2015-08-06,2097.6,2103.1,2074.4,2083.6,881
2015-08-07,2083.7,2086.6,2066.0,2077.5,855
2015-08-09,2076.6,2078.5,2075.9,2077.1,33
2015-08-10,2076.8,2105.3,2075.6,2103.6,810
2015-08-11,2103.3,2104.3,2074.4,2085.0,1056
2015-08-12,2085.0,2088.7,2050.0,2085.6,1130
2015-08-13,2085.3,2096.3,2076.7,2082.0,1053
2015-08-14,2081.8,2092.0,2077.0,2092.0,940
2015-08-16,2092.8,2094.4,2091.8,2093.2,27
2015-08-17,2093.2,2103.3,2077.7,2101.9,886
2015-08-18,2102.2,2106.6,2093.4,2096.6,946
2015-08-19,2096.7,2100.9,2069.5,2076.8,1063
2015-08-20,2076.9,2080.5,2027.9,2029.8,1161
2015-08-21,2029.5,2031.6,1970.6,1976.8,1166
2015-08-23,1965.6,1965.8,1953.1,1960.3,59
2015-08-24,1960.2,1964.6,1833.0,1886.6,1372
2015-08-25,1886.2,1950.6,1858.6,1868.2,1379
2015-08-26,1868.0,1944.8,1852.4,1941.8,1365
2015-08-27,1941.6,1991.7,1936.6,1988.5,1312
2015-08-28,1988.4,1994.6,1969.2,1991.4,1230
2015-08-30,1987.4,1988.0,1961.0,1964.2,59
2015-08-31,1964.4,1985.0,1961.7,1963.3,1320
2015-09-01,1963.4,1963.7,1900.4,1915.8,1336
2015-09-02,1916.0,1958.8,1913.0,1955.3,1363
2015-09-03,1954.9,1974.7,1943.2,1949.9,1266
2015-09-04,1950.2,1950.4,1909.0,1923.0,1230
2015-09-06,1918.2,1929.6,1918.2,1926.6,56
2015-09-07,1926.6,1945.2,1920.4,1933.1,1068
2015-09-08,1933.1,1969.7,1931.8,1965.9,1313
2015-09-09,1966.2,1992.8,1933.8,1936.6,1266
2015-09-10,1936.9,1968.0,1929.3,1953.4,1308
2015-09-11,1953.2,1962.3,1938.0,1961.1,1195
2015-09-13,1963.0,1964.5,1960.8,1963.8,52
2015-09-14,1964.3,1974.5,1947.1,1955.0,1295
2015-09-15,1955.1,1983.3,1945.6,1980.9,1281
2015-09-16,1981.0,1998.8,1973.4,1996.7,1202
2015-09-17,1996.7,2022.0,1982.2,1989.0,1206
2015-09-18,1988.7,1993.1,1951.3,1961.3,1215
2015-09-20,1959.9,1961.9,1956.2,1957.7,52
2015-09-21,1957.7,1978.7,1948.3,1972.0,1226
2015-09-22,1972.1,1973.5,1927.1,1936.2,1193
2015-09-23,1936.5,1951.0,1919.9,1940.2,1258
2015-09-24,1940.0,1945.6,1906.4,1934.1,1333
2015-09-25,1934.5,1959.8,1919.6,1924.4,1270
2015-09-27,1922.6,1925.2,1914.4,1918.8,49
2015-09-28,1918.4,1938.5,1877.5,1886.2,1240
2015-09-29,1886.3,1898.2,1869.5,1884.2,1312
2015-09-30,1884.4,1919.1,1879.8,1912.5,1286
2015-10-01,1912.6,1938.0,1898.7,1912.6,1260
2015-10-02,1925.9,1952.0,1891.3,1951.3,1226
2015-10-04,1949.0,1950.5,1945.5,1945.9,44
2015-10-05,1945.8,1988.2,1945.7,1980.4,1285
2015-10-06,1980.6,1990.4,1967.7,1970.7,1261
2015-10-07,1970.8,1999.2,1970.5,1996.2,1266
2015-10-08,1996.2,2016.8,1979.2,2012.8,1268
2015-10-09,2013.2,2021.8,2006.8,2014.6,1167
2015-10-11,2011.6,2012.0,2009.8,2010.6,37
2015-10-12,2010.6,2021.4,2009.4,2018.0,1109
2015-10-13,2018.0,2022.0,1998.0,1999.4,1134
2015-10-14,1999.5,2008.9,1989.8,1995.1,1201
2015-10-15,1995.4,2030.1,1994.4,2028.4,1219
2015-10-16,2028.1,2033.6,2019.6,2033.6,1094
2015-10-18,2031.5,2032.5,2030.9,2032.1,29
2015-10-19,2031.8,2034.8,2021.2,2032.4,1133
2015-10-20,2032.4,2038.2,2022.6,2026.0,1075
2015-10-21,2026.4,2040.8,2014.1,2016.8,1150
2015-10-22,2016.8,2068.1,2015.1,2066.1,1164
2015-10-23,2066.0,2081.0,2060.0,2071.5,1113
2015-10-25,2071.2,2072.1,2070.4,2071.5,27
2015-10-26,2071.5,2074.0,2063.8,2069.6,1110
2015-10-27,2069.2,2070.4,2057.4,2066.4,1116
2015-10-28,2066.4,2091.0,2061.4,2086.8,1054
2015-10-29,2086.4,2092.2,2079.2,2088.8,1097
2015-10-30,2088.8,2100.4,2075.6,2079.6,1140
2015-11-02,2077.8,2105.3,2069.8,2098.5,1118
2015-11-03,2098.3,2115.2,2094.4,2107.7,982
2015-11-04,2107.0,2114.8,2095.9,2100.6,1060
2015-11-05,2100.3,2109.4,2089.2,2100.2,1072
2015-11-06,2099.4,2103.4,2082.6,2098.2,967
2015-11-09,2096.8,2102.2,2066.8,2076.6,1021
2015-11-10,2077.4,2083.6,2069.0,2081.6,1091
2015-11-11,2081.0,2091.4,2072.2,2073.2,998
2015-11-12,2073.2,2081.6,2044.0,2045.0,1017
2015-11-13,2045.0,2050.0,2015.5,2016.3,1152
2015-11-16,2010.2,2054.3,2002.4,2052.3,1198
2015-11-17,2051.7,2066.8,2045.2,2053.4,1060
2015-11-18,2053.2,2085.8,2046.6,2082.0,1068
2015-11-19,2081.4,2092.6,2078.6,2082.6,1029
2015-11-20,2081.0,2097.8,2079.2,2092.2,932
2015-11-23,2092.4,2096.0,2081.2,2086.2,961
2015-11-24,2086.2,2094.0,2068.4,2086.8,1028
2015-11-25,2087.2,2095.4,2085.2,2091.4,916
2015-11-26,2092.0,2100.8,2091.0,2097.4,537
2015-11-27,2097.4,2098.4,2084.2,2092.5,828
2015-11-30,2091.8,2097.0,2080.6,2087.6,885
2015-12-01,2087.8,2103.2,2085.8,2101.6,943
2015-12-02,2101.4,2106.6,2077.0,2085.2,977
2015-12-03,2085.2,2097.0,2041.8,2055.6,1120
2015-12-04,2055.6,2094.5,2048.6,2090.0,1165
2015-12-07,2092.9,2096.6,2065.8,2082.4,1071
2015-12-08,2081.4,2082.6,2051.4,2061.8,1164
2015-12-09,2061.1,2080.6,2035.4,2046.4,1178
2015-12-10,2047.6,2068.0,2044.8,2051.6,1161
2015-12-11,2051.6,2056.8,2005.8,2008.0,1115
2015-12-14,2011.8,2028.6,1992.3,2020.9,1252
2015-12-15,2022.4,2054.8,2019.1,2047.0,1240
2015-12-16,2046.6,2078.0,2041.2,2070.0,1205
2015-12-17,2070.2,2082.2,2031.8,2032.6,1229
2015-12-18,2032.8,2038.4,1999.8,2003.8,1256
2015-12-21,2005.6,2027.6,2003.8,2027.2,1173
2015-12-22,2025.8,2044.8,2015.8,2042.4,1131
2015-12-23,2042.0,2066.0,2039.4,2061.6,1025
2015-12-24,2061.2,2068.2,2057.6,2059.8,653
2015-12-28,2060.2,2062.6,2043.2,2058.2,999
2015-12-29,2058.2,2082.4,2055.2,2081.4,965
2015-12-30,2080.2,2082.8,2061.4,2063.6,947
2015-12-31,2063.4,2065.4,2044.8,2057.6,663
2016-01-01,2043.4,2043.4,2043.4,2043.4,1
2016-01-03,2043.0,2045.0,2043.0,2045.0,9
2016-01-04,2045.0,2050.6,1987.4,2016.8,1259
2016-01-05,2016.8,2024.0,1999.4,2017.6,1213
2016-01-06,2018.4,2020.2,1977.4,1994.6,1288
2016-01-07,1994.6,1997.8,1935.2,1940.4,1299
2016-01-08,1943.8,1971.2,1916.6,1919.4,1357
2016-01-11,1915.8,1934.8,1898.6,1919.4,1338
2016-01-12,1920.2,1946.2,1905.2,1929.2,1345
2016-01-13,1929.0,1952.6,1883.8,1888.8,1306
2016-01-14,1890.4,1933.2,1877.0,1918.6,1314
2016-01-15,1919.2,1926.8,1855.0,1882.2,1340
2016-01-18,1875.5,1895.4,1865.2,1878.2,1095
2016-01-19,1878.6,1912.8,1861.8,1877.6,1337
2016-01-20,1876.8,1883.6,1809.4,1857.2,1361
2016-01-21,1860.2,1888.2,1841.4,1866.0,1361
2016-01-22,1863.6,1907.2,1860.8,1904.2,1339
2016-01-25,1904.6,1909.0,1872.2,1876.2,1331
2016-01-26,1876.0,1904.4,1855.8,1893.2,1324
2016-01-27,1889.0,1914.6,1869.2,1882.6,1346
2016-01-28,1885.0,1907.0,1870.4,1886.2,1346
2016-01-29,1883.0,1936.6,1881.4,1935.6,1340
2016-02-01,1933.2,1944.4,1916.8,1932.8,1325
2016-02-02,1933.0,1933.5,1893.2,1899.8,1288
2016-02-03,1899.0,1916.2,1869.0,1912.4,1342
2016-02-04,1911.8,1926.2,1894.2,1909.8,1329
2016-02-05,1908.8,1918.0,1869.8,1877.8,1321
2016-02-08,1879.4,1888.0,1825.2,1855.0,1306
2016-02-09,1853.2,1867.0,1829.2,1850.0,1340
2016-02-10,1853.4,1880.6,1842.0,1846.2,1351
2016-02-11,1846.2,1850.4,1806.2,1829.4,1321
2016-02-12,1831.2,1863.8,1826.2,1862.8,1337
2016-02-15,1868.2,1892.6,1868.2,1887.8,1006
2016-02-16,1887.0,1895.4,1873.2,1891.8,1285
2016-02-17,1890.8,1930.2,1884.4,1930.2,1334
2016-02-18,1929.0,1936.2,1914.2,1920.8,1288
2016-02-19,1920.0,1925.4,1901.0,1917.0,1285
2016-02-22,1913.0,1946.0,1910.8,1936.2,1233
2016-02-23,1936.4,1940.2,1916.0,1916.4,1301
2016-02-24,1916.2,1935.2,1889.0,1935.2,1300
2016-02-25,1934.4,1953.4,1922.4,1951.2,1312
2016-02-26,1950.8,1970.6,1943.6,1943.6,1252
2016-02-29,1943.8,1957.8,1928.2,1930.0,1309
2016-03-01,1930.4,1980.0,1922.4,1978.8,1285
2016-03-02,1978.0,1986.2,1967.8,1983.2,1273
2016-03-03,1983.2,1993.8,1976.2,1993.0,1237
2016-03-04,1992.6,2008.8,1985.4,1996.2,1180
2016-03-07,1995.6,2005.4,1985.6,2000.6,1222
2016-03-08,1999.8,2001.2,1977.2,1983.2,1262
2016-03-09,1982.8,1994.8,1979.2,1990.6,1203
2016-03-10,1991.2,2011.0,1968.4,1991.4,1232
2016-03-11,1989.4,2022.8,1988.4,2021.6,1222
2016-03-13,2019.6,2021.4,2017.6,2018.2,38
2016-03-14,2018.2,2025.2,2012.4,2019.6,1092
2016-03-15,2019.8,2019.8,2005.0,2017.2,1118
2016-03-16,2017.2,2032.6,2007.2,2027.4,1138
2016-03-17,2027.4,2046.6,2015.6,2042.4,1187
2016-03-18,2042.4,2052.4,2036.8,2048.6,1123
2016-03-20,2046.2,2046.8,2044.8,2045.4,17
2016-03-21,2045.8,2053.8,2040.4,2051.8,998
2016-03-22,2051.6,2057.0,2038.2,2050.0,1117
2016-03-23,2050.0,2054.4,2034.4,2037.0,1140
2016-03-24,2036.8,2038.8,2021.4,2038.8,1071
2016-03-27,2039.2,2041.0,2039.2,2039.6,40
2016-03-28,2039.2,2048.2,2030.8,2038.6,834
2016-03-29,2038.4,2058.0,2027.6,2056.8,1178
2016-03-30,2057.0,2073.0,2056.2,2063.0,1065
2016-03-31,2062.8,2068.0,2055.8,2061.8,1147
2016-04-01,2061.8,2075.2,2043.6,2073.2,1168
2016-04-03,2072.0,2072.0,2069.6,2071.2,25
2016-04-04,2070.8,2079.4,2060.8,2062.0,1056
2016-04-05,2061.8,2063.0,2042.0,2049.6,1199
2016-04-06,2050.0,2068.0,2042.8,2065.6,1150
2016-04-07,2066.0,2069.6,2033.4,2039.4,1186
2016-04-08,2039.7,2061.6,2037.8,2049.2,1181
2016-04-10,2048.0,2049.0,2046.0,2048.6,41
2016-04-11,2048.4,2063.6,2036.6,2038.2,1255
2016-04-12,2038.4,2065.4,2038.0,2062.4,1120
2016-04-13,2062.0,2083.8,2061.6,2082.4,1046
2016-04-14,2082.6,2088.6,2075.6,2083.4,1026
2016-04-15,2083.4,2086.8,2076.2,2082.0,934
2016-04-17,2071.0,2073.0,2068.6,2071.4,53
2016-04-18,2071.6,2095.2,2065.0,2092.6,1031
2016-04-19,2092.6,2104.8,2091.6,2098.0,1044
2016-04-20,2098.4,2111.4,2092.0,2104.2,1086
2016-04-21,2104.6,2110.2,2084.0,2086.8,1129
2016-04-22,2086.8,2095.0,2081.2,2092.2,1087
2016-04-24,2097.1,2097.2,2093.8,2094.0,38
2016-04-25,2093.8,2094.4,2076.8,2089.4,1033
2016-04-26,2089.8,2097.0,2085.2,2089.2,1006
2016-04-27,2089.6,2099.7,2081.9,2098.3,1017
2016-04-28,2098.6,2099.9,2070.4,2078.2,1148
2016-04-29,2078.4,2081.4,2051.0,2065.6,1067
2016-05-01,2065.4,2066.2,2063.6,2064.4,37
2016-05-02,2064.4,2082.4,2060.4,2080.4,944
2016-05-03,2080.4,2080.8,2052.6,2062.4,1010
2016-05-04,2062.8,2065.0,2043.8,2052.6,1028
2016-05-05,2053.0,2064.6,2043.0,2044.2,951
2016-05-06,2044.6,2058.6,2035.2,2058.6,1010
2016-05-08,2057.4,2061.4,2056.6,2061.2,38
2016-05-09,2060.8,2064.0,2052.4,2053.8,1054
2016-05-10,2053.4,2083.8,2053.4,2081.2,1031
2016-05-11,2080.9,2082.7,2061.6,2064.0,996
2016-05-12,2064.2,2076.6,2052.4,2062.6,984
2016-05-13,2063.0,2067.0,2042.2,2046.4,1076
2016-05-15,2043.8,2043.8,2038.6,2041.2,23
2016-05-16,2041.4,2071.6,2041.4,2065.2,984
2016-05-17,2065.2,2072.6,2040.1,2047.7,948
2016-05-18,2048.0,2060.8,2034.2,2045.4,1117
2016-05-19,2045.4,2047.2,2025.2,2042.0,1090
2016-05-20,2042.0,2058.6,2040.4,2052.8,958
2016-05-22,2055.8,2055.8,2053.4,2053.4,29
2016-05-23,2053.0,2058.6,2046.0,2048.4,1030
2016-05-24,2048.2,2080.0,2043.8,2078.8,918
2016-05-25,2079.0,2094.8,2078.6,2089.8,915
2016-05-26,2089.6,2094.2,2085.0,2093.2,786
2016-05-27,2092.8,2100.8,2090.2,2100.8,760
2016-05-29,2101.6,2103.4,2101.4,2102.6,25
2016-05-30,2102.6,2105.6,2101.6,2102.0,465
2016-05-31,2102.2,2104.6,2088.0,2097.0,837
2016-06-01,2096.6,2101.0,2085.2,2099.4,905
2016-06-02,2099.8,2106.2,2088.6,2104.6,815
2016-06-03,2105.0,2107.2,2084.6,2098.8,746
2016-06-05,2099.2,2100.6,2098.6,2099.8,22
2016-06-06,2099.4,2113.2,2095.4,2109.0,812
2016-06-07,2109.4,2119.0,2107.8,2111.4,759
2016-06-08,2111.4,2120.6,2107.6,2118.2,715
2016-06-09,2118.0,2119.4,2107.4,2113.2,810
2016-06-10,2113.2,2114.4,2089.4,2096.8,857
2016-06-12,2091.6,2093.6,2090.4,2092.0,40
2016-06-13,2092.2,2098.8,2073.4,2074.4,1105
2016-06-14,2074.4,2081.8,2063.6,2070.2,1128
2016-06-15,2070.6,2086.4,2069.2,2070.6,1111
2016-06-16,2070.4,2079.8,2050.4,2078.6,1194
2016-06-17,2079.2,2083.2,2061.8,2068.4,964
2016-06-19,2079.8,2087.2,2079.6,2086.4,50
2016-06-20,2086.2,2100.8,2079.6,2087.6,989
2016-06-21,2087.4,2094.4,2077.8,2086.8,982
2016-06-22,2087.2,2099.6,2084.0,2095.2,907
2016-06-23,2094.8,2127.4,2093.0,2117.8,1049
2016-06-24,2117.8,2118.4,2006.8,2026.2,1273
2016-06-26,2022.4,2022.8,2012.2,2017.6,56
2016-06-27,2018.0,2030.2,1989.4,1997.2,1285
2016-06-28,1997.6,2037.6,1995.8,2035.6,1103
2016-06-29,2035.8,2081.2,2030.8,2077.2,1017
2016-06-30,2077.2,2098.8,2064.6,2093.4,1053
2016-07-01,2093.2,2108.2,2089.2,2103.6,906
2016-07-03,2106.2,2107.2,2103.8,2104.8,20
2016-07-04,2104.4,2112.2,2101.8,2105.6,539
2016-07-05,2105.8,2106.2,2079.8,2089.0,937
2016-07-06,2089.4,2101.2,2073.4,2097.2,1206
2016-07-07,2096.8,2108.8,2088.8,2098.6,1036
2016-07-08,2099.0,2131.6,2094.4,2127.2,955
2016-07-10,2126.6,2127.2,2126.6,2126.8,10
2016-07-11,2127.2,2143.2,2127.2,2136.8,978
2016-07-12,2137.2,2155.6,2135.2,2151.4,969
2016-07-13,2151.6,2158.6,2146.4,2150.2,937
2016-07-14,2150.4,2174.4,2149.6,2160.6,974
2016-07-15,2160.4,2170.8,2149.6,2152.0,960
2016-07-17,2160.2,2166.8,2160.2,2164.8,36
2016-07-18,2165.4,2169.4,2159.0,2166.4,819
2016-07-19,2166.4,2166.6,2157.6,2164.6,807
2016-07-20,2164.8,2175.4,2161.4,2173.2,717
2016-07-21,2173.4,2176.0,2159.2,2164.4,760
2016-07-22,2164.4,2175.0,2161.6,2173.0,759
2016-07-24,2173.6,2173.6,2172.4,2173.2,15
2016-07-25,2173.6,2178.2,2161.8,2167.8,843
2016-07-26,2167.4,2173.4,2159.8,2170.4,915
2016-07-27,2170.4,2175.0,2158.2,2168.0,932
2016-07-28,2167.6,2174.0,2159.6,2172.0,898
2016-07-29,2172.0,2177.6,2163.2,2177.0,1041
2016-07-31,2179.8,2180.0,2178.2,2178.2,26
2016-08-01,2177.4,2183.4,2165.8,2171.2,835
2016-08-02,2170.8,2176.6,2147.4,2157.4,890
2016-08-03,2157.2,2164.0,2151.2,2162.6,957
2016-08-04,2163.0,2170.0,2159.6,2165.4,893
2016-08-05,2165.6,2182.8,2165.6,2182.0,749
2016-08-07,2181.4,2183.4,2181.2,2183.0,16
2016-08-08,2182.8,2187.4,2177.8,2179.6,591
2016-08-09,2179.8,2187.2,2177.8,2180.2,634
2016-08-10,2180.2,2185.4,2171.8,2175.2,670
2016-08-11,2175.6,2189.2,2174.8,2186.0,596
2016-08-12,2186.4,2187.8,2179.2,2184.6,528
2016-08-14,2184.4,2185.2,2184.2,2185.0,8
2016-08-15,2184.6,2193.8,2184.6,2188.4,536
2016-08-16,2188.6,2188.8,2178.6,2180.6,679
2016-08-17,2180.9,2184.8,2168.8,2183.4,648
2016-08-18,2183.2,2187.0,2178.8,2186.2,656
2016-08-19,2185.8,2186.4,2175.6,2184.8,684
2016-08-21,2184.6,2185.0,2184.0,2184.4,14
2016-08-22,2184.6,2187.0,2176.0,2182.8,807
2016-08-23,2182.4,2193.8,2181.8,2187.6,676
2016-08-24,2187.8,2190.0,2171.2,2177.0,686
2016-08-25,2177.0,2179.4,2169.8,2176.8,805
2016-08-26,2177.0,2188.8,2159.6,2169.4,775
2016-08-28,2169.0,2169.2,2166.8,2167.4,20
2016-08-29,2167.8,2183.8,2166.8,2182.0,616
2016-08-30,2182.2,2182.8,2170.4,2176.8,687
2016-08-31,2177.0,2177.8,2161.0,2170.4,739
2016-09-01,2170.8,2178.4,2156.2,2168.4,787
2016-09-02,2168.8,2184.8,2165.4,2180.2,791
2016-09-04,2180.2,2182.8,2179.4,2181.6,28
2016-09-05,2181.2,2183.2,2176.4,2179.0,508
2016-09-06,2178.6,2187.2,2174.4,2186.0,677
2016-09-07,2185.8,2187.8,2178.6,2185.0,680
2016-09-08,2184.8,2190.2,2177.0,2178.0,724
2016-09-09,2178.0,2179.0,2120.6,2122.2,787
2016-09-11,2123.0,2124.2,2116.2,2120.2,48
2016-09-12,2120.2,2163.4,2108.0,2156.0,1118
2016-09-13,2156.0,2157.6,2119.2,2131.2,1073
2016-09-14,2130.8,2140.4,2118.2,2122.2,1036
2016-09-15,2122.4,2150.4,2113.8,2140.0,1034
2016-09-16,2140.2,2142.2,2129.0,2138.6,928
2016-09-18,2138.2,2139.8,2137.4,2137.8,33
2016-09-19,2138.0,2152.6,2133.8,2139.4,837
2016-09-20,2139.6,2149.4,2135.2,2137.4,914
2016-09-21,2137.6,2162.8,2132.4,2159.8,985
2016-09-22,2159.6,2178.2,2158.4,2173.4,832
2016-09-23,2173.2,2174.8,2161.8,2163.0,788
2016-09-25,2161.4,2164.6,2161.4,2164.4,28
2016-09-26,2164.2,2165.2,2142.6,2144.4,895
2016-09-27,2144.8,2159.4,2138.6,2158.2,1030
2016-09-28,2157.8,2170.8,2149.6,2167.8,962
2016-09-29,2168.0,2172.4,2142.8,2150.6,937
2016-09-30,2151.0,2173.8,2141.4,2162.4,1044
2016-10-02,2164.2,2166.4,2163.6,2166.2,37
2016-10-03,2166.2,2169.4,2152.4,2160.6,733
2016-10-04,2160.8,2165.2,2141.2,2149.2,897
2016-10-05,2148.8,2162.8,2146.2,2158.4,902
2016-10-06,2158.6,2162.2,2148.4,2160.2,868
2016-10-07,2159.8,2166.4,2142.8,2150.6,970
2016-10-09,2156.2,2158.2,2155.4,2157.2,30
2016-10-10,2156.8,2168.2,2153.4,2165.2,827
2016-10-11,2165.2,2165.2,2126.4,2138.8,910
2016-10-12,2138.6,2145.2,2130.8,2133.6,901
2016-10-13,2133.4,2136.2,2112.4,2130.0,1059
2016-10-14,2130.6,2147.6,2126.6,2130.8,925
2016-10-16,2131.8,2133.0,2123.2,2124.6,40
2016-10-17,2125.0,2134.2,2121.8,2126.2,1010
2016-10-18,2126.6,2144.0,2126.4,2136.6,882
2016-10-19,2137.0,2147.0,2131.0,2142.6,736
2016-10-20,2143.0,2148.4,2131.0,2141.2,871
2016-10-21,2141.4,2142.4,2127.6,2140.0,873
2016-10-23,2141.0,2143.6,2139.6,2142.8,30
2016-10-24,2143.0,2153.0,2139.0,2148.4,775
2016-10-25,2148.8,2153.8,2136.8,2138.4,750
2016-10-26,2138.2,2144.2,2129.0,2137.4,863
2016-10-27,2137.2,2147.6,2126.8,2131.6,915
2016-10-28,2131.4,2139.2,2116.8,2127.8,891
2016-10-30,2123.4,2125.8,2120.4,2124.4,35
2016-10-31,2124.6,2134.4,2122.8,2126.8,820
2016-11-01,2127.2,2133.2,2095.2,2105.6,868
2016-11-02,2105.8,2110.0,2091.4,2093.0,1075
2016-11-03,2093.2,2102.4,2083.6,2088.4,1026
2016-11-04,2088.4,2097.4,2082.0,2084.8,933
2016-11-07,2108.4,2133.8,2106.2,2133.4,810
2016-11-08,2132.2,2146.4,2122.4,2138.4,912
2016-11-09,2140.8,2169.6,2031.4,2163.4,1316
2016-11-10,2162.1,2183.2,2150.8,2167.2,1231
2016-11-11,2167.6,2172.8,2151.0,2162.4,1241
2016-11-14,2166.8,2176.6,2154.6,2163.4,1170
2016-11-15,2163.4,2181.6,2161.0,2181.6,1085
2016-11-16,2181.0,2187.0,2171.0,2174.6,1059
2016-11-17,2174.6,2187.0,2174.0,2186.4,926
2016-11-18,2185.8,2188.8,2178.4,2182.0,941
2016-11-21,2182.0,2197.6,2180.4,2195.0,814
2016-11-22,2195.0,2204.2,2193.2,2203.2,806
2016-11-23,2202.6,2204.6,2193.6,2202.0,733
2016-11-24,2202.6,2208.2,2199.2,2207.0,423
2016-11-25,2207.4,2212.4,2204.0,2212.0,538
2016-11-28,2209.6,2210.4,2199.8,2201.0,799
2016-11-29,2201.6,2210.0,2197.6,2204.2,774
2016-11-30,2204.2,2214.2,2198.2,2199.2,924
2016-12-01,2200.2,2203.6,2186.8,2192.2,866
2016-12-02,2191.2,2197.6,2185.0,2191.4,834
2016-12-05,2183.0,2209.2,2179.8,2205.8,995
2016-12-06,2205.4,2212.2,2200.6,2211.6,796
2016-12-07,2211.6,2241.4,2207.2,2237.2,749
2016-12-08,2236.8,2251.8,2233.3,2247.8,889
2016-12-09,2247.8,2261.2,2245.6,2261.0,722
2016-12-12,2260.6,2270.4,2252.4,2256.2,982
2016-12-13,2255.8,2278.4,2253.4,2273.4,830
2016-12-14,2273.4,2277.4,2248.2,2256.8,727
2016-12-15,2256.4,2272.8,2252.4,2264.8,1104
2016-12-16,2264.0,2268.8,2254.6,2260.6,862
2016-12-19,2261.2,2268.6,2258.8,2265.8,701
2016-12-20,2265.4,2274.2,2265.2,2271.8,600
2016-12-21,2272.4,2272.8,2263.0,2263.0,530
2016-12-22,2263.4,2264.8,2255.6,2261.8,598
2016-12-23,2261.8,2264.8,2258.4,2264.2,430
2016-12-27,2263.4,2273.4,2261.8,2265.0,390
2016-12-28,2265.2,2271.6,2247.8,2249.2,568
2016-12-29,2250.0,2253.6,2243.6,2250.2,693
2016-12-30,2250.6,2256.6,2232.2,2238.6,738
2017-01-03,2245.6,2263.2,2243.4,2256.6,795
2017-01-04,2256.6,2271.2,2255.2,2268.4,604
2017-01-05,2268.2,2269.8,2258.2,2268.4,760
2017-01-06,2268.4,2280.8,2262.4,2275.0,635
2017-01-09,2274.8,2279.2,2267.6,2268.2,591
2017-01-10,2268.6,2277.8,2263.6,2268.4,694
2017-01-11,2267.8,2275.6,2259.2,2275.2,771
2017-01-12,2274.4,2274.4,2252.6,2268.0,687
2017-01-13,2268.0,2277.0,2266.6,2274.6,677
2017-01-16,2274.0,2274.0,2268.8,2269.6,301
2017-01-17,2269.8,2270.8,2261.0,2266.0,674
2017-01-18,2265.6,2272.4,2262.4,2269.0,612
2017-01-19,2269.0,2273.0,2257.0,2265.0,628
2017-01-20,2264.6,2276.4,2263.6,2270.4,687
2017-01-23,2270.0,2271.0,2255.8,2265.4,693
2017-01-24,2264.6,2284.0,2263.4,2279.6,618
2017-01-25,2279.6,2298.8,2278.8,2297.6,540
2017-01-26,2297.6,2302.8,2293.0,2297.8,612
2017-01-27,2297.0,2300.0,2290.6,2293.0,499
2017-01-30,2286.2,2289.2,2266.8,2279.6,590
2017-01-31,2279.6,2281.4,2265.8,2281.0,758
2017-02-01,2280.8,2288.0,2271.8,2278.4,698
2017-02-02,2278.4,2283.0,2268.2,2278.0,811
2017-02-03,2277.6,2297.2,2274.2,2295.0,673
2017-02-06,2296.6,2297.4,2287.0,2289.8,689
2017-02-07,2289.8,2298.2,2287.6,2288.8,648
2017-02-08,2288.8,2294.4,2283.8,2293.2,634
2017-02-09,2293.2,2310.2,2290.4,2306.4,506
2017-02-10,2306.4,2318.0,2305.6,2315.4,588
2017-02-13,2316.2,2331.2,2315.6,2329.2,583
2017-02-14,2328.8,2339.6,2321.8,2337.6,632
2017-02-15,2337.2,2353.2,2333.4,2352.4,636
2017-02-16,2352.4,2352.6,2338.2,2346.8,634
2017-02-17,2346.6,2350.0,2338.2,2349.8,650
2017-02-20,2348.0,2358.0,2347.6,2354.4,351
2017-02-21,2354.0,2366.2,2350.4,2361.6,607
2017-02-22,2361.2,2365.0,2356.6,2363.4,616
2017-02-23,2363.4,2368.6,2354.6,2363.6,659
2017-02-24,2363.0,2366.6,2351.0,2365.6,703
2017-02-27,2365.6,2371.8,2362.4,2366.6,802
2017-02-28,2367.0,2369.8,2358.6,2365.8,708
2017-03-01,2365.8,2401.6,2364.2,2393.6,944
2017-03-02,2393.2,2395.2,2378.8,2381.8,780
2017-03-03,2380.2,2383.6,2374.4,2381.0,739
2017-03-06,2379.8,2379.8,2367.8,2371.4,748
2017-03-07,2371.6,2376.2,2365.2,2367.0,692
2017-03-08,2365.8,2373.4,2360.4,2363.8,782
2017-03-09,2363.6,2369.4,2354.6,2367.8,806
2017-03-10,2366.4,2379.8,2362.4,2371.6,828
2017-03-12,2371.6,2372.4,2369.4,2370.0,31
2017-03-13,2370.0,2375.2,2368.2,2374.4,762
2017-03-14,2374.0,2374.2,2358.2,2367.4,786
2017-03-15,2367.6,2390.6,2366.6,2384.0,821
2017-03-16,2383.8,2392.0,2377.0,2382.6,753
2017-03-17,2382.2,2385.4,2376.2,2378.6,554
2017-03-19,2377.2,2378.0,2375.0,2375.8,27
2017-03-20,2375.4,2379.2,2369.0,2373.0,548
2017-03-21,2372.4,2382.0,2340.0,2342.2,703
2017-03-22,2342.4,2352.0,2335.8,2350.0,961
2017-03-23,2350.5,2359.2,2341.6,2346.0,802
2017-03-24,2346.4,2356.0,2335.0,2345.8,809
2017-03-26,2340.0,2340.6,2330.8,2333.4,53
2017-03-27,2333.0,2344.6,2321.4,2343.2,984
2017-03-28,2343.2,2363.4,2336.8,2355.8,812
2017-03-29,2356.2,2362.6,2352.0,2360.8,730
2017-03-30,2361.0,2369.8,2356.6,2367.8,780
2017-03-31,2367.4,2369.8,2360.0,2360.8,773
2017-04-02,2361.0,2363.8,2360.8,2363.4,21
2017-04-03,2363.4,2366.4,2343.2,2357.6,782
2017-04-04,2357.6,2362.6,2347.8,2361.6,863
2017-04-05,2361.8,2378.0,2346.8,2349.8,797
2017-04-06,2350.2,2364.0,2341.2,2358.2,962
2017-04-07,2358.4,2363.4,2339.6,2355.4,1042
2017-04-09,2355.0,2356.2,2353.6,2356.2,19
2017-04-10,2356.6,2365.8,2350.4,2357.0,785
2017-04-11,2356.8,2357.0,2336.0,2353.2,890
2017-04-12,2353.4,2359.0,2340.4,2343.2,895
2017-04-13,2343.0,2347.4,2326.4,2330.0,941
2017-04-16,2327.8,2329.2,2326.8,2328.0,31
2017-04-17,2328.2,2348.4,2325.2,2347.4,685
2017-04-18,2347.4,2349.2,2333.0,2340.0,830
2017-04-19,2340.4,2351.8,2334.0,2338.6,787
2017-04-20,2338.6,2360.8,2336.2,2355.4,794
2017-04-21,2355.8,2358.8,2343.2,2348.0,782
2017-04-23,2370.2,2375.0,2368.8,2371.4,51
2017-04-24,2371.4,2379.2,2368.0,2372.2,872
2017-04-25,2372.0,2391.6,2370.8,2385.8,782
2017-04-26,2385.6,2397.0,2383.8,2385.2,732
2017-04-27,2385.6,2391.0,2381.0,2388.0,756
2017-04-28,2388.0,2390.8,2380.8,2383.0,718
2017-04-30,2383.2,2383.6,2379.6,2380.8,28
2017-05-01,2381.0,2393.0,2380.2,2389.0,593
2017-05-02,2389.0,2391.0,2384.2,2387.2,651
2017-05-03,2386.8,2388.2,2378.2,2384.6,614
2017-05-04,2385.0,2393.0,2378.6,2387.2,724
2017-05-05,2387.4,2401.2,2381.4,2401.0,695
2017-05-07,2404.6,2405.8,2399.0,2399.6,41
2017-05-08,2399.6,2400.4,2392.0,2397.6,747
2017-05-09,2397.6,2402.2,2391.0,2391.6,642
2017-05-10,2391.6,2398.6,2389.8,2396.8,704
2017-05-11,2396.8,2397.2,2380.8,2392.4,634
2017-05-12,2392.0,2393.0,2386.2,2390.4,664
2017-05-14,2391.0,2392.2,2389.8,2391.0,21
2017-05-15,2391.2,2403.8,2390.2,2400.0,582
2017-05-16,2399.8,2406.0,2391.0,2391.0,646
2017-05-17,2391.4,2392.2,2356.2,2361.6,1052
2017-05-18,2362.2,2375.8,2346.2,2366.4,1101
2017-05-19,2366.4,2389.0,2362.6,2383.4,798
2017-05-21,2383.0,2385.0,2382.4,2384.2,23
2017-05-22,2384.2,2395.6,2379.6,2391.0,712
2017-05-23,2390.8,2400.6,2388.0,2398.0,721
2017-05-24,2397.8,2405.2,2396.2,2404.2,612
2017-05-25,2404.6,2418.8,2404.0,2413.2,740
2017-05-26,2413.0,2416.8,2409.2,2415.6,623
2017-05-28,2415.6,2417.8,2415.2,2417.6,29
2017-05-29,2417.6,2417.8,2414.8,2415.0,288
2017-05-30,2415.0,2415.4,2408.6,2412.4,605
2017-05-31,2412.4,2417.4,2403.4,2413.4,639
2017-06-01,2413.4,2431.8,2411.4,2430.2,683
2017-06-02,2430.0,2440.0,2427.8,2438.0,749
2017-06-04,2436.4,2437.2,2436.2,2436.4,20
2017-06-05,2436.2,2439.2,2433.6,2435.2,523
2017-06-06,2435.6,2436.2,2427.0,2431.4,689
2017-06-07,2431.2,2435.4,2424.6,2431.8,694
2017-06-08,2432.2,2439.0,2426.2,2430.0,786
2017-06-09,2429.8,2446.0,2415.2,2430.8,917
2017-06-11,2430.2,2431.2,2428.2,2429.0,38
2017-06-12,2429.0,2430.4,2419.6,2428.8,892
2017-06-13,2428.6,2441.4,2428.0,2440.4,795
2017-06-14,2440.0,2445.8,2428.4,2431.8,807
2017-06-15,2431.6,2435.2,2418.8,2432.4,957
2017-06-16,2432.6,2438.8,2422.8,2436.6,685
2017-06-18,2436.2,2436.6,2435.0,2435.8,22
2017-06-19,2436.0,2453.2,2435.6,2450.6,633
2017-06-20,2450.4,2452.8,2436.0,2438.0,674
2017-06-21,2438.4,2441.6,2430.0,2432.4,914
2017-06-22,2432.0,2440.8,2430.4,2434.6,743
2017-06-23,2434.6,2440.6,2430.4,2434.2,615
2017-06-25,2434.4,2434.6,2432.0,2433.8,25
2017-06-26,2433.6,2449.2,2433.6,2438.4,670
2017-06-27,2438.4,2439.2,2418.8,2421.0,802
2017-06-28,2420.8,2446.2,2416.0,2445.0,867
2017-06-29,2445.2,2446.6,2404.4,2420.0,850
2017-06-30,2420.4,2431.8,2417.4,2423.6,932
2017-07-02,2424.6,2426.6,2424.4,2426.6,30
2017-07-03,2426.4,2438.6,2423.6,2425.6,632
2017-07-04,2425.2,2433.2,2423.4,2426.4,555
2017-07-05,2426.6,2434.2,2421.2,2432.0,836
2017-07-06,2431.8,2431.8,2407.4,2412.0,865
2017-07-07,2412.2,2426.6,2409.6,2424.8,776
2017-07-09,2425.0,2425.8,2425.0,2425.0,14
2017-07-10,2424.8,2431.4,2421.0,2425.4,623
2017-07-11,2425.4,2429.2,2412.0,2427.2,607
2017-07-12,2427.6,2445.2,2424.2,2443.0,636
2017-07-13,2443.2,2448.4,2440.8,2447.0,620
2017-07-14,2447.2,2462.8,2443.8,2459.0,530
2017-07-16,2459.0,2460.4,2458.8,2459.6,13
2017-07-17,2460.0,2462.0,2455.8,2460.2,565
2017-07-18,2460.2,2462.4,2449.4,2460.0,664
2017-07-19,2459.8,2473.4,2459.8,2471.4,508
2017-07-20,2471.8,2477.8,2467.4,2473.4,601
2017-07-21,2473.8,2476.6,2464.4,2471.2,605
2017-07-23,2471.2,2471.8,2470.4,2471.4,10
2017-07-24,2471.4,2472.0,2465.2,2469.0,573
2017-07-25,2469.2,2480.2,2468.4,2476.2,523
2017-07-26,2476.2,2481.2,2473.2,2478.2,574
2017-07-27,2478.4,2481.8,2458.6,2471.6,653
2017-07-28,2471.8,2472.6,2462.8,2472.0,716
2017-07-30,2472.2,2472.2,2470.0,2470.4,20
2017-07-31,2470.6,2476.2,2467.0,2469.0,624
2017-08-01,2469.2,2478.6,2469.2,2475.6,595
2017-08-02,2475.2,2477.2,2464.8,2474.6,633
2017-08-03,2474.2,2475.6,2467.6,2471.6,639
2017-08-04,2471.4,2479.0,2469.2,2473.2,557
2017-08-06,2474.2,2474.8,2473.4,2474.2,16
2017-08-07,2474.2,2479.4,2474.2,2477.4,407
2017-08-08,2477.8,2489.4,2468.6,2470.0,508
2017-08-09,2469.8,2475.4,2460.4,2473.0,809
2017-08-10,2473.4,2473.4,2434.0,2437.4,870
2017-08-11,2437.2,2447.2,2431.6,2441.6,922
2017-08-13,2443.6,2446.0,2443.4,2445.6,24
2017-08-14,2446.0,2467.2,2446.0,2466.2,717
2017-08-15,2466.2,2474.0,2461.0,2463.8,682
2017-08-16,2463.4,2474.4,2462.6,2464.6,649
2017-08-17,2464.8,2469.0,2424.4,2428.8,810
2017-08-18,2429.0,2439.8,2420.2,2426.0,905
2017-08-20,2429.6,2431.8,2428.2,2431.4,25
2017-08-21,2431.8,2431.8,2416.4,2429.2,819
2017-08-22,2429.2,2454.8,2428.8,2453.8,713
2017-08-23,2454.2,2455.2,2435.8,2438.0,727
2017-08-24,2437.6,2449.2,2435.2,2443.4,754
2017-08-25,2443.0,2453.6,2438.0,2443.0,739
2017-08-27,2439.4,2443.8,2438.2,2442.8,31
2017-08-28,2442.6,2449.6,2423.6,2431.8,758
2017-08-29,2431.6,2448.8,2421.8,2446.6,987
2017-08-30,2446.8,2460.0,2443.2,2456.2,675
2017-08-31,2456.6,2474.2,2456.6,2471.2,650
2017-09-01,2471.2,2479.8,2470.8,2474.0,598
2017-09-03,2463.8,2466.0,2460.8,2465.2,41
2017-09-04,2465.6,2468.8,2462.4,2468.0,491
2017-09-05,2468.4,2471.4,2446.0,2458.2,851
2017-09-06,2458.6,2469.0,2456.8,2460.4,842
2017-09-07,2460.8,2468.8,2459.8,2467.4,845
2017-09-08,2467.4,2467.4,2457.0,2462.4,838
2017-09-10,2471.2,2472.8,2470.2,2471.0,32
2017-09-11,2471.2,2488.8,2469.6,2488.0,685
2017-09-12,2487.8,2497.2,2487.0,2496.6,713
2017-09-13,2496.8,2497.0,2491.0,2494.2,663
2017-09-14,2494.2,2497.8,2488.8,2489.4,675
2017-09-15,2489.0,2501.6,2489.0,2501.6,697
2017-09-17,2500.8,2501.6,2500.4,2500.8,14
2017-09-18,2501.2,2507.6,2499.4,2504.4,551
2017-09-19,2504.0,2507.6,2502.8,2504.2,557
2017-09-20,2504.6,2508.8,2496.0,2506.0,530
2017-09-21,2506.2,2507.8,2498.4,2501.8,584
2017-09-22,2502.0,2502.4,2493.8,2501.6,611
2017-09-24,2499.8,2503.4,2499.4,2502.8,30
2017-09-25,2502.4,2505.8,2487.0,2498.8,752
2017-09-26,2499.2,2502.8,2494.0,2496.6,730
2017-09-27,2496.8,2511.0,2495.0,2504.2,708
2017-09-28,2504.4,2509.8,2500.8,2507.8,704
2017-09-29,2507.8,2519.4,2506.8,2519.4,539
2017-10-01,2519.4,2525.0,2519.0,2522.6,32
2017-10-02,2522.2,2529.6,2519.2,2528.0,605
2017-10-03,2528.4,2534.8,2527.0,2533.4,493
2017-10-04,2533.0,2539.6,2531.0,2537.4,487
2017-10-05,2537.2,2552.2,2536.4,2550.8,483
2017-10-06,2550.6,2551.4,2543.4,2546.6,554
2017-10-08,2546.0,2548.4,2546.0,2547.6,14
2017-10-09,2547.8,2552.0,2541.0,2545.6,515
2017-10-10,2545.2,2554.8,2544.6,2550.2,600
2017-10-11,2550.2,2555.0,2546.0,2553.4,492
2017-10-12,2553.6,2555.0,2548.0,2550.0,445
2017-10-13,2550.2,2557.2,2548.8,2554.2,469
2017-10-15,2553.8,2556.8,2553.8,2556.4,24
2017-10-16,2556.4,2559.2,2552.4,2557.0,410
2017-10-17,2557.2,2559.4,2554.2,2558.2,375
2017-10-18,2558.0,2563.8,2558.0,2561.2,403
2017-10-19,2561.6,2562.8,2544.4,2562.0,636
2017-10-20,2561.6,2575.8,2561.2,2575.1,586
2017-10-22,2575.0,2578.0,2575.0,2577.0,24
2017-10-23,2576.8,2578.8,2563.4,2565.6,604
2017-10-24,2565.4,2571.6,2564.2,2565.6,577
2017-10-25,2565.4,2567.6,2543.2,2559.8,758
2017-10-26,2559.8,2566.4,2557.2,2563.0,770
2017-10-27,2563.0,2582.2,2558.8,2578.6,760
2017-10-29,2577.2,2579.6,2577.2,2577.4,24
2017-10-30,2577.2,2578.8,2566.8,2569.2,744
2017-10-31,2569.4,2576.8,2568.4,2573.4,544
2017-11-01,2573.6,2586.8,2573.4,2574.4,744
2017-11-02,2574.4,2579.8,2563.8,2579.4,839
2017-11-03,2579.6,2586.6,2575.4,2583.2,555
2017-11-06,2582.2,2591.0,2577.4,2590.0,687
2017-11-07,2589.4,2594.8,2582.2,2587.0,717
2017-11-08,2585.0,2593.4,2581.2,2592.0,676
2017-11-09,2592.0,2595.6,2564.4,2584.2,1015
2017-11-10,2583.2,2586.6,2572.4,2579.6,905
2017-11-13,2581.8,2586.0,2571.2,2581.6,769
2017-11-14,2581.2,2583.0,2565.4,2578.4,853
2017-11-15,2577.6,2577.8,2556.8,2565.0,1017
2017-11-16,2565.2,2590.0,2563.4,2585.8,871
2017-11-17,2584.0,2586.4,2575.6,2576.4,923
2017-11-20,2577.2,2584.2,2568.2,2583.2,918
2017-11-21,2582.4,2600.8,2580.0,2596.8,735
2017-11-22,2596.4,2600.4,2593.4,2594.2,725
2017-11-23,2594.0,2598.4,2590.0,2597.2,446
2017-11-24,2596.2,2603.4,2595.0,2601.4,561
2017-11-26,2601.8,2601.8,2601.6,2601.6,2
2017-11-27,2601.8,2605.6,2597.2,2603.2,762
2017-11-28,2601.8,2627.4,2598.0,2626.2,850
2017-11-29,2626.2,2634.6,2620.0,2625.6,881
2017-11-30,2625.6,2658.4,2622.2,2641.8,867
2017-12-01,2641.0,2650.6,2605.4,2642.8,1034
2017-12-04,2658.6,2665.4,2634.2,2637.0,937
2017-12-05,2636.8,2648.8,2627.8,2627.8,1071
2017-12-06,2628.0,2634.6,2620.6,2631.4,1111
2017-12-07,2630.8,2641.4,2626.8,2639.8,969
2017-12-08,2639.8,2652.6,2638.0,2652.0,795
2017-12-11,2652.8,2664.6,2649.4,2663.6,849
2017-12-12,2663.2,2670.4,2660.4,2665.8,773
2017-12-13,2665.4,2672.6,2656.6,2666.6,823
2017-12-14,2666.0,2670.6,2649.0,2649.4,915
2017-12-15,2650.8,2680.2,2650.0,2680.0,856
2017-12-18,2679.8,2695.4,2679.8,2693.0,799
2017-12-19,2693.0,2695.6,2680.4,2682.4,690
2017-12-20,2682.4,2692.8,2677.0,2679.4,757
2017-12-21,2679.4,2693.6,2678.6,2684.8,732
2017-12-22,2684.8,2689.0,2680.0,2683.8,588
2017-12-26,2684.6,2687.0,2681.4,2685.2,487
2017-12-27,2685.2,2688.6,2679.4,2683.0,591
2017-12-28,2682.0,2686.4,2680.8,2683.4,413
2017-12-29,2683.0,2695.8,2665.6,2666.0,547
2018-01-02,2672.6,2693.6,2672.6,2691.6,727
2018-01-03,2691.4,2712.2,2690.0,2707.2,616
2018-01-04,2708.4,2726.8,2706.8,2722.8,708
2018-01-05,2723.2,2741.2,2721.8,2740.2,669
2018-01-08,2740.2,2746.4,2734.8,2745.2,623
2018-01-09,2745.0,2757.8,2741.0,2748.2,619
2018-01-10,2747.6,2749.8,2734.6,2748.8,875
2018-01-11,2747.8,2768.6,2745.8,2767.8,741
2018-01-12,2767.2,2788.0,2765.4,2787.6,757
2018-01-15,2790.0,2795.6,2789.2,2793.0,553
2018-01-16,2793.2,2807.0,2767.8,2781.6,778
2018-01-17,2781.0,2807.6,2777.6,2802.2,1015
2018-01-18,2801.6,2806.2,2792.4,2795.2,992
2018-01-19,2795.4,2813.2,2790.2,2811.2,960
2018-01-22,2803.4,2836.4,2800.4,2834.2,845
2018-01-23,2833.8,2843.0,2827.2,2836.6,903
2018-01-24,2835.2,2853.4,2824.0,2839.2,879
2018-01-25,2837.6,2852.0,2829.4,2840.6,986
2018-01-26,2841.0,2874.2,2839.6,2873.0,946
2018-01-29,2872.4,2876.6,2850.0,2851.2,1032
2018-01-30,2852.4,2856.0,2817.0,2821.4,1206
2018-01-31,2822.4,2838.2,2811.6,2825.0,1237
2018-02-01,2828.4,2835.8,2808.2,2822.4,1162
2018-02-02,2826.6,2829.4,2753.8,2755.8,1309
2018-02-05,2755.0,2761.4,2594.4,2613.8,1318
2018-02-06,2624.6,2698.2,2528.2,2683.4,1364
2018-02-07,2685.8,2725.4,2659.2,2666.8,1364
2018-02-08,2665.4,2685.0,2575.8,2592.8,1365
2018-02-09,2593.6,2636.4,2529.2,2620.4,1362
2018-02-12,2624.0,2670.6,2619.2,2651.6,1335
2018-02-13,2652.0,2666.4,2633.8,2662.0,1357
2018-02-14,2662.0,2700.6,2626.2,2695.0,1288
2018-02-15,2694.6,2735.8,2687.8,2734.2,1333
2018-02-16,2734.0,2753.8,2721.4,2735.6,1251
2018-02-19,2735.0,2746.8,2719.0,2728.0,946
2018-02-20,2728.8,2737.0,2705.2,2714.8,1333
2018-02-21,2714.2,2747.0,2693.2,2697.6,1330
2018-02-22,2697.3,2730.2,2681.6,2713.2,1330
2018-02-23,2712.4,2749.6,2709.4,2745.4,1322
2018-02-26,2751.0,2785.2,2742.2,2783.6,1222
2018-02-27,2783.6,2789.0,2741.6,2745.8,1272
2018-02-28,2746.6,2761.2,2711.8,2718.6,1311
2018-03-01,2718.4,2730.4,2658.2,2679.0,1349
2018-03-02,2678.9,2695.6,2647.0,2690.0,1351
2018-03-05,2683.2,2727.4,2663.6,2718.8,1347
2018-03-06,2719.0,2734.2,2710.2,2723.4,1302
2018-03-07,2692.4,2730.0,2681.2,2721.8,1351
2018-03-08,2722.6,2740.2,2720.0,2738.2,1269
2018-03-09,2736.4,2786.8,2730.5,2783.4,1264
2018-03-11,2784.6,2791.8,2784.4,2791.8,51
2018-03-12,2792.0,2800.4,2778.8,2783.6,1215
2018-03-13,2783.6,2802.4,2758.2,2763.0,1121
2018-03-14,2763.2,2779.4,2743.4,2753.0,1304
2018-03-15,2752.6,2762.4,2740.2,2752.4,1287
2018-03-16,2752.4,2761.2,2745.4,2750.6,1175
2018-03-18,2749.4,2749.4,2746.2,2748.0,55
2018-03-19,2747.8,2750.8,2692.4,2714.6,1279
2018-03-20,2715.0,2724.4,2708.4,2716.6,1274
2018-03-21,2716.6,2738.8,2707.8,2714.0,1102
2018-03-22,2714.0,2721.6,2629.6,2634.4,1290
2018-03-23,2634.0,2654.0,2581.4,2591.8,1294
2018-03-25,2590.4,2600.0,2586.4,2589.8,60
2018-03-26,2589.8,2658.6,2589.4,2656.0,1337
2018-03-27,2655.8,2675.0,2591.6,2610.0,1323
2018-03-28,2610.0,2629.0,2588.6,2608.2,1357
2018-03-29,2608.4,2655.0,2596.6,2632.2,1279
2018-04-01,2629.0,2637.0,2628.6,2632.6,58
2018-04-02,2632.6,2637.0,2547.6,2575.0,1285
2018-04-03,2575.0,2614.2,2569.2,2607.4,1292
2018-04-04,2607.2,2646.4,2555.2,2646.0,1316
2018-04-05,2645.8,2668.0,2627.2,2627.4,1290
2018-04-06,2627.4,2652.4,2580.4,2600.6,1284
2018-04-08,2607.2,2612.6,2605.4,2608.6,47
2018-04-09,2609.0,2649.8,2605.2,2610.0,1347
2018-04-10,2609.6,2662.2,2608.6,2648.2,1349
2018-04-11,2648.4,2657.2,2622.2,2641.8,1223
2018-04-12,2641.6,2671.2,2635.8,2650.4,1301
2018-04-13,2650.2,2676.4,2641.0,2655.4,1204
2018-04-15,2670.8,2673.6,2668.0,2671.2,53
2018-04-16,2671.2,2683.4,2657.0,2678.6,1265
2018-04-17,2678.2,2710.2,2677.2,2703.2,1222
2018-04-18,2703.2,2714.8,2700.4,2708.0,1168
2018-04-19,2708.0,2709.6,2678.4,2689.6,1100
2018-04-20,2689.6,2694.6,2656.4,2667.4,1206
2018-04-22,2677.0,2679.8,2673.6,2674.8,58
2018-04-23,2674.6,2679.6,2654.0,2669.4,1217
2018-04-24,2669.6,2685.4,2612.8,2634.2,1182
2018-04-25,2634.2,2651.0,2608.0,2647.8,1276
2018-04-26,2647.8,2674.2,2636.2,2670.0,1253
2018-04-27,2670.4,2672.8,2654.6,2668.2,1143
2018-04-29,2667.2,2675.8,2666.8,2671.8,27
2018-04-30,2672.0,2678.8,2638.2,2639.4,1113
2018-05-01,2639.0,2654.6,2619.8,2652.6,1112
2018-05-02,2652.6,2655.4,2621.0,2626.4,1222
2018-05-03,2626.0,2632.8,2588.0,2629.4,1152
2018-05-04,2629.4,2666.2,2609.2,2660.0,1215
2018-05-06,2659.2,2664.2,2658.2,2662.8,48
2018-05-07,2663.0,2678.2,2659.2,2664.4,1216
2018-05-08,2664.8,2671.4,2649.4,2668.6,1131
2018-05-09,2668.8,2697.2,2663.8,2693.6,1124
2018-05-10,2693.2,2722.0,2690.2,2716.0,1116
2018-05-11,2715.8,2729.8,2714.0,2725.8,1070
2018-05-13,2728.4,2733.4,2727.8,2732.0,40
2018-05-14,2732.0,2738.6,2722.0,2728.0,1023
2018-05-15,2728.2,2728.6,2698.4,2704.4,1113
2018-05-16,2704.4,2725.6,2702.4,2721.8,1133
2018-05-17,2722.0,2730.4,2709.0,2720.0,1081
2018-05-18,2719.8,2725.0,2707.4,2710.8,1073
2018-05-20,2729.6,2734.6,2727.0,2727.0,53
2018-05-21,2727.2,2737.6,2723.0,2730.8,1000
2018-05-22,2730.6,2740.2,2720.2,2724.4,890
2018-05-23,2724.2,2731.4,2703.2,2729.0,1160
2018-05-24,2729.0,2732.0,2704.4,2726.6,1146
2018-05-25,2726.6,2736.0,2712.4,2719.8,1110
2018-05-27,2728.0,2728.0,2725.0,2725.2,48
2018-05-28,2725.0,2730.6,2717.2,2721.8,896
2018-05-29,2721.6,2722.2,2674.2,2689.4,1208
2018-05-30,2689.6,2728.2,2684.8,2720.0,1236
2018-05-31,2720.0,2727.4,2698.8,2706.8,1137
2018-06-01,2706.8,2736.0,2706.4,2734.0,1097
2018-06-03,2729.0,2732.2,2728.6,2728.8,42
2018-06-04,2729.0,2748.6,2728.4,2744.2,1082
2018-06-05,2744.0,2752.6,2738.6,2750.4,1038
2018-06-06,2750.4,2774.2,2747.8,2771.4,973
2018-06-07,2771.2,2779.2,2759.8,2770.8,1039
2018-06-08,2770.8,2779.6,2751.8,2779.0,1117
2018-06-10,2771.8,2774.0,2770.6,2772.4,43
2018-06-11,2772.2,2790.4,2770.6,2785.4,1135
2018-06-12,2785.2,2789.6,2778.4,2788.4,1267
2018-06-13,2788.4,2791.6,2774.6,2777.2,988
2018-06-14,2777.0,2789.8,2768.0,2782.8,1084
2018-06-15,2782.8,2784.4,2761.8,2777.2,1073
2018-06-17,2775.8,2783.0,2775.6,2782.2,36
2018-06-18,2782.0,2782.0,2757.8,2774.4,1047
2018-06-19,2774.4,2774.8,2732.4,2760.6,1268
2018-06-20,2760.6,2774.8,2753.6,2768.6,1175
2018-06-21,2768.8,2781.6,2743.6,2748.6,1217
2018-06-22,2748.8,2764.8,2747.2,2753.4,926
2018-06-24,2753.4,2754.4,2750.6,2753.4,41
2018-06-25,2753.6,2754.4,2697.2,2719.4,1254
2018-06-26,2719.8,2731.8,2711.4,2723.8,1274
2018-06-27,2723.8,2744.4,2697.6,2703.4,1263
2018-06-28,2703.8,2722.8,2690.0,2715.0,1318
2018-06-29,2714.8,2742.0,2713.6,2717.6,1256
2018-07-01,2720.4,2721.8,2709.4,2719.0,53
2018-07-02,2718.8,2725.0,2695.4,2722.4,1271
2018-07-03,2722.4,2738.0,2707.6,2709.8,1076
2018-07-04,2709.8,2721.0,2708.8,2716.6,971
2018-07-05,2716.4,2736.4,2709.4,2731.4,1247
2018-07-06,2731.2,2763.4,2728.0,2759.8,1209
2018-07-08,2760.4,2762.4,2760.4,2761.4,24
2018-07-09,2761.4,2787.6,2760.4,2787.4,1094
2018-07-10,2787.4,2795.0,2770.1,2770.4,1156
2018-07-11,2770.6,2785.0,2763.2,2773.0,1294
2018-07-12,2773.2,2798.2,2772.0,2795.6,1146
2018-07-13,2796.0,2804.6,2790.6,2801.4,1067
2018-07-15,2804.6,2806.2,2803.0,2805.4,43
2018-07-16,2805.4,2806.2,2791.6,2794.0,1046
2018-07-17,2793.8,2813.2,2787.2,2811.8,1087
2018-07-18,2811.8,2815.4,2804.2,2813.0,960
2018-07-19,2813.0,2815.2,2797.8,2803.4,1105
2018-07-20,2803.6,2808.0,2790.4,2800.8,1128
2018-07-22,2803.0,2803.0,2801.0,2801.6,13
2018-07-23,2802.4,2810.2,2790.2,2809.4,1023
2018-07-24,2809.6,2828.6,2808.8,2815.6,1063
2018-07-25,2815.4,2846.8,2811.6,2833.8,1048
2018-07-26,2833.8,2844.0,2830.8,2838.2,1092
2018-07-27,2838.2,2844.4,2806.4,2815.0,999
2018-07-29,2814.4,2815.2,2810.6,2813.4,36
2018-07-30,2813.2,2819.2,2796.2,2804.4,1045
2018-07-31,2804.2,2825.2,2800.4,2811.2,1054
2018-08-01,2811.0,2823.2,2803.4,2811.8,1090
2018-08-02,2811.8,2828.8,2788.8,2827.0,1134
2018-08-03,2827.2,2839.0,2822.4,2838.6,954
2018-08-05,2839.8,2839.8,2838.0,2838.2,22
2018-08-06,2838.4,2850.8,2832.8,2846.8,915
2018-08-07,2846.6,2861.4,2846.6,2856.6,813
2018-08-08,2856.8,2860.2,2850.6,2852.6,797
2018-08-09,2852.2,2860.6,2847.6,2848.4,794
2018-08-10,2848.4,2850.4,2824.2,2837.4,1053
2018-08-12,2831.6,2831.8,2826.2,2830.2,45
2018-08-13,2829.8,2842.4,2818.6,2826.8,1211
2018-08-14,2826.4,2842.2,2825.2,2839.4,1121
2018-08-15,2839.8,2841.2,2801.8,2820.2,1076
2018-08-16,2820.6,2850.4,2815.8,2841.8,1144
2018-08-17,2841.6,2856.0,2834.0,2852.2,1069
2018-08-19,2852.0,2854.0,2851.4,2853.8,35
2018-08-20,2853.8,2859.8,2849.2,2855.8,835
2018-08-21,2856.0,2873.0,2848.6,2849.0,774
2018-08-22,2849.2,2867.2,2845.4,2862.8,925
2018-08-23,2862.4,2868.8,2854.0,2857.0,834
2018-08-24,2857.2,2876.6,2855.4,2875.8,797
2018-08-26,2877.0,2880.0,2876.4,2879.6,24
2018-08-27,2879.8,2900.2,2879.4,2900.2,642
2018-08-28,2899.8,2905.4,2893.6,2900.8,706
2018-08-29,2900.8,2916.6,2897.2,2915.0,734
2018-08-30,2914.6,2915.0,2895.2,2897.0,847
2018-08-31,2897.2,2906.6,2891.2,2905.8,946
2018-09-02,2905.8,2906.0,2904.4,2905.2,25
2018-09-03,2904.6,2911.4,2901.6,2907.2,540
2018-09-04,2907.4,2911.2,2885.6,2897.6,961
2018-09-05,2897.0,2900.0,2877.4,2886.8,1007
2018-09-06,2886.8,2892.6,2867.6,2878.6,1129
2018-09-07,2878.8,2884.8,2865.0,2872.8,1171
2018-09-09,2873.8,2876.8,2873.2,2876.0,25
2018-09-10,2875.8,2888.2,2873.4,2880.8,1097
2018-09-11,2880.6,2892.8,2867.4,2891.4,1021
2018-09-12,2891.6,2895.2,2879.8,2887.4,1053
2018-09-13,2887.6,2907.0,2884.6,2905.2,1018
2018-09-14,2904.8,2912.2,2896.8,2906.2,1049
2018-09-16,2902.8,2903.2,2899.2,2900.6,36
2018-09-17,2900.4,2906.2,2878.4,2879.4,1039
2018-09-18,2879.2,2912.6,2879.2,2909.6,1179
2018-09-19,2909.4,2913.8,2901.0,2911.2,903
2018-09-20,2911.4,2935.8,2908.6,2934.4,905
2018-09-21,2934.8,2942.0,2927.2,2927.4,902
2018-09-23,2925.0,2925.0,2920.0,2921.6,46
2018-09-24,2921.4,2925.4,2912.8,2921.0,869
2018-09-25,2920.8,2929.2,2913.6,2917.8,791
2018-09-26,2917.8,2931.0,2902.8,2909.0,824
2018-09-27,2908.8,2927.2,2902.8,2917.0,977
2018-09-28,2917.2,2920.8,2903.4,2916.8,996
2018-09-30,2919.4,2922.2,2919.2,2921.2,38
2018-10-01,2923.8,2937.4,2918.4,2923.6,888
2018-10-02,2924.6,2931.4,2913.2,2924.6,1000
2018-10-03,2924.4,2940.2,2919.2,2920.6,1025
2018-10-04,2920.2,2921.0,2883.4,2904.2,1103
2018-10-05,2904.4,2911.2,2869.0,2890.8,1110
2018-10-07,2893.2,2893.8,2888.0,2890.0,51
2018-10-08,2890.2,2893.2,2861.8,2888.2,1225
2018-10-09,2888.6,2895.8,2870.4,2885.6,1178
2018-10-10,2885.8,2887.4,2767.8,2776.6,1240
2018-10-11,2776.8,2794.6,2708.8,2753.8,1364
2018-10-12,2754.2,2781.0,2728.6,2768.6,1302
2018-10-14,2765.4,2765.8,2752.8,2758.4,58
2018-10-15,2758.1,2774.8,2741.6,2746.4,1348
2018-10-16,2746.0,2814.6,2745.4,2811.2,1311
2018-10-17,2811.4,2820.6,2779.6,2806.8,1248
2018-10-18,2806.4,2809.0,2753.0,2769.8,1311
2018-10-19,2769.6,2796.4,2758.8,2764.2,1268
2018-10-21,2754.0,2758.8,2749.8,2753.6,60
2018-10-22,2753.8,2778.4,2746.2,2753.2,1337
2018-10-23,2753.4,2753.8,2688.8,2738.6,1329
2018-10-24,2739.0,2746.4,2648.8,2669.2,1343
2018-10-25,2669.4,2720.0,2655.4,2676.2,1360
2018-10-26,2676.0,2688.8,2624.0,2659.2,1303
2018-10-28,2664.2,2678.6,2663.0,2673.8,53
2018-10-29,2673.4,2703.4,2599.8,2635.8,1272
2018-10-30,2635.8,2686.8,2630.0,2683.0,1349
2018-10-31,2682.8,2733.8,2678.4,2707.4,1330
2018-11-01,2707.6,2737.8,2704.0,2725.6,1295
2018-11-02,2725.8,2762.8,2696.4,2719.2,1269
2018-11-05,2718.2,2740.8,2709.6,2736.8,1295
2018-11-06,2736.0,2757.8,2726.6,2755.6,1283
2018-11-07,2753.6,2814.6,2741.8,2814.2,1348
2018-11-08,2812.8,2815.2,2792.2,2803.2,1259
2018-11-09,2801.4,2808.4,2762.0,2776.0,1314
2018-11-12,2775.4,2792.6,2720.0,2727.8,1328
2018-11-13,2729.0,2753.2,2712.4,2726.4,1344
2018-11-14,2728.4,2746.0,2684.2,2699.0,1349
2018-11-15,2697.4,2734.6,2669.2,2730.8,1354
2018-11-16,2728.0,2747.0,2706.6,2740.4,1331
2018-11-19,2731.4,2746.4,2680.0,2695.6,1284
2018-11-20,2694.4,2695.0,2630.2,2635.6,1348
2018-11-21,2636.2,2669.6,2630.8,2647.6,1337
2018-11-22,2648.4,2654.6,2625.6,2631.2,1072
2018-11-23,2633.4,2645.8,2624.8,2627.8,1116
2018-11-26,2630.6,2674.4,2630.2,2659.8,1297
2018-11-27,2659.4,2685.2,2653.8,2684.4,1328
2018-11-28,2685.6,2743.2,2679.6,2739.8,1277
2018-11-29,2736.0,2753.4,2722.0,2740.6,1277
2018-11-30,2740.0,2763.6,2727.8,2762.8,1271
2018-12-03,2795.0,2812.6,2772.6,2789.2,1322
2018-12-04,2788.4,2788.6,2695.0,2700.4,1326
2018-12-05,2699.2,2719.6,2697.2,2716.8,884
2018-12-06,2711.4,2711.4,2620.4,2694.0,1362
2018-12-07,2694.4,2709.0,2622.8,2636.0,1343
2018-12-10,2627.2,2647.8,2582.6,2640.6,1348
2018-12-11,2642.2,2677.4,2620.8,2631.0,1350
2018-12-12,2632.4,2685.8,2632.4,2649.2,1345
2018-12-13,2652.8,2670.4,2636.8,2643.8,1330
2018-12-14,2646.2,2648.2,2594.0,2596.4,1330
2018-12-17,2593.4,2613.4,2530.8,2553.8,1284
2018-12-18,2553.8,2574.8,2528.2,2530.8,1348
2018-12-19,2532.0,2587.4,2488.4,2501.2,1319
2018-12-20,2504.6,2516.6,2443.0,2486.6,1361
2018-12-21,2484.6,2506.4,2408.2,2419.8,1355
2018-12-24,2404.6,2433.0,2339.4,2340.6,1136
2018-12-26,2347.0,2476.4,2315.6,2466.2,1364
2018-12-27,2469.0,2497.0,2396.0,2487.6,1358
2018-12-28,2490.4,2521.0,2471.6,2486.4,1360
2018-12-31,2501.0,2511.6,2481.6,2507.0,1306
2019-01-02,2505.6,2519.8,2451.4,2490.4,1351
2019-01-03,2478.4,2492.0,2442.2,2450.0,1360
2019-01-04,2448.0,2538.0,2437.4,2528.6,1363
2019-01-07,2533.2,2566.2,2522.8,2552.0,1349
2019-01-08,2553.4,2579.8,2546.6,2570.2,1320
2019-01-09,2568.0,2595.6,2567.8,2580.2,1330
2019-01-10,2578.4,2598.2,2559.6,2593.8,1337
2019-01-11,2592.6,2596.6,2576.4,2594.4,1295
2019-01-14,2590.2,2590.2,2566.6,2580.8,1271
2019-01-15,2580.0,2612.6,2579.2,2605.2,1310
2019-01-16,2604.0,2625.2,2601.8,2614.6,1278
2019-01-17,2614.0,2644.4,2595.4,2637.2,1301
2019-01-18,2635.2,2676.4,2631.8,2675.6,1284
2019-01-21,2672.0,2672.0,2655.0,2662.4,1010
2019-01-22,2662.2,2665.2,2615.8,2632.6,1276
2019-01-23,2630.0,2652.8,2612.0,2637.0,1303
2019-01-24,2635.4,2646.4,2625.2,2636.2,1318
2019-01-25,2635.4,2671.4,2633.8,2664.8,1265
2019-01-28,2660.2,2662.4,2621.4,2640.2,1291
2019-01-29,2639.0,2648.8,2627.6,2645.4,1281
2019-01-30,2648.2,2688.8,2635.6,2682.8,1278
2019-01-31,2681.2,2712.0,2675.2,2710.8,1296
2019-02-01,2707.2,2714.8,2694.4,2703.8,1299
2019-02-04,2698.2,2724.0,2696.0,2719.8,1225
2019-02-05,2718.6,2736.8,2715.6,2731.2,1092
2019-02-06,2730.2,2735.6,2721.6,2727.4,1165
2019-02-07,2726.0,2728.4,2684.8,2702.4,1187
2019-02-08,2701.0,2708.2,2680.2,2707.4,1273
2019-02-11,2711.0,2721.0,2700.0,2707.8,1219
2019-02-12,2707.0,2747.2,2705.2,2744.6,1209
2019-02-13,2743.4,2761.0,2742.2,2749.0,1162
2019-02-14,2749.0,2762.2,2730.0,2741.2,1248
2019-02-15,2739.4,2777.6,2728.2,2777.0,1266
2019-02-18,2781.0,2781.0,2772.8,2777.4,957
2019-02-19,2776.2,2786.6,2765.6,2777.6,1155
2019-02-20,2776.6,2790.2,2772.8,2786.4,1170
2019-02-21,2785.6,2797.4,2763.8,2774.0,1241
2019-02-22,2772.4,2795.0,2770.4,2795.0,1179
2019-02-25,2799.0,2813.2,2794.2,2795.0,1153
2019-02-26,2795.2,2803.0,2783.0,2789.0,1205
2019-02-27,2787.6,2796.6,2774.8,2796.2,1047
2019-02-28,2794.8,2795.4,2781.6,2786.8,1139
2019-03-01,2785.0,2808.0,2782.8,2806.4,1092
2019-03-04,2813.0,2819.2,2767.0,2790.8,1089
2019-03-05,2790.0,2798.4,2783.2,2788.4,1203
2019-03-06,2786.2,2792.2,2768.4,2771.4,1068
2019-03-07,2769.8,2776.0,2738.6,2749.8,1124
2019-03-08,2748.2,2751.2,2722.0,2748.6,1241
2019-03-10,2743.6,2745.8,2742.6,2744.6,47
2019-03-11,2744.6,2793.8,2737.0,2793.6,1159
2019-03-12,2793.4,2798.2,2780.6,2791.4,1095
2019-03-13,2791.6,2821.4,2783.4,2818.0,1163
2019-03-14,2818.2,2820.2,2804.0,2809.2,1161
2019-03-15,2809.6,2831.8,2807.8,2825.4,1075
2019-03-17,2823.6,2824.2,2821.4,2821.6,36
2019-03-18,2821.4,2838.6,2819.6,2837.4,1039
2019-03-19,2837.0,2854.2,2824.4,2829.6,988
2019-03-20,2829.4,2844.8,2813.0,2821.6,1122
2019-03-21,2821.8,2861.4,2809.4,2856.8,1187
2019-03-22,2856.4,2860.2,2801.0,2803.0,1162
2019-03-24,2809.8,2813.8,2804.8,2806.8,52
2019-03-25,2807.0,2810.8,2785.4,2802.0,1264
2019-03-26,2802.0,2830.6,2801.8,2816.0,1229
2019-03-27,2816.0,2827.4,2787.8,2801.4,1259
2019-03-28,2801.2,2820.0,2791.0,2817.4,1253
2019-03-29,2817.2,2836.8,2817.0,2835.6,1162
2019-03-31,2842.2,2849.2,2841.8,2846.8,45
2019-04-01,2846.6,2869.2,2845.4,2864.6,1184
2019-04-02,2864.6,2869.6,2858.4,2863.8,1097
2019-04-03,2863.6,2885.2,2861.6,2875.4,1125
2019-04-04,2875.8,2881.8,2867.2,2877.4,1189
2019-04-05,2877.2,2894.2,2876.8,2894.0,1042
2019-04-07,2894.2,2894.4,2892.4,2893.6,42
2019-04-08,2893.4,2895.8,2880.6,2894.0,1075
2019-04-09,2894.0,2896.2,2873.6,2878.4,991
2019-04-10,2878.2,2893.2,2874.6,2892.0,1054
2019-04-11,2892.2,2896.2,2882.0,2890.0,1074
2019-04-12,2889.8,2911.2,2888.2,2908.4,1023
2019-04-14,2909.2,2910.2,2907.0,2907.0,41
2019-04-15,2907.2,2911.0,2897.4,2907.0,884
2019-04-16,2907.4,2917.6,2901.6,2905.8,1023
2019-04-17,2906.0,2920.0,2895.4,2899.2,963
2019-04-18,2899.6,2908.4,2886.4,2907.6,1071
2019-04-21,2905.0,2912.4,2905.0,2909.6,48
2019-04-22,2909.8,2911.8,2895.8,2910.2,963
2019-04-23,2910.6,2936.6,2905.0,2935.2,987
2019-04-24,2935.4,2936.6,2924.8,2928.8,1034
2019-04-25,2928.8,2932.6,2911.4,2921.2,1012
2019-04-26,2921.4,2939.6,2914.6,2936.2,1069
2019-04-28,2936.8,2939.2,2936.6,2938.2,30
2019-04-29,2938.4,2948.4,2934.8,2939.4,905
2019-04-30,2939.2,2953.4,2923.2,2950.6,996
2019-05-01,2950.4,2958.2,2912.8,2916.6,857
2019-05-02,2917.0,2929.8,2898.2,2916.6,1154
2019-05-03,2917.0,2946.6,2913.4,2946.4,984
2019-05-05,2904.4,2907.2,2891.0,2906.2,60
2019-05-06,2905.6,2935.6,2881.2,2913.0,1289
2019-05-07,2913.2,2928.0,2860.0,2884.8,1235
2019-05-08,2884.8,2896.6,2866.2,2882.2,1252
2019-05-09,2882.0,2882.6,2834.0,2863.6,1285
2019-05-10,2864.2,2890.4,2823.8,2884.8,1286
2019-05-12,2858.6,2866.4,2858.2,2860.8,57
2019-05-13,2860.8,2862.8,2797.8,2805.4,1255
2019-05-14,2805.4,2851.8,2801.2,2839.2,1230
2019-05-15,2838.8,2858.0,2813.2,2850.8,1245
2019-05-16,2851.2,2892.4,2838.4,2878.4,1248
2019-05-17,2878.0,2885.8,2850.8,2859.8,1215
2019-05-19,2861.2,2865.6,2861.2,2863.8,55
2019-05-20,2863.6,2875.2,2831.4,2847.8,1261
2019-05-21,2848.2,2869.4,2845.0,2866.4,1186
2019-05-22,2866.0,2868.4,2847.0,2855.6,1173
2019-05-23,2855.0,2855.4,2804.6,2819.0,1242
2019-05-24,2819.0,2840.6,2819.0,2830.0,1162
2019-05-26,2830.4,2832.2,2828.0,2831.6,40
2019-05-27,2831.4,2837.4,2825.2,2833.0,911
2019-05-28,2833.2,2840.2,2799.6,2804.4,1247
2019-05-29,2804.2,2805.2,2765.4,2784.0,1296
2019-05-30,2784.0,2797.8,2775.8,2788.6,1221
2019-05-31,2788.8,2789.6,2749.8,2752.2,1269
2019-06-02,2742.8,2743.6,2731.8,2734.8,59
2019-06-03,2734.8,2763.2,2728.4,2752.2,1322
2019-06-04,2752.4,2812.8,2743.6,2807.8,1311
2019-06-05,2807.4,2828.8,2801.0,2818.8,1254
2019-06-06,2818.4,2852.8,2817.0,2839.0,1195
2019-06-07,2838.8,2886.0,2838.8,2877.2,1073
2019-06-09,2894.2,2896.0,2888.2,2890.0,51
2019-06-10,2889.6,2905.6,2880.6,2889.2,1158
2019-06-11,2888.8,2911.4,2879.4,2886.4,1079
2019-06-12,2886.0,2890.8,2875.6,2884.6,1108
2019-06-13,2884.6,2896.4,2867.4,2892.4,1192
2019-06-14,2892.6,2898.6,2880.4,2891.8,1091
2019-06-16,2891.4,2894.6,2891.0,2894.2,38
2019-06-17,2893.8,2900.6,2887.8,2892.8,879
2019-06-18,2893.2,2931.6,2884.6,2921.6,1051
2019-06-19,2921.8,2932.8,2910.4,2932.4,1045
2019-06-20,2932.2,2959.2,2931.0,2951.4,1098
2019-06-21,2951.0,2964.6,2943.0,2943.6,1142
2019-06-23,2944.8,2951.4,2944.6,2951.0,47
2019-06-24,2951.4,2956.8,2944.2,2947.4,1021
2019-06-25,2948.0,2953.4,2915.6,2920.2,1134
2019-06-26,2920.4,2934.2,2909.6,2911.0,1113
2019-06-27,2910.6,2932.4,2910.6,2931.0,1047
2019-06-28,2930.8,2950.6,2925.4,2949.0,960
2019-06-30,2965.2,2972.8,2964.0,2967.0,49
2019-07-01,2967.6,2977.0,2951.4,2959.2,1073
2019-07-02,2958.8,2975.2,2954.2,2973.4,1016
2019-07-03,2973.2,2998.6,2969.4,2996.2,794
2019-07-04,2995.8,2999.4,2992.8,2998.6,616
2019-07-05,2998.4,2999.8,2967.2,2987.6,885
2019-07-07,2989.6,2990.0,2987.6,2988.0,28
2019-07-08,2988.0,2988.4,2969.2,2974.6,1013
2019-07-09,2975.0,2982.0,2959.4,2977.6,1001
2019-07-10,2977.2,3003.8,2967.2,2994.8,1017
2019-07-11,2994.4,3002.8,2988.4,2999.8,966
2019-07-12,2999.4,3013.8,2998.4,3010.2,874
2019-07-14,3010.6,3012.8,3010.4,3011.2,24
2019-07-15,3011.2,3019.8,3007.0,3013.2,892
2019-07-16,3013.6,3017.8,3000.4,3002.6,958
2019-07-17,3002.6,3008.8,2976.8,2979.2,928
2019-07-18,2979.0,3005.4,2971.0,2993.2,1083
2019-07-19,2993.4,3006.0,2966.0,2967.0,1048
2019-07-21,2971.0,2974.0,2969.0,2973.6,44
2019-07-22,2974.0,2989.6,2970.6,2985.2,981
2019-07-23,2985.0,3004.8,2984.2,3000.8,924
2019-07-24,3000.6,3018.6,2992.8,3015.6,930
2019-07-25,3016.0,3024.2,2994.6,3003.6,953
2019-07-26,3004.0,3025.6,3003.6,3019.6,839
2019-07-28,3020.2,3022.4,3020.2,3020.8,28
2019-07-29,3020.6,3023.8,3011.8,3021.2,852
2019-07-30,3021.2,3023.8,2998.0,3012.4,1083
2019-07-31,3012.6,3017.2,2954.8,2970.0,1120
2019-08-01,2969.6,3010.8,2939.0,2941.8,1204
2019-08-02,2941.8,2957.8,2910.0,2931.2,1245
2019-08-04,2924.0,2928.2,2922.6,2926.0,56
2019-08-05,2925.8,2930.0,2780.0,2784.4,1320
2019-08-06,2784.0,2880.4,2772.8,2869.4,1346
2019-08-07,2869.2,2888.0,2820.0,2879.4,1325
2019-08-08,2879.8,2937.4,2867.4,2921.2,1323
2019-08-09,2921.4,2932.4,2896.4,2920.6,1220
2019-08-11,2920.0,2923.6,2917.4,2917.8,52
2019-08-12,2917.8,2928.0,2870.4,2881.6,1251
2019-08-13,2881.4,2941.8,2864.4,2929.8,1294
2019-08-14,2930.2,2934.0,2831.6,2833.0,1312
2019-08-15,2833.4,2868.6,2815.4,2853.8,1335
2019-08-16,2854.0,2892.8,2847.8,2889.8,1229
2019-08-18,2895.2,2905.2,2893.6,2901.8,52
2019-08-19,2901.4,2930.4,2899.0,2920.8,1174
2019-08-20,2920.6,2930.4,2891.4,2897.4,1196
2019-08-21,2897.0,2937.0,2895.0,2934.0,1110
2019-08-22,2934.0,2938.0,2902.6,2920.0,1184
2019-08-23,2920.2,2935.0,2832.6,2849.6,1150
2019-08-25,2826.6,2826.6,2808.8,2820.0,60
2019-08-26,2820.0,2886.6,2817.2,2879.4,1319
2019-08-27,2879.6,2897.8,2859.0,2871.0,1274
2019-08-28,2871.2,2889.0,2850.4,2884.8,1251
2019-08-29,2884.6,2929.2,2874.2,2922.2,1215
2019-08-30,2922.6,2945.2,2912.0,2922.2,1154
2019-09-01,2893.7,2906.4,2893.7,2906.2,54
2019-09-02,2906.0,2925.0,2888.0,2905.8,1019
2019-09-03,2906.0,2914.2,2889.8,2905.6,1272
2019-09-04,2905.4,2938.4,2901.0,2937.6,1174
2019-09-05,2937.4,2985.6,2936.2,2973.2,1185
2019-09-06,2973.0,2987.2,2971.4,2982.2,1111
2019-09-08,2982.0,2984.6,2981.2,2982.6,42
2019-09-09,2983.0,2991.2,2968.8,2981.0,1029
2019-09-10,2981.2,2984.2,2956.8,2975.8,1118
2019-09-11,2975.8,3003.6,2971.6,3001.2,1108
2019-09-12,3001.6,3021.2,3001.0,3013.6,1144
2019-09-13,3013.2,3023.2,3003.8,3007.2,907
2019-09-15,2987.0,2997.6,2985.2,2994.2,59
2019-09-16,2994.6,3004.6,2981.2,3002.6,1195
2019-09-17,3002.4,3006.4,2991.4,3005.4,1094
2019-09-18,3005.0,3009.8,2978.6,3006.4,877
2019-09-19,3006.8,3021.8,2988.8,3007.8,1072
2019-09-20,3007.8,3015.2,2982.8,2986.8,1008
2019-09-22,2999.6,3005.6,2996.2,3002.2,51
2019-09-23,3002.2,3003.6,2979.6,3000.8,1082
2019-09-24,3001.0,3009.8,2956.2,2969.8,1076
2019-09-25,2970.2,2989.2,2951.4,2984.2,1162
2019-09-26,2983.8,2992.8,2962.2,2978.6,1100
2019-09-27,2979.0,2990.2,2944.0,2966.0,1105
2019-09-29,2975.8,2977.8,2963.6,2965.0,46
2019-09-30,2965.2,2984.6,2962.6,2981.0,1110
2019-10-01,2980.8,2991.8,2935.0,2981.0,1121
2019-10-02,2942.8,2946.4,2871.8,2884.2,1192
2019-10-03,2884.4,2910.0,2853.0,2906.6,1255
2019-10-04,2906.6,2951.0,2896.0,2948.8,1134
2019-10-06,2929.2,2938.8,2928.2,2938.8,49
2019-10-07,2938.6,2957.2,2931.8,2934.8,1176
2019-10-08,2934.2,2947.6,2887.0,2888.0,1183
2019-10-09,2887.8,2932.4,2879.8,2883.2,1242
2019-10-10,2883.6,2955.4,2881.2,2946.0,1316
2019-10-11,2945.8,2992.0,2940.0,2969.0,1204
2019-10-13,2967.2,2977.2,2966.8,2975.8,49
2019-10-14,2976.0,2980.4,2952.2,2967.4,1185
2019-10-15,2967.8,3001.2,2965.8,2993.8,1130
2019-10-16,2993.4,2995.4,2983.0,2987.2,1155
2019-10-17,2987.2,3005.8,2983.4,2995.0,1088
2019-10-18,2995.2,2999.2,2973.6,2987.8,1083
2019-10-21,2988.2,3005.8,2988.0,3003.8,979
2019-10-22,3003.6,3012.0,2986.6,2991.0,1007
2019-10-23,2991.2,3007.8,2980.4,3005.8,1111
2019-10-24,3006.4,3013.4,2997.2,3001.4,1008
2019-10-25,3001.6,3024.6,2998.4,3018.4,941
2019-10-27,3022.4,3024.0,3021.0,3022.6,32
2019-10-28,3022.6,3041.0,3021.2,3035.6,888
2019-10-29,3035.2,3044.4,3028.2,3034.0,885
2019-10-30,3033.6,3053.2,3021.6,3047.0,931
2019-10-31,3047.4,3049.6,3018.6,3032.0,1067
2019-11-01,3031.6,3063.2,3031.6,3061.8,965
2019-11-04,3064.6,3082.0,3063.2,3074.8,953
2019-11-05,3075.6,3083.8,3068.2,3070.2,1017
2019-11-06,3070.2,3076.4,3061.6,3075.8,983
2019-11-07,3076.2,3095.4,3068.8,3084.2,976
2019-11-08,3085.2,3090.8,3071.4,3090.4,1017
2019-11-11,3090.0,3090.8,3073.2,3086.4,949
2019-11-12,3086.6,3100.6,3080.0,3089.2,1054
2019-11-13,3090.2,3095.6,3074.6,3095.0,1084
2019-11-14,3095.0,3098.4,3080.8,3096.6,1168
2019-11-15,3095.2,3118.4,3095.0,3118.2,1059
2019-11-18,3116.8,3126.6,3110.4,3121.0,983
2019-11-19,3120.2,3131.4,3112.0,3116.0,1042
2019-11-20,3114.8,3117.6,3090.0,3107.8,1166
2019-11-21,3093.8,3113.6,3090.4,3103.4,1225
2019-11-22,3102.6,3113.6,3097.0,3111.0,1076
2019-11-25,3118.0,3132.4,3116.0,3131.0,859
2019-11-26,3130.4,3144.0,3127.4,3143.4,987
2019-11-27,3143.0,3154.0,3141.2,3153.6,845
2019-11-28,3154.2,3154.2,3140.6,3149.4,639
2019-11-29,3150.2,3151.0,3139.0,3143.0,786
2019-12-02,3147.2,3157.8,3110.2,3113.0,978
2019-12-03,3114.8,3122.0,3069.8,3091.8,1199
2019-12-04,3092.0,3119.4,3082.0,3111.2,1193
2019-12-05,3110.4,3124.0,3102.8,3117.2,1172
2019-12-06,3117.2,3150.4,3116.6,3145.8,981
2019-12-09,3147.1,3149.4,3131.4,3132.8,928
2019-12-10,3133.8,3143.0,3116.6,3137.0,1063
2019-12-11,3135.4,3144.6,3130.0,3144.4,1067
2019-12-12,3143.8,3177.2,3137.4,3169.4,1010
2019-12-13,3175.4,3184.8,3156.4,3172.0,1196
2019-12-16,3176.0,3198.6,3173.8,3193.6,1016
2019-12-17,3192.8,3199.2,3188.0,3190.2,1072
2019-12-18,3193.4,3203.0,3192.4,3199.4,826
2019-12-19,3200.2,3214.0,3194.6,3213.0,844
2019-12-20,3212.4,3229.2,3208.4,3224.4,904
2019-12-23,3225.6,3234.4,3225.0,3228.4,724
2019-12-24,3228.6,3231.4,3222.8,3226.2,454
2019-12-26,3227.8,3244.8,3227.0,3242.4,539
2019-12-27,3241.8,3253.8,3235.6,3236.3,840
2019-12-30,3239.4,3244.6,3217.6,3223.6,951
2019-12-31,3223.2,3236.4,3213.6,3236.4,828
2020-01-02,3236.6,3261.8,3235.0,3261.8,1003
2020-01-03,3261.6,3263.4,3207.2,3235.6,1262
2020-01-06,3221.2,3250.4,3209.8,3243.8,1212
2020-01-07,3243.4,3255.0,3227.0,3233.6,1162
2020-01-08,3232.4,3268.2,3182.0,3261.0,1325
2020-01-09,3261.0,3277.0,3258.2,3275.6,974
2020-01-10,3277.2,3288.0,3262.0,3264.8,1020
2020-01-13,3275.0,3292.4,3270.0,3291.0,789
2020-01-14,3291.1,3297.8,3276.8,3289.0,1119
2020-01-15,3289.0,3300.4,3279.4,3295.2,1123
2020-01-16,3296.4,3319.4,3296.2,3319.0,1003
2020-01-17,3319.0,3331.8,3317.8,3325.2,936
2020-01-20,3326.2,3330.6,3320.8,3327.6,545
2020-01-21,3327.8,3332.2,3310.0,3322.0,1093
2020-01-22,3324.0,3339.8,3318.0,3319.8,991
2020-01-23,3318.6,3329.4,3304.2,3329.0,1128
2020-01-24,3328.9,3339.4,3283.2,3293.6,1002
2020-01-27,3269.0,3272.1,3236.3,3244.8,1284
2020-01-28,3242.7,3288.2,3242.7,3285.9,1248
2020-01-29,3286.1,3295.8,3268.9,3274.2,1145
2020-01-30,3273.8,3298.1,3243.2,3297.3,1331
2020-01-31,3294.7,3300.5,3216.0,3231.0,1314
2020-02-03,3230.0,3270.0,3227.6,3248.4,1319
2020-02-04,3245.0,3308.2,3239.2,3303.2,1254
2020-02-05,3301.6,3341.0,3291.4,3338.6,1242
2020-02-06,3340.8,3360.0,3335.0,3350.8,1238
2020-02-07,3350.8,3351.8,3322.8,3324.8,1232
2020-02-10,3324.0,3355.2,3305.8,3354.2,1241
2020-02-11,3353.1,3376.4,3351.6,3361.4,1075
2020-02-12,3362.2,3383.4,3358.0,3383.0,1045
2020-02-13,3382.0,3385.6,3349.8,3379.6,1196
2020-02-14,3379.4,3389.2,3366.2,3383.0,1076
2020-02-17,3384.9,3393.8,3384.0,3389.8,638
2020-02-18,3378.8,3380.0,3356.4,3372.5,1159
2020-02-19,3372.3,3394.4,3372.3,3388.8,1010
2020-02-20,3391.0,3398.2,3340.2,3368.5,1217
2020-02-21,3368.1,3369.9,3329.4,3339.1,1287
2020-02-24,3308.2,3312.7,3215.0,3229.2,1341
2020-02-25,3222.6,3260.7,3119.0,3139.5,1334
2020-02-26,3141.6,3183.4,3092.7,3101.5,1365
2020-02-27,3102.3,3118.1,2948.1,2948.1,1365
2020-02-28,2947.2,2996.7,2854.6,2989.4,1365
2020-03-02,2915.4,3094.6,2891.4,3072.2,1357
2020-03-03,3077.4,3138.3,2975.1,2992.2,1364
2020-03-04,2993.8,3130.4,2978.4,3111.6,1362
2020-03-05,3111.0,3115.4,2998.6,3024.6,1363
2020-03-06,3023.7,3038.3,2899.9,2964.4,1361
2020-03-08,2915.0,2915.0,2838.7,2857.2,6
2020-03-09,2846.2,2851.5,2697.1,2766.2,674
2020-03-10,2766.0,2886.2,2730.8,2838.8,1364
2020-03-11,2839.2,2846.7,2704.6,2768.8,1363
2020-03-12,2767.8,2768.5,2419.5,2462.4,1264
2020-03-13,2463.8,2707.3,2394.6,2663.8,1167
2020-03-15,2640.4,2652.4,2564.2,2567.4,29
2020-03-16,2380.0,2562.4,2362.6,2427.2,479
2020-03-17,2427.2,2554.6,2365.6,2459.1,1239
2020-03-18,2459.0,2467.0,2271.0,2447.0,858
2020-03-19,2447.2,2467.9,2283.4,2344.0,1365
2020-03-20,2344.0,2506.0,2267.2,2274.5,1305
2020-03-22,2224.6,2225.4,2181.1,2181.1,4
2020-03-23,2194.6,2392.3,2179.3,2263.3,1234
2020-03-24,2263.2,2476.6,2248.1,2463.4,1227
2020-03-25,2463.6,2567.0,2393.8,2480.4,1363
2020-03-26,2480.5,2632.6,2409.6,2610.4,1363
2020-03-27,2610.5,2638.7,2512.4,2525.8,1305
2020-03-29,2472.4,2503.8,2464.9,2477.8,60
2020-03-30,2477.9,2628.6,2473.0,2622.0,1365
2020-03-31,2621.8,2641.1,2542.4,2551.0,1364
2020-04-01,2551.4,2555.2,2440.0,2465.8,1363
2020-04-02,2466.0,2530.6,2430.5,2524.0,1363
2020-04-03,2523.8,2534.8,2455.0,2485.7,1304
2020-04-05,2504.7,2525.7,2504.7,2520.0,60
2020-04-06,2520.5,2674.2,2517.0,2644.8,1365
2020-04-07,2644.8,2753.2,2629.2,2639.6,1365
2020-04-08,2639.7,2757.2,2626.2,2738.5,1365
2020-04-09,2738.2,2814.2,2706.7,2789.5,1305
2020-04-12,2812.0,2813.2,2725.4,2755.8,60
2020-04-13,2755.9,2784.7,2716.8,2772.8,1365
2020-04-14,2772.8,2850.4,2758.0,2843.5,1361
2020-04-15,2843.4,2845.8,2756.8,2762.4,1361
2020-04-16,2762.4,2886.2,2753.4,2882.1,1361
2020-04-17,2882.0,2890.6,2826.8,2873.9,1304
2020-04-19,2864.2,2866.7,2848.2,2855.0,60
2020-04-20,2855.2,2881.0,2811.0,2829.1,1364
2020-04-21,2829.0,2839.0,2723.4,2745.1,1364
2020-04-22,2745.2,2813.3,2724.3,2787.4,1362
2020-04-23,2787.4,2842.6,2770.7,2776.5,1363
2020-04-24,2776.0,2841.0,2761.6,2834.8,1300
2020-04-26,2844.8,2848.8,2820.1,2822.3,60
2020-04-27,2823.1,2887.8,2821.4,2873.2,1356
2020-04-28,2872.7,2920.5,2858.2,2871.8,1364
2020-04-29,2871.8,2965.8,2868.5,2956.9,1364
2020-04-30,2957.0,2972.4,2861.0,2875.2,1363
2020-05-01,2875.0,2887.5,2820.0,2827.0,1296
2020-05-03,2793.7,2804.9,2784.4,2789.2,60
2020-05-04,2789.3,2843.6,2779.2,2835.8,1359
2020-05-05,2836.1,2897.6,2833.8,2876.7,1356
2020-05-06,2876.8,2894.2,2830.3,2833.8,1360
2020-05-07,2834.0,2901.8,2832.3,2894.8,1354
2020-05-08,2895.0,2939.3,2890.1,2937.0,1289
2020-05-10,2926.2,2934.9,2922.8,2933.1,60
2020-05-11,2933.2,2953.4,2896.6,2928.7,1354
2020-05-12,2928.6,2945.8,2839.8,2848.6,1360
2020-05-13,2848.3,2882.6,2792.6,2827.1,1363
2020-05-14,2827.2,2830.6,2802.0,2815.1,540
