date,open,high,low,close,m1_bars
2010-01-04,116.056,116.6,115.832,116.518,889
2010-01-05,116.533,117.121,116.454,116.963,861
2010-01-06,116.978,117.019,116.482,116.669,858
2010-01-07,116.699,116.88,116.394,116.626,791
2010-01-08,116.641,117.138,116.415,116.615,832
2010-01-11,116.623,116.977,116.54,116.801,758
2010-01-12,116.832,117.625,116.832,117.529,864
2010-01-13,117.56,117.622,117.014,117.03,828
2010-01-14,117.077,117.697,117.028,117.443,842
2010-01-15,117.458,118.189,117.427,118.014,834
2010-01-18,118.037,118.13,117.97,118.076,336
2010-01-19,118.042,118.242,117.642,117.858,852
2010-01-20,117.826,118.305,117.81,118.13,855
2010-01-21,118.098,118.624,117.855,118.574,913
2010-01-22,118.589,118.727,118.393,118.515,903
2010-01-25,118.413,118.516,118.187,118.387,831
2010-01-26,118.37,118.852,118.291,118.501,898
2010-01-27,118.469,118.901,118.176,118.191,850
2010-01-28,118.238,118.48,117.859,118.462,985
2010-01-29,118.446,119.032,117.937,118.938,975
2010-02-01,118.851,118.867,118.278,118.401,839
2010-02-02,118.416,118.597,118.207,118.515,847
2010-02-03,118.546,118.546,118.034,118.064,882
2010-02-04,118.095,118.932,118.044,118.759,896
2010-02-05,118.774,119.471,118.579,119.25,973
2010-02-08,119.226,119.257,118.918,119.231,895
2010-02-09,119.199,119.214,118.593,118.639,848
2010-02-10,118.654,118.914,118.221,118.345,911
2010-02-11,118.376,118.495,117.943,118.239,815
2010-02-12,118.223,118.686,118.191,118.542,852
2010-02-15,118.487,118.529,118.276,118.447,363
2010-02-16,118.428,118.811,118.186,118.7,833
2010-02-17,118.683,118.699,117.89,118.03,850
2010-02-18,118.045,118.242,117.392,117.47,850
2010-02-19,117.375,117.745,117.242,117.615,1004
2010-02-22,117.513,117.616,117.368,117.518,770
2010-02-23,117.502,118.48,117.435,118.384,777
2010-02-24,118.368,118.642,118.158,118.389,862
2010-02-25,118.372,118.96,118.309,118.894,831
2010-02-26,118.609,118.979,118.523,118.756,746
2010-03-01,118.619,118.909,118.567,118.781,745
2010-03-02,118.764,118.865,118.441,118.847,808
2010-03-03,118.831,118.871,118.491,118.819,735
2010-03-04,118.802,119.084,118.542,118.885,812
2010-03-05,118.869,118.991,118.149,118.43,726
2010-03-08,118.341,118.372,118.033,118.108,820
2010-03-09,118.123,118.526,118.123,118.38,744
2010-03-10,118.347,118.439,117.975,118.114,726
2010-03-11,118.129,118.222,117.838,117.975,796
2010-03-12,117.959,118.297,117.525,118.152,796
2010-03-14,118.143,118.143,118.095,118.095,7
2010-03-15,118.111,118.215,117.882,118.114,716
2010-03-16,118.146,118.672,117.966,118.591,725
2010-03-17,118.607,118.71,118.414,118.594,775
2010-03-18,118.61,118.748,118.204,118.266,761
2010-03-19,118.25,118.446,117.943,118.096,694
2010-03-22,118.146,118.502,118.019,118.405,663
2010-03-23,118.389,118.601,118.329,118.361,706
2010-03-24,118.376,118.423,116.994,117.102,891
2010-03-25,117.086,117.241,116.367,116.837,853
2010-03-26,116.821,117.126,116.593,117.078,890
2010-03-28,116.973,116.989,116.8,116.831,17
2010-03-29,116.847,117.123,116.735,116.929,773
2010-03-30,116.913,117.064,116.653,117.011,874
2010-03-31,117.027,117.398,116.91,117.204,890
2010-04-01,117.188,117.26,116.817,117.018,780
2010-04-02,117.002,117.31,116.3,116.316,309
2010-04-04,116.272,116.366,116.256,116.35,12
2010-04-05,116.366,116.381,115.773,116.023,746
2010-04-06,116.007,116.425,116.003,116.262,832
2010-04-07,116.278,116.992,116.223,116.896,749
2010-04-08,116.88,117.203,116.665,116.71,813
2010-04-09,116.726,116.904,116.482,116.856,676
2010-04-11,116.705,116.72,116.563,116.563,18
2010-04-12,116.578,117.308,116.48,117.117,790
2010-04-13,117.133,117.55,117.101,117.293,755
2010-04-14,117.278,117.522,117.03,117.045,733
2010-04-15,117.06,117.414,116.911,117.316,769
2010-04-16,117.331,118.094,117.292,117.902,777
2010-04-18,117.986,118.049,117.955,118.017,16
2010-04-19,118.033,118.222,117.565,117.627,850
2010-04-20,117.612,117.689,117.351,117.52,764
2010-04-21,117.536,117.966,117.375,117.917,779
2010-04-22,117.901,118.176,117.481,117.59,785
2010-04-23,117.605,117.711,117.047,117.232,796
2010-04-25,117.222,117.238,117.128,117.143,9
2010-04-26,117.128,117.513,117.013,117.32,817
2010-04-27,117.335,118.535,117.319,118.36,855
2010-04-28,118.376,118.622,117.627,117.782,1012
2010-04-29,117.766,118.117,117.571,118.052,760
2010-04-30,118.036,118.624,117.919,118.559,746
2010-05-02,118.439,118.439,118.344,118.376,14
2010-05-03,118.36,118.373,118.052,118.175,746
2010-05-04,118.159,118.921,118.142,118.853,845
2010-05-05,118.837,119.74,118.66,119.311,946
2010-05-06,119.327,121.64,118.961,120.476,979
2010-05-07,120.492,121.253,119.464,120.308,1160
2010-05-09,119.857,119.857,119.606,119.684,28
2010-05-10,119.7,119.841,118.909,119.436,1120
2010-05-11,119.42,120.089,119.223,119.675,1038
2010-05-12,119.659,119.923,119.193,119.27,922
2010-05-13,119.285,119.634,118.977,119.571,899
2010-05-14,119.586,120.519,119.489,120.155,921
2010-05-16,120.097,120.144,120.05,120.128,20
2010-05-17,120.144,120.722,119.819,119.943,1057
2010-05-18,119.927,121.091,119.748,121.028,1017
2010-05-19,121.044,121.117,120.456,120.592,1106
2010-05-20,120.607,121.915,120.529,121.771,1027
2010-05-21,121.755,122.515,121.344,121.461,1100
2010-05-23,121.434,121.528,121.418,121.434,16
2010-05-24,121.449,121.976,121.402,121.797,1026
2010-05-25,121.781,122.81,121.69,121.69,1128
2010-05-26,121.706,122.064,121.1,121.708,1112
2010-05-27,121.693,121.724,120.172,120.235,1043
2010-05-28,120.25,120.764,120.234,120.606,903
2010-05-30,120.607,120.623,120.56,120.56,8
2010-05-31,120.544,120.728,120.369,120.553,449
2010-06-01,120.568,121.32,120.537,120.86,980
2010-06-02,120.876,120.967,120.209,120.271,1032
2010-06-03,120.287,120.381,119.575,120.154,993
2010-06-04,120.138,121.548,120.025,121.406,910
2010-06-06,121.627,121.706,121.58,121.706,24
2010-06-07,121.69,121.982,121.167,121.824,1069
2010-06-08,121.84,121.947,121.461,121.597,996
2010-06-09,121.581,121.752,121.183,121.621,1004
2010-06-10,121.606,121.668,120.515,120.593,912
2010-06-11,120.577,121.388,120.561,121.215,902
2010-06-13,121.106,121.138,121.043,121.09,16
2010-06-14,121.106,121.106,120.425,120.958,892
2010-06-15,120.973,121.27,120.48,120.558,879
2010-06-16,120.542,121.135,120.494,120.912,851
2010-06-17,120.928,121.52,120.61,121.392,916
2010-06-18,121.408,121.499,121.026,121.103,870
2010-06-20,120.79,120.79,120.523,120.585,25
2010-06-21,120.601,121.02,120.394,120.908,1022
2010-06-22,120.924,121.64,120.719,121.53,877
2010-06-23,121.545,122.138,121.4,122.025,870
2010-06-24,122.041,122.414,121.784,121.861,877
2010-06-25,121.877,122.422,121.731,122.137,907
2010-06-27,122.217,122.248,122.154,122.154,19
2010-06-28,122.17,122.87,122.104,122.791,825
2010-06-29,122.806,123.306,122.711,123.223,1063
2010-06-30,123.239,123.442,122.841,123.263,986
2010-07-01,123.279,123.619,123.005,123.083,982
2010-07-02,123.067,123.362,122.702,122.904,904
2010-07-04,122.921,122.952,122.905,122.936,10
2010-07-05,122.952,123.309,122.856,123.164,464
2010-07-06,123.18,123.384,122.752,123.283,857
2010-07-07,123.298,123.405,122.883,122.915,841
2010-07-08,122.93,123.006,122.361,122.562,905
2010-07-09,122.547,122.699,122.369,122.462,801
2010-07-11,122.447,122.463,122.416,122.431,9
2010-07-12,122.447,122.85,122.398,122.534,894
2010-07-13,122.55,122.845,122.009,122.009,853
2010-07-14,121.993,122.803,121.946,122.755,887
2010-07-15,122.739,123.378,122.421,123.046,932
2010-07-16,123.061,123.904,123.026,123.808,856
2010-07-18,123.84,123.84,123.762,123.777,13
2010-07-19,123.793,123.884,123.379,123.566,829
2010-07-20,123.55,124.001,123.376,123.59,825
2010-07-21,123.606,124.196,123.445,124.007,882
2010-07-22,123.991,124.131,123.437,123.545,869
2010-07-23,123.56,123.715,123.068,123.115,845
2010-07-25,123.1,123.116,122.99,123.037,16
2010-07-26,123.053,123.254,122.781,123.14,851
2010-07-27,123.124,123.232,122.602,122.772,843
2010-07-28,122.788,123.33,122.628,123.282,865
2010-07-29,123.266,123.857,123.154,123.62,892
2010-07-30,123.635,124.274,123.635,124.177,927
2010-08-01,124.131,124.147,124.068,124.084,15
2010-08-02,124.1,124.1,123.748,123.795,869
2010-08-03,123.81,124.526,123.763,124.399,881
2010-08-04,124.383,124.601,123.907,123.968,904
2010-08-05,123.984,124.386,123.84,124.259,827
2010-08-06,124.243,125.022,124.116,124.91,750
2010-08-08,124.895,124.927,124.88,124.895,10
2010-08-09,124.911,125.065,124.765,124.794,795
2010-08-10,124.778,125.524,124.616,125.444,779
2010-08-11,125.46,125.972,125.443,125.923,947
2010-08-12,125.938,126.028,125.479,125.571,901
2010-08-13,125.555,125.924,125.522,125.893,778
2010-08-15,125.847,125.847,125.815,125.831,14
2010-08-16,125.846,126.514,125.831,126.419,892
2010-08-17,126.403,126.434,125.802,125.863,1011
2010-08-18,125.879,126.297,125.779,125.919,830
2010-08-19,125.934,126.399,125.445,126.146,900
2010-08-20,126.162,126.487,125.67,125.732,906
2010-08-22,125.702,125.733,125.655,125.717,19
2010-08-23,125.701,126.024,125.51,125.945,934
2010-08-24,125.96,126.957,125.929,126.626,925
2010-08-25,126.61,127.075,126.009,126.274,966
2010-08-26,126.29,126.564,126.066,126.533,879
2010-08-27,126.548,126.611,125.26,125.415,887
2010-08-29,125.275,125.447,125.087,125.416,21
2010-08-30,125.431,126.426,125.259,126.187,909
2010-08-31,126.172,126.639,126.092,126.353,889
2010-09-01,126.337,126.432,125.185,125.654,980
2010-09-02,125.67,125.778,125.272,125.348,916
2010-09-03,125.364,125.722,124.417,124.744,816
2010-09-05,124.635,124.667,124.588,124.651,10
2010-09-06,124.635,124.895,124.539,124.864,451
2010-09-07,124.88,125.659,124.769,125.611,899
2010-09-08,125.596,125.861,125.056,125.196,927
2010-09-09,125.211,125.46,124.325,124.418,898
2010-09-10,124.434,124.636,123.911,124.145,895
2010-09-12,124.052,124.052,123.894,123.926,18
2010-09-13,123.91,124.737,123.64,124.531,937
2010-09-14,124.516,125.201,124.498,125.106,901
2010-09-15,125.121,125.353,124.709,124.879,984
2010-09-16,124.863,125.173,124.308,124.557,928
2010-09-17,124.573,125.04,124.193,124.834,896
2010-09-19,124.835,124.992,124.819,124.96,22
2010-09-20,124.945,125.127,124.689,125.047,818
2010-09-21,125.063,126.171,124.932,126.171,876
2010-09-22,126.156,126.606,126.086,126.117,1055
2010-09-23,126.101,126.725,125.991,126.298,905
2010-09-24,126.314,126.436,125.791,125.852,918
2010-09-26,125.869,125.931,125.837,125.916,17
2010-09-27,125.9,126.647,125.837,126.474,896
2010-09-28,126.489,127.096,126.345,126.938,908
2010-09-29,126.953,127.043,126.68,126.82,954
2010-09-30,126.836,127.022,125.905,126.656,929
2010-10-01,126.672,126.843,126.165,126.656,923
2010-10-03,126.76,126.823,126.76,126.807,17
2010-10-04,126.823,127.118,126.744,127.02,899
2010-10-05,127.036,127.378,127.004,127.248,892
2010-10-06,127.232,128.028,127.17,127.743,876
2010-10-07,127.759,127.927,127.553,127.783,891
2010-10-08,127.799,128.201,127.339,127.824,836
2010-10-10,127.808,127.934,127.808,127.918,12
2010-10-11,127.934,127.978,127.82,127.864,617
2010-10-12,127.879,128.205,127.481,127.527,848
2010-10-13,127.511,127.771,127.208,127.739,862
2010-10-14,127.724,127.784,127.026,127.136,941
2010-10-15,127.12,127.587,126.55,126.737,1019
2010-10-17,126.754,126.848,126.738,126.848,20
2010-10-18,126.832,127.422,126.781,127.233,950
2010-10-19,127.248,127.65,126.852,127.445,852
2010-10-20,127.429,127.675,127.127,127.438,909
2010-10-21,127.422,127.498,126.914,127.007,901
2010-10-22,127.023,127.145,126.736,126.875,765
2010-10-24,126.86,126.907,126.86,126.876,12
2010-10-25,126.891,127.373,126.697,126.806,860
2010-10-26,126.79,126.851,126.032,126.093,883
2010-10-27,126.109,126.171,125.444,125.522,1014
2010-10-28,125.538,126.394,125.538,126.236,1057
2010-10-29,126.22,126.794,126.169,126.778,887
2010-10-31,126.653,126.669,126.59,126.606,19
2010-11-01,126.59,127.041,126.444,126.662,860
2010-11-02,126.677,126.97,126.55,126.889,868
2010-11-03,126.905,127.416,126.476,127.399,858
2010-11-04,127.384,128.381,127.38,128.113,1011
2010-11-05,128.097,128.235,127.404,127.777,860
2010-11-08,127.809,127.98,127.631,127.739,858
2010-11-09,127.754,127.987,126.714,126.808,902
2010-11-10,126.839,127.333,126.175,127.302,996
2010-11-11,127.317,127.536,126.716,126.981,873
2010-11-12,127.012,127.448,125.864,126.05,1063
2010-11-15,126.161,126.208,124.729,124.761,1151
2010-11-16,124.791,125.382,124.536,125.27,1226
2010-11-17,125.254,125.563,124.903,125.06,995
2010-11-18,125.043,125.122,124.287,124.739,1010
2010-11-19,124.755,125.051,124.547,124.685,973
2010-11-22,124.577,125.447,124.418,125.368,924
2010-11-23,125.321,126.07,125.289,125.533,982
2010-11-24,125.486,125.734,124.338,124.509,1064
2010-11-25,124.524,124.755,124.24,124.519,600
2010-11-26,124.533,125.029,124.327,124.778,810
2010-11-29,124.668,125.133,124.465,125.006,932
2010-11-30,124.844,125.499,124.781,124.993,975
2010-12-01,125.009,125.069,123.459,123.694,1067
2010-12-02,123.709,123.892,123.154,123.371,1034
2010-12-03,123.386,124.357,122.957,123.567,928
2010-12-06,123.613,124.251,123.598,124.219,970
2010-12-07,124.187,124.187,122.15,122.433,1028
2010-12-08,122.464,122.511,120.963,121.418,1201
2010-12-09,121.48,122.088,121.27,121.63,1044
2010-12-10,121.661,121.973,120.725,120.82,952
2010-12-13,120.803,121.599,120.139,121.487,1129
2010-12-14,121.503,121.55,119.781,119.907,1046
2010-12-15,119.875,120.64,119.412,119.568,1161
2010-12-16,119.615,120.347,119.295,120.315,1052
2010-12-17,120.346,121.188,120.173,121.03,1041
2010-12-20,120.982,121.558,120.661,120.912,992
2010-12-21,120.88,121.221,120.591,121.124,974
2010-12-22,121.107,121.165,120.519,120.66,957
2010-12-23,120.612,120.768,120.166,120.212,931
2010-12-27,120.187,120.777,119.68,120.714,887
2010-12-28,120.682,121.056,119.559,119.669,883
2010-12-29,119.684,121.028,119.616,120.839,976
2010-12-30,120.791,120.946,120.235,120.611,910
2010-12-31,120.658,121.138,120.59,120.997,596
2011-01-03,120.932,120.963,120.094,120.924,875
2011-01-04,120.892,121.295,120.621,120.995,1030
2011-01-05,120.978,121.336,119.747,119.982,987
2011-01-06,119.997,120.603,119.931,120.57,966
2011-01-07,120.554,121.49,120.125,121.237,910
2011-01-10,121.346,121.59,121.187,121.558,945
2011-01-11,121.542,121.696,120.956,121.111,927
2011-01-12,121.126,121.219,120.571,121.024,936
2011-01-13,121.055,121.755,120.909,121.613,938
2011-01-14,121.596,122.031,121.325,121.432,936
2011-01-17,121.415,121.82,121.319,121.644,539
2011-01-18,121.658,121.747,120.711,121.054,945
2011-01-19,121.069,121.361,120.83,121.219,949
2011-01-20,121.234,121.452,120.176,120.316,1007
2011-01-21,120.347,120.732,120.169,120.669,937
2011-01-24,120.621,120.928,120.367,120.723,851
2011-01-25,120.707,121.5,120.56,121.264,915
2011-01-26,121.279,121.279,120.598,120.785,972
2011-01-27,120.801,121.17,120.31,121.028,988
2011-01-28,121.012,121.743,120.615,121.6,882
2011-01-31,121.725,121.866,121.013,121.247,996
2011-02-01,121.231,121.278,120.457,120.721,966
2011-02-02,120.737,121.092,120.087,120.321,952
2011-02-03,120.29,120.366,119.579,119.718,905
2011-02-04,119.733,120.073,118.755,119.067,924
2011-02-07,118.957,119.05,118.562,118.996,934
2011-02-08,118.98,119.071,118.142,118.174,943
2011-02-09,118.204,119.013,118.015,118.777,1052
2011-02-10,118.729,119.024,118.331,118.487,952
2011-02-11,118.518,119.233,118.47,118.839,891
2011-02-14,118.76,119.051,118.583,118.815,828
2011-02-15,118.783,119.06,118.497,118.98,858
2011-02-16,118.963,119.208,118.614,118.815,870
2011-02-17,118.846,119.498,118.768,119.308,816
2011-02-18,119.276,119.411,118.911,119.316,856
2011-02-21,119.252,119.64,119.237,119.512,554
2011-02-22,119.589,120.381,119.558,120.317,1041
2011-02-23,120.27,120.499,119.965,120.043,903
2011-02-24,120.011,120.571,119.995,120.176,955
2011-02-25,120.16,120.465,119.999,120.434,850
2011-02-28,120.234,120.483,120.131,120.177,883
2011-03-01,120.129,120.435,119.602,120.403,1005
2011-03-02,120.387,120.573,119.778,119.809,994
2011-03-03,119.824,119.882,118.947,119.057,1006
2011-03-04,119.072,119.867,118.703,119.74,919
2011-03-07,119.655,119.979,119.27,119.566,938
2011-03-08,119.597,119.844,119.321,119.414,819
2011-03-09,119.445,120.209,119.366,120.018,864
2011-03-10,119.986,120.97,119.938,120.922,976
2011-03-11,120.906,121.248,120.567,120.691,1065
2011-03-13,120.874,121.048,120.779,120.827,28
2011-03-14,120.811,121.482,120.601,121.147,1065
2011-03-15,121.163,122.516,121.147,121.578,1220
2011-03-16,121.562,122.878,121.133,122.749,1221
2011-03-17,122.733,122.749,121.56,122.013,1184
2011-03-18,122.029,122.155,121.392,121.735,1026
2011-03-20,121.713,121.729,121.508,121.555,29
2011-03-21,121.571,121.571,120.824,121.104,1042
2011-03-22,121.119,121.229,120.766,121.014,934
2011-03-23,120.998,121.42,120.832,120.94,995
2011-03-24,120.956,121.157,120.331,120.363,866
2011-03-25,120.378,120.671,119.976,120.133,877
2011-03-27,120.032,120.063,119.843,119.922,25
2011-03-28,119.906,120.15,119.712,120.084,976
2011-03-29,120.1,120.209,119.556,119.68,878
2011-03-30,119.664,120.111,119.473,120.031,923
2011-03-31,120.016,120.34,119.596,119.596,974
2011-04-01,119.612,119.886,119.133,119.838,927
2011-04-03,119.832,119.863,119.8,119.832,16
2011-04-04,119.847,120.279,119.7,120.026,861
2011-04-05,120.01,120.224,119.466,119.574,937
2011-04-06,119.559,119.664,119.093,119.139,1027
2011-04-07,119.123,119.494,118.913,119.27,959
2011-04-08,119.254,119.254,118.698,119.056,926
2011-04-10,118.987,118.987,118.861,118.924,18
2011-04-11,118.94,119.309,118.814,119.008,884
2011-04-12,119.024,120.037,119.008,119.831,982
2011-04-13,119.846,120.152,119.479,120.087,901
2011-04-14,120.103,120.49,119.762,119.809,942
2011-04-15,119.825,120.635,119.809,120.491,872
2011-04-17,120.485,120.548,120.454,120.485,14
2011-04-18,120.5,120.932,120.196,120.788,924
2011-04-19,120.773,121.033,120.531,120.809,899
2011-04-20,120.825,120.825,120.453,120.453,949
2011-04-21,120.469,120.886,120.401,120.632,831
2011-04-24,120.63,120.677,120.599,120.614,16
2011-04-25,120.599,120.967,120.551,120.918,689
2011-04-26,120.902,121.379,120.82,121.3,864
2011-04-27,121.315,121.315,120.727,121.101,867
2011-04-28,121.085,121.72,121.069,121.529,963
2011-04-29,121.514,121.787,121.35,121.724,741
2011-05-01,121.67,121.686,121.544,121.591,19
2011-05-02,121.607,121.992,121.429,121.785,899
2011-05-03,121.8,122.045,121.746,121.994,868
2011-05-04,121.978,122.3,121.783,122.218,904
2011-05-05,122.234,122.727,122.074,122.662,948
2011-05-06,122.647,122.968,122.028,122.794,1066
2011-05-08,122.646,122.661,122.567,122.598,23
2011-05-09,122.583,122.999,122.485,122.807,896
2011-05-10,122.823,122.882,122.294,122.31,881
2011-05-11,122.294,122.929,122.179,122.864,1064
2011-05-12,122.848,123.109,122.448,122.555,1008
2011-05-13,122.571,123.394,122.488,123.0,944
2011-05-15,123.056,123.134,123.024,123.134,14
2011-05-16,123.118,123.28,122.798,123.248,879
2011-05-17,123.264,123.554,122.946,123.238,1011
2011-05-18,123.253,123.545,122.741,122.788,907
2011-05-19,122.803,123.012,122.311,122.996,934
2011-05-20,122.981,123.237,122.865,123.221,860
2011-05-22,123.199,123.277,123.199,123.246,17
2011-05-23,123.261,123.727,123.237,123.376,1008
2011-05-24,123.36,123.491,123.055,123.396,885
2011-05-25,123.381,123.628,123.31,123.385,942
2011-05-26,123.401,124.127,123.193,124.048,966
2011-05-27,124.063,124.26,123.807,124.163,818
2011-05-29,123.891,123.985,123.875,123.969,13
2011-05-30,123.954,124.005,123.854,123.973,330
2011-05-31,123.957,124.058,123.494,123.756,942
2011-06-01,123.74,124.881,123.72,124.786,938
2011-06-02,124.77,124.845,124.224,124.348,962
2011-06-03,124.363,125.146,124.347,124.7,901
2011-06-05,124.675,124.706,124.627,124.659,10
2011-06-06,124.674,124.78,124.304,124.662,891
2011-06-07,124.647,124.794,124.181,124.619,942
2011-06-08,124.603,125.241,124.536,125.064,928
2011-06-09,125.049,125.278,124.376,124.516,986
2011-06-10,124.5,125.06,124.5,124.804,879
2011-06-12,124.763,124.795,124.748,124.779,8
2011-06-13,124.763,124.928,124.33,124.641,777
2011-06-14,124.656,124.671,123.637,123.761,908
2011-06-15,123.777,125.013,123.725,124.853,939
2011-06-16,124.869,125.682,124.726,125.062,1060
2011-06-17,125.077,125.294,124.724,125.019,912
2011-06-19,124.994,125.057,124.962,125.009,15
2011-06-20,124.994,125.476,124.78,124.966,951
2011-06-21,124.982,125.059,124.654,124.717,926
2011-06-22,124.733,125.244,124.612,124.942,1001
2011-06-23,124.926,125.672,124.83,125.26,996
2011-06-24,125.244,126.023,125.145,125.927,906
2011-06-26,125.87,125.964,125.854,125.917,20
2011-06-27,125.933,126.087,125.403,125.511,1015
2011-06-28,125.495,125.633,124.256,124.506,923
2011-06-29,124.522,124.568,123.599,123.896,1055
2011-06-30,123.911,124.077,122.864,123.316,1009
2011-07-01,123.301,123.467,122.679,122.991,847
2011-07-03,122.95,122.997,122.919,122.95,14
2011-07-04,122.966,123.34,122.933,123.127,487
2011-07-05,123.143,123.715,123.032,123.603,924
2011-07-06,123.619,124.162,123.379,123.78,932
2011-07-07,123.795,123.807,123.158,123.406,934
2011-07-08,123.39,124.83,123.1,124.544,880
2011-07-10,124.707,124.77,124.66,124.739,27
2011-07-11,124.754,125.454,124.485,125.309,1026
2011-07-12,125.324,126.248,125.221,125.721,1087
2011-07-13,125.706,125.789,125.07,125.379,1057
2011-07-14,125.394,125.768,125.148,125.288,1032
2011-07-15,125.272,125.734,125.067,125.654,983
2011-07-17,125.676,125.692,125.597,125.597,16
2011-07-18,125.613,125.97,125.509,125.617,969
2011-07-19,125.632,125.874,125.217,125.699,971
2011-07-20,125.683,125.699,125.073,125.105,926
2011-07-21,125.121,125.492,124.435,124.7,1048
2011-07-22,124.715,125.117,124.664,125.066,891
2011-07-24,124.836,124.978,124.774,124.962,27
2011-07-25,124.946,125.331,124.562,124.871,913
2011-07-26,124.887,125.333,124.474,125.205,1004
2011-07-27,125.22,125.356,124.708,124.973,920
2011-07-28,124.988,125.39,124.874,125.117,947
2011-07-29,125.133,126.599,125.038,126.426,1051
2011-07-31,126.086,126.275,126.071,126.196,22
2011-08-01,126.18,127.051,125.928,126.655,1051
2011-08-02,126.639,127.757,126.639,127.726,1072
2011-08-03,127.741,127.973,127.359,127.431,1106
2011-08-04,127.415,128.989,127.238,128.863,1149
2011-08-05,128.878,129.329,127.346,127.642,1175
2011-08-07,127.758,127.962,127.585,127.852,27
2011-08-08,127.836,129.534,127.522,129.503,1245
2011-08-09,129.487,131.563,128.369,129.82,1255
2011-08-10,129.835,131.05,129.488,130.78,1236
2011-08-11,130.764,130.883,129.514,129.795,1235
2011-08-12,129.779,130.461,129.652,130.191,1128
2011-08-14,130.196,130.227,130.071,130.212,20
2011-08-15,130.227,130.454,129.808,129.917,1011
2011-08-16,129.901,130.707,129.822,130.515,976
2011-08-17,130.5,130.866,130.225,130.722,981
2011-08-18,130.706,132.078,130.674,131.196,1037
2011-08-19,131.211,131.633,130.75,131.262,1113
2011-08-21,131.267,131.377,131.236,131.33,22
2011-08-22,131.314,131.345,130.633,130.988,1062
2011-08-23,130.972,131.228,130.449,130.63,1032
2011-08-24,130.615,130.908,129.648,129.819,1075
2011-08-25,129.834,130.484,129.64,130.26,1047
2011-08-26,130.245,131.145,130.116,130.578,927
2011-08-28,130.52,130.551,130.442,130.536,24
2011-08-29,130.52,130.567,129.698,130.1,847
2011-08-30,130.084,130.875,130.053,130.406,900
2011-08-31,130.422,130.7,129.848,129.957,967
2011-09-01,129.972,130.657,129.542,130.641,1010
2011-09-02,130.656,131.405,130.226,131.278,943
2011-09-04,131.307,131.323,131.165,131.307,11
2011-09-05,131.323,131.804,131.195,131.786,604
2011-09-06,131.802,131.911,131.102,131.148,1067
2011-09-07,131.132,131.195,130.641,130.808,1002
2011-09-08,130.824,131.307,130.808,131.098,963
2011-09-09,131.083,131.942,130.968,131.751,1003
2011-09-11,131.906,131.953,131.701,131.748,24
2011-09-12,131.764,132.013,131.253,131.331,1062
2011-09-13,131.346,131.61,130.915,130.976,1008
2011-09-14,130.96,131.379,130.78,130.998,1052
2011-09-15,130.983,131.108,129.908,130.392,1014
2011-09-16,130.408,130.636,130.025,130.62,932
2011-09-18,130.728,130.853,130.68,130.806,20
2011-09-19,130.822,131.552,130.661,131.552,954
2011-09-20,131.536,131.552,130.981,131.307,985
2011-09-21,131.323,131.757,130.954,131.723,1064
2011-09-22,131.707,132.659,131.644,132.374,1156
2011-09-23,132.359,132.731,131.533,131.533,1067
2011-09-25,131.389,131.452,131.248,131.263,27
2011-09-26,131.279,131.873,131.036,131.144,1125
2011-09-27,131.129,131.254,130.288,130.601,1093
2011-09-28,130.586,130.835,129.935,130.624,1096
2011-09-29,130.64,130.743,130.147,130.458,1078
2011-09-30,130.474,131.175,130.408,130.921,1065
2011-10-02,130.856,131.06,130.856,130.95,34
2011-10-03,130.966,131.932,130.855,131.774,1053
2011-10-04,131.758,132.082,131.218,131.294,1102
2011-10-05,131.278,131.419,130.689,130.924,1095
2011-10-06,130.908,131.016,130.099,130.271,986
2011-10-07,130.255,130.317,129.12,129.462,924
2011-10-09,129.476,129.539,129.444,129.444,42
2011-10-10,129.46,129.475,128.181,128.509,1007
2011-10-11,128.493,129.086,128.477,128.893,1083
2011-10-12,128.908,129.096,128.117,128.68,1029
2011-10-13,128.664,129.427,128.536,129.08,1030
2011-10-14,129.095,129.189,128.368,128.569,1022
2011-10-16,128.567,128.63,128.504,128.583,34
2011-10-17,128.598,129.313,128.218,129.265,993
2011-10-18,129.249,129.856,128.928,129.209,1095
2011-10-19,129.224,129.61,128.859,129.247,1018
2011-10-20,129.263,129.743,128.944,129.176,1074
2011-10-21,129.16,129.361,128.747,129.042,956
2011-10-23,129.229,129.385,129.166,129.275,37
2011-10-24,129.291,129.317,128.781,128.859,992
2011-10-25,128.874,129.792,128.525,129.666,949
2011-10-26,129.65,129.744,128.921,129.061,1056
2011-10-27,129.045,129.217,127.658,127.845,1122
2011-10-28,127.86,128.685,127.703,128.464,1050
2011-10-30,128.447,128.572,128.415,128.572,39
2011-10-31,128.556,129.99,128.492,129.896,1030
2011-11-01,129.88,131.001,129.676,130.906,1181
2011-11-02,130.922,130.953,130.166,130.866,1180
2011-11-03,130.881,131.335,130.233,130.434,1033
2011-11-04,130.449,130.867,130.021,130.739,891
2011-11-07,130.564,131.2,130.376,130.65,1086
2011-11-08,130.665,130.96,130.234,130.328,1012
2011-11-09,130.343,131.371,130.264,131.087,1048
2011-11-10,131.118,131.256,130.249,130.717,1040
2011-11-11,130.733,130.733,130.036,130.286,750
2011-11-14,130.111,130.919,129.939,130.682,1001
2011-11-15,130.713,131.163,130.534,130.705,972
2011-11-16,130.72,131.078,130.575,130.978,1004
2011-11-17,131.009,131.268,130.565,131.11,1084
2011-11-18,131.125,131.232,130.43,130.569,955
2011-11-21,130.629,131.015,130.614,130.934,963
2011-11-22,130.918,131.129,130.586,131.113,936
2011-11-23,131.097,131.55,130.45,131.417,1044
2011-11-24,131.386,131.401,130.678,131.019,615
2011-11-25,130.97,131.173,130.729,130.822,757
2011-11-28,130.474,130.967,129.985,130.81,1043
2011-11-29,130.794,130.88,130.24,130.723,1005
2011-11-30,130.531,130.669,129.585,130.054,949
2011-12-01,130.038,130.255,129.594,129.937,981
2011-12-02,129.953,130.481,129.321,130.465,970
2011-12-05,130.311,130.415,129.788,130.242,922
2011-12-06,130.21,130.381,129.908,130.0,936
2011-12-07,130.015,130.701,129.777,130.543,847
2011-12-08,130.512,131.087,130.052,131.039,878
2011-12-09,131.023,131.148,130.358,130.389,1026
2011-12-12,130.423,130.984,130.297,130.794,891
2011-12-13,130.747,131.228,130.491,131.07,910
2011-12-14,131.086,131.489,130.862,131.393,971
2011-12-15,131.377,131.689,131.075,131.356,977
2011-12-16,131.324,131.963,131.164,131.883,826
2011-12-19,131.775,132.036,131.568,131.942,832
2011-12-20,131.926,131.926,131.182,131.198,805
2011-12-21,131.213,131.476,130.879,131.019,856
2011-12-22,131.003,131.297,130.906,131.075,856
2011-12-23,131.059,131.075,130.379,130.472,601
2011-12-27,130.481,130.637,130.324,130.541,458
2011-12-28,130.525,131.257,130.478,131.131,678
2011-12-29,131.115,131.454,130.954,131.313,724
2011-12-30,131.297,131.763,131.124,131.62,670
2012-01-03,131.111,131.376,130.984,131.124,568
2012-01-04,131.108,131.229,130.742,130.976,945
2012-01-05,130.991,131.363,130.69,130.97,873
2012-01-06,130.985,131.372,130.573,131.245,817
2012-01-09,131.217,131.588,131.04,131.289,818
2012-01-10,131.257,131.346,130.908,131.188,874
2012-01-11,131.172,131.763,131.139,131.637,890
2012-01-12,131.605,131.758,131.349,131.458,773
2012-01-13,131.426,132.174,131.33,131.875,827
2012-01-16,131.987,132.143,131.857,131.935,455
2012-01-17,131.902,132.023,131.585,131.911,836
2012-01-18,131.974,132.111,131.608,131.639,790
2012-01-19,131.654,131.779,130.896,131.037,864
2012-01-20,131.052,131.221,130.607,130.701,915
2012-01-23,130.719,130.936,130.182,130.447,915
2012-01-24,130.415,130.584,130.223,130.44,909
2012-01-25,130.424,131.751,130.328,131.233,891
2012-01-26,131.248,131.87,131.17,131.775,954
2012-01-27,131.743,132.177,131.552,132.098,876
2012-01-30,132.053,132.549,132.037,132.313,932
2012-01-31,132.328,132.667,132.012,132.589,866
2012-02-01,132.604,132.604,132.238,132.363,933
2012-02-02,132.347,132.561,132.19,132.513,916
2012-02-03,132.481,132.634,131.599,131.817,813
2012-02-06,131.835,132.096,131.643,131.923,882
2012-02-07,131.876,131.966,131.229,131.353,815
2012-02-08,131.368,131.493,131.147,131.284,930
2012-02-09,131.315,131.468,130.825,131.105,933
2012-02-10,131.121,131.757,131.105,131.475,919
2012-02-13,131.352,131.645,131.13,131.455,907
2012-02-14,131.533,131.81,131.327,131.637,932
2012-02-15,131.621,131.991,131.431,131.787,933
2012-02-16,131.818,131.957,131.046,131.233,924
2012-02-17,131.248,131.294,130.806,131.164,895
2012-02-20,130.994,131.01,130.662,130.77,583
2012-02-21,130.862,131.034,130.56,130.747,973
2012-02-22,130.731,131.273,130.556,131.225,979
2012-02-23,131.178,131.47,130.893,131.282,877
2012-02-24,131.25,131.449,131.17,131.369,871
2012-02-27,131.356,131.867,131.309,131.725,870
2012-02-28,131.709,132.033,131.629,131.703,716
2012-02-29,131.562,131.718,130.966,131.294,914
2012-03-01,131.263,131.263,130.557,130.869,982
2012-03-02,130.854,131.447,130.759,131.399,843
2012-03-05,131.379,131.519,131.08,131.08,846
2012-03-06,131.095,131.751,131.033,131.657,891
2012-03-07,131.641,131.657,131.373,131.404,798
2012-03-08,131.42,131.498,131.058,131.136,841
2012-03-09,131.151,131.214,130.759,131.024,827
2012-03-11,130.973,131.066,130.957,131.019,25
2012-03-12,131.035,131.362,130.923,130.97,825
2012-03-13,130.986,131.017,130.076,130.123,873
2012-03-14,130.107,130.248,128.838,129.041,1065
2012-03-15,129.056,129.274,128.43,128.976,1146
2012-03-16,128.992,129.101,128.302,128.802,954
2012-03-18,128.782,128.829,128.75,128.766,21
2012-03-19,128.75,129.109,128.029,128.153,894
2012-03-20,128.138,128.606,127.917,128.245,931
2012-03-21,128.23,128.838,128.026,128.713,970
2012-03-22,128.697,129.165,128.603,128.898,1008
2012-03-23,128.882,129.491,128.757,129.24,869
2012-03-25,129.173,129.189,129.095,129.126,34
2012-03-26,129.142,129.375,128.812,129.155,920
2012-03-27,129.171,129.889,129.123,129.779,933
2012-03-28,129.764,130.028,129.528,129.683,962
2012-03-29,129.667,130.151,129.605,130.103,926
2012-03-30,130.119,130.243,129.444,129.695,913
2012-04-01,129.612,129.612,129.393,129.471,38
2012-04-02,129.487,130.111,129.346,129.922,985
2012-04-03,129.938,130.234,128.935,128.997,924
2012-04-04,129.013,129.715,128.966,129.621,1093
2012-04-05,129.636,130.449,129.557,130.119,893
2012-04-06,130.104,131.26,129.93,131.229,456
2012-04-08,131.474,131.474,131.27,131.286,34
2012-04-09,131.27,131.472,131.051,131.268,841
2012-04-10,131.284,131.892,131.08,131.735,978
2012-04-11,131.751,131.751,131.296,131.436,1002
2012-04-12,131.451,131.622,131.153,131.34,935
2012-04-13,131.324,131.823,131.308,131.744,915
2012-04-15,131.724,131.771,131.709,131.724,24
2012-04-16,131.74,132.051,131.613,131.722,926
2012-04-17,131.738,131.925,131.455,131.563,806
2012-04-18,131.579,131.828,131.437,131.733,867
2012-04-19,131.749,131.951,131.56,131.762,848
2012-04-20,131.778,131.918,131.589,131.854,804
2012-04-22,131.849,131.896,131.849,131.865,24
2012-04-23,131.881,132.27,131.833,132.097,858
2012-04-24,132.082,132.238,131.767,131.798,906
2012-04-25,131.782,131.907,131.311,131.905,878
2012-04-26,131.89,132.419,131.717,132.341,909
2012-04-27,132.325,132.653,132.058,132.229,1047
2012-04-29,132.256,132.272,132.225,132.24,22
2012-04-30,132.256,132.489,132.13,132.395,880
2012-05-01,132.379,132.518,132.033,132.142,830
2012-05-02,132.126,132.516,131.969,132.265,890
2012-05-03,132.281,132.405,132.029,132.263,789
2012-05-04,132.247,132.808,132.089,132.745,813
2012-05-06,132.882,133.085,132.85,133.054,46
2012-05-07,133.038,133.162,132.707,132.739,882
2012-05-08,132.723,133.222,132.692,133.002,933
2012-05-09,133.018,133.36,132.924,133.094,894
2012-05-10,133.078,133.154,132.639,133.06,956
2012-05-11,133.076,133.232,132.966,133.168,828
2012-05-13,133.21,133.335,133.21,133.288,26
2012-05-14,133.304,133.693,133.178,133.598,913
2012-05-15,133.614,133.692,133.285,133.534,969
2012-05-16,133.549,133.674,133.095,133.438,965
2012-05-17,133.453,133.889,133.233,133.826,941
2012-05-18,133.811,133.919,133.559,133.683,946
2012-05-20,133.679,133.788,133.663,133.788,42
2012-05-21,133.772,133.819,133.428,133.63,924
2012-05-22,133.614,133.614,133.19,133.471,918
2012-05-23,133.487,133.954,133.471,133.703,999
2012-05-24,133.719,133.952,133.404,133.498,1118
2012-05-25,133.482,133.902,133.388,133.871,823
2012-05-27,133.804,133.819,133.663,133.663,39
2012-05-28,133.679,133.833,133.537,133.77,501
2012-05-29,133.786,134.112,133.629,133.783,885
2012-05-30,133.768,134.829,133.768,134.735,854
2012-05-31,134.75,135.28,134.416,135.056,1066
2012-06-01,135.072,135.917,134.896,135.756,1094
2012-06-03,135.691,135.833,135.691,135.817,44
2012-06-04,135.833,135.864,134.992,135.1,1022
2012-06-05,135.116,135.207,134.623,134.761,949
2012-06-06,134.745,134.929,134.047,134.123,1011
2012-06-07,134.139,134.479,134.055,134.382,1039
2012-06-08,134.398,135.07,134.327,134.358,1045
2012-06-10,133.9,133.916,133.428,133.695,53
2012-06-11,133.68,134.805,133.616,134.756,1000
2012-06-12,134.772,134.819,134.01,134.103,1099
2012-06-13,134.118,134.646,133.753,134.518,1035
2012-06-14,134.503,134.671,134.055,134.164,1034
2012-06-15,134.148,134.771,134.148,134.659,965
2012-06-17,134.091,134.248,134.028,134.216,51
2012-06-18,134.232,134.794,134.122,134.664,971
2012-06-19,134.679,134.77,134.091,134.215,984
2012-06-20,134.199,134.387,133.627,133.939,978
2012-06-21,133.955,134.326,133.809,134.088,1011
2012-06-22,134.103,134.21,133.674,133.75,860
2012-06-24,133.763,133.842,133.748,133.842,32
2012-06-25,133.857,134.383,133.81,134.304,882
2012-06-26,134.289,134.317,133.938,134.154,935
2012-06-27,134.17,134.304,133.991,134.224,880
2012-06-28,134.24,134.768,134.145,134.624,912
2012-06-29,134.64,134.749,133.833,134.176,1028
2012-07-01,134.143,134.158,133.986,134.064,30
2012-07-02,134.048,134.922,134.013,134.62,1010
2012-07-03,134.605,134.71,134.252,134.376,849
2012-07-04,134.36,134.622,134.326,134.587,543
2012-07-05,134.572,134.757,134.362,134.626,862
2012-07-06,134.61,135.075,134.578,134.948,813
2012-07-08,134.993,135.024,134.961,134.992,27
2012-07-09,134.976,135.255,134.959,135.125,844
2012-07-10,135.109,135.259,134.963,135.21,828
2012-07-11,135.226,135.533,135.029,135.092,809
2012-07-12,135.076,135.387,135.076,135.271,881
2012-07-13,135.255,135.365,134.952,135.216,827
2012-07-15,135.167,135.183,135.135,135.182,21
2012-07-16,135.167,135.585,135.119,135.283,812
2012-07-17,135.268,135.422,135.008,135.055,930
2012-07-18,135.071,135.364,135.023,135.172,849
2012-07-19,135.187,135.276,134.978,135.069,799
2012-07-20,135.085,135.533,135.037,135.469,787
2012-07-22,135.482,135.513,135.451,135.482,28
2012-07-23,135.498,135.886,135.475,135.677,945
2012-07-24,135.693,135.982,135.327,135.951,915
2012-07-25,135.935,135.966,135.475,135.722,947
2012-07-26,135.706,135.813,135.321,135.353,912
2012-07-27,135.337,135.446,134.295,134.655,916
2012-07-29,134.668,134.778,134.606,134.652,45
2012-07-30,134.668,135.068,134.461,134.957,1075
2012-07-31,134.942,135.313,134.845,135.246,922
2012-08-01,135.262,135.262,134.549,134.658,936
2012-08-02,134.673,135.341,134.339,135.041,931
2012-08-03,135.025,135.119,134.172,134.406,880
2012-08-05,134.373,134.373,134.294,134.31,29
2012-08-06,134.325,134.695,134.247,134.426,864
2012-08-07,134.442,134.502,133.808,133.916,962
2012-08-08,133.932,134.147,133.675,133.766,883
2012-08-09,133.782,133.919,133.509,133.805,944
2012-08-10,133.82,134.207,133.805,133.969,923
2012-08-12,133.999,134.077,133.983,134.061,23
2012-08-13,134.045,134.183,133.821,133.911,830
2012-08-14,133.896,133.958,133.355,133.417,845
2012-08-15,133.433,133.494,132.704,132.735,947
2012-08-16,132.751,132.996,132.451,132.664,998
2012-08-17,132.679,132.956,132.598,132.781,829
2012-08-19,132.779,132.795,132.717,132.763,23
2012-08-20,132.748,132.946,132.431,132.849,820
2012-08-21,132.833,132.95,132.436,132.919,873
2012-08-22,132.903,133.787,132.871,133.677,966
2012-08-23,133.661,134.031,133.551,133.747,1003
2012-08-24,133.762,134.18,133.715,133.739,868
2012-08-26,133.737,133.768,133.658,133.705,36
2012-08-27,133.689,134.074,133.673,133.947,798
2012-08-28,133.962,134.284,133.915,134.079,823
2012-08-29,134.094,134.216,133.838,134.039,815
2012-08-30,134.055,134.439,133.973,134.172,745
2012-08-31,134.156,134.888,133.915,134.872,766
2012-09-02,134.789,134.852,134.789,134.804,23
2012-09-03,134.789,134.867,134.612,134.826,556
2012-09-04,134.811,134.857,134.362,134.502,945
2012-09-05,134.486,134.703,134.304,134.335,914
2012-09-06,134.351,134.397,133.636,133.664,909
2012-09-07,133.68,134.524,133.235,133.955,999
2012-09-09,133.967,134.108,133.967,134.061,39
2012-09-10,134.045,134.199,133.77,134.035,935
2012-09-11,134.02,134.143,133.667,133.758,841
2012-09-12,133.743,133.805,133.216,133.34,932
2012-09-13,133.355,133.899,132.766,133.771,865
2012-09-14,133.786,133.833,132.632,132.771,990
2012-09-16,132.72,132.736,132.626,132.704,24
2012-09-17,132.72,133.092,132.654,132.868,979
2012-09-18,132.852,133.397,132.852,133.094,920
2012-09-19,133.11,133.434,132.934,133.289,955
2012-09-20,133.273,133.742,133.202,133.342,1013
2012-09-21,133.327,133.617,133.103,133.554,919
2012-09-23,133.535,133.535,133.472,133.503,21
2012-09-24,133.518,133.874,133.486,133.808,823
2012-09-25,133.792,134.128,133.55,134.097,947
2012-09-26,134.081,134.481,133.953,134.386,940
2012-09-27,134.37,134.402,134.13,134.204,944
2012-09-28,134.188,134.638,134.187,134.305,898
2012-09-30,134.238,134.332,134.238,134.316,30
2012-10-01,134.41,134.442,134.122,134.41,925
2012-10-02,134.354,134.441,134.144,134.392,855
2012-10-03,134.376,134.547,134.26,134.445,893
2012-10-04,134.46,134.492,134.043,134.105,861
2012-10-05,134.121,134.211,133.579,133.641,895
2012-10-07,133.59,133.715,133.59,133.7,24
2012-10-08,133.715,133.976,133.683,133.832,793
2012-10-09,133.847,134.032,133.622,133.791,903
2012-10-10,133.775,134.048,133.486,134.017,883
2012-10-11,134.001,134.061,133.492,133.96,862
2012-10-12,133.976,134.189,133.751,133.983,815
2012-10-14,133.948,133.994,133.916,133.947,47
2012-10-15,133.963,134.041,133.706,133.922,785
2012-10-16,133.938,133.938,133.269,133.332,790
2012-10-17,133.316,133.44,132.601,132.694,942
2012-10-18,132.679,132.892,132.497,132.528,956
2012-10-19,132.544,133.055,132.528,132.974,834
2012-10-21,132.939,132.955,132.892,132.923,24
2012-10-22,132.908,132.986,132.475,132.522,916
2012-10-23,132.506,133.001,132.474,132.951,861
2012-10-24,132.936,133.038,132.695,132.801,907
2012-10-25,132.817,132.817,132.215,132.336,971
2012-10-26,132.352,133.13,132.305,133.112,913
2012-10-28,133.171,133.234,133.124,133.202,44
2012-10-29,133.187,133.46,133.044,133.428,670
2012-10-30,133.412,133.536,133.061,133.074,809
2012-10-31,133.058,133.536,132.865,133.378,898
2012-11-01,133.362,133.393,133.102,133.133,887
2012-11-02,133.117,133.349,132.767,133.312,795
2012-11-05,133.277,133.663,133.214,133.55,876
2012-11-06,133.534,133.593,133.039,133.055,872
2012-11-07,133.07,134.114,133.054,133.876,1067
2012-11-08,133.86,134.369,133.807,134.337,911
2012-11-09,134.32,134.597,134.078,134.296,930
2012-11-12,134.276,134.332,134.098,134.267,670
2012-11-13,134.251,134.529,134.172,134.32,905
2012-11-14,134.335,134.452,134.033,134.358,865
2012-11-15,134.341,134.491,134.149,134.332,882
2012-11-16,134.363,134.685,134.263,134.479,813
2012-11-19,134.429,134.444,134.078,134.153,785
2012-11-20,134.247,134.309,133.799,133.815,834
2012-11-21,133.846,134.0,133.588,133.696,900
2012-11-22,133.68,133.711,133.55,133.656,380
2012-11-23,133.639,133.807,133.557,133.6,543
2012-11-26,133.548,133.963,133.516,133.789,830
2012-11-27,133.757,134.0,133.629,133.983,818
2012-11-28,133.998,134.274,133.965,134.099,820
2012-11-29,134.083,134.294,133.983,134.246,675
2012-11-30,134.23,134.388,134.109,134.228,506
2012-12-02,134.228,134.228,134.228,134.228,1
2012-12-03,134.236,134.284,133.937,134.168,626
2012-12-04,134.18,134.318,134.023,134.268,666
2012-12-05,134.264,134.543,134.141,134.447,711
2012-12-06,134.431,134.642,134.38,134.468,785
2012-12-07,134.464,134.587,134.102,134.224,699
2012-12-10,134.201,134.419,134.15,134.211,691
2012-12-11,134.211,134.273,133.907,133.983,640
2012-12-12,133.967,134.131,133.614,133.668,675
2012-12-13,133.699,133.796,133.261,133.284,873
2012-12-14,133.284,133.507,133.187,133.446,665
2012-12-17,133.36,133.386,132.901,132.928,602
2012-12-18,132.951,133.004,132.42,132.623,635
2012-12-19,132.619,132.948,132.493,132.742,637
2012-12-20,132.78,132.974,132.72,132.751,573
2012-12-21,132.743,133.233,132.656,132.995,621
2012-12-24,132.954,133.06,132.836,132.898,201
2012-12-26,132.898,133.151,132.847,133.087,129
2012-12-27,133.095,133.567,132.879,133.3,412
2012-12-28,133.307,133.625,133.268,133.56,562
2012-12-31,133.506,133.592,133.102,133.325,334
2013-01-02,132.463,132.743,132.408,132.616,385
2013-01-03,132.647,132.755,132.014,132.014,575
2013-01-04,131.966,132.133,131.617,132.117,718
2013-01-07,132.033,132.243,131.989,132.097,556
2013-01-08,132.119,132.39,132.031,132.294,538
2013-01-09,132.301,132.586,132.15,132.475,515
2013-01-10,132.452,132.459,132.078,132.155,596
2013-01-11,132.147,132.462,131.908,132.384,639
2013-01-12,132.384,132.384,132.384,132.384,1
2013-01-14,132.338,132.664,132.29,132.536,518
2013-01-15,132.528,132.829,132.473,132.623,611
2013-01-16,132.646,132.885,132.607,132.758,572
2013-01-17,132.75,132.897,132.172,132.234,668
2013-01-18,132.272,132.636,132.105,132.572,574
2013-01-21,132.504,132.542,132.286,132.286,258
2013-01-22,132.312,132.718,132.252,132.596,565
2013-01-23,132.584,132.838,132.544,132.726,540
2013-01-24,132.764,132.91,132.345,132.531,641
2013-01-25,132.538,132.547,131.703,131.757,682
2013-01-28,131.696,131.85,131.269,131.659,620
2013-01-29,131.634,131.81,131.448,131.464,729
2013-01-30,131.471,131.757,131.272,131.63,764
2013-01-31,131.575,131.877,131.468,131.56,648
2013-02-01,131.521,132.135,131.241,131.381,737
2013-02-04,131.282,131.98,131.02,131.894,733
2013-02-05,131.886,131.938,131.419,131.605,696
2013-02-06,131.582,131.928,131.524,131.896,731
2013-02-07,131.892,132.189,131.657,131.968,669
2013-02-08,131.96,132.153,131.681,131.992,642
2013-02-11,131.956,132.023,131.756,131.816,519
2013-02-12,131.838,131.938,131.623,131.715,544
2013-02-13,131.722,131.76,131.255,131.302,634
2013-02-14,131.308,131.812,131.251,131.796,650
2013-02-15,131.757,131.949,131.493,131.711,618
2013-02-18,131.705,131.741,131.556,131.708,295
2013-02-19,131.668,131.858,131.497,131.512,533
2013-02-20,131.519,131.756,131.335,131.709,654
2013-02-21,131.724,132.157,131.63,131.952,633
2013-02-22,131.968,132.135,131.808,132.102,602
2013-02-25,131.932,132.911,131.803,132.849,710
2013-02-26,132.833,133.096,132.64,132.764,822
2013-02-27,132.748,133.119,132.679,132.741,652
2013-02-28,132.729,133.003,132.72,132.891,618
2013-03-01,132.898,133.168,132.857,133.15,708
2013-03-04,133.136,133.259,132.88,132.895,723
2013-03-05,132.895,132.973,132.656,132.748,707
2013-03-06,132.748,132.794,132.415,132.443,669
2013-03-07,132.474,132.578,131.91,131.926,562
2013-03-08,131.91,131.972,131.24,131.535,601
2013-03-10,131.511,131.527,131.479,131.479,17
2013-03-11,131.486,131.584,131.288,131.325,451
2013-03-12,131.332,131.759,131.246,131.676,489
2013-03-13,131.672,131.827,131.415,131.601,538
2013-03-14,131.608,131.749,131.279,131.683,524
2013-03-15,131.691,132.115,131.551,132.067,513
2013-03-17,132.42,132.624,132.404,132.609,35
2013-03-18,132.601,132.809,132.237,132.344,764
2013-03-19,132.352,132.855,132.201,132.695,716
2013-03-20,132.708,132.851,132.289,132.352,671
2013-03-21,132.348,132.671,132.254,132.655,635
2013-03-22,132.651,132.744,132.332,132.517,565
2013-03-24,132.524,132.54,132.492,132.508,14
2013-03-25,132.501,132.782,132.139,132.559,683
2013-03-26,132.551,132.754,132.347,132.689,573
2013-03-27,132.681,133.326,132.623,133.196,612
2013-03-28,133.203,133.348,132.902,132.949,586
2013-03-31,132.743,132.817,132.691,132.785,15
2013-04-01,132.792,133.202,132.715,133.119,339
2013-04-02,133.112,133.195,132.858,132.934,508
2013-04-03,132.927,133.459,132.77,133.441,567
2013-04-04,133.434,133.796,133.262,133.633,678
2013-04-05,133.641,134.287,133.566,133.921,715
2013-04-07,133.928,133.975,133.927,133.959,18
2013-04-08,133.966,134.052,133.616,133.648,574
2013-04-09,133.655,133.876,133.547,133.651,540
2013-04-10,133.644,133.713,133.2,133.277,554
2013-04-11,133.281,133.49,133.182,133.375,600
2013-04-12,133.371,133.853,133.359,133.835,539
2013-04-13,133.835,133.835,133.835,133.835,2
2013-04-14,133.799,133.842,133.799,133.842,5
2013-04-15,133.849,134.066,133.68,134.018,694
2013-04-16,134.011,134.011,133.586,133.738,638
2013-04-17,133.731,134.059,133.608,133.883,623
2013-04-18,133.879,133.986,133.704,133.855,620
2013-04-19,133.863,133.871,133.659,133.718,475
2013-04-21,133.662,133.709,133.662,133.677,16
2013-04-22,133.684,133.952,133.483,133.822,464
2013-04-23,133.829,134.253,133.701,133.716,585
2013-04-24,133.731,133.879,133.569,133.719,516
2013-04-25,133.726,133.809,133.569,133.754,439
2013-04-26,133.75,134.122,133.737,134.072,406
2013-04-28,134.032,134.094,134.032,134.094,14
2013-04-29,134.101,134.17,133.978,134.066,349
2013-04-30,134.073,134.357,133.897,133.928,438
2013-05-01,133.932,134.374,133.923,134.214,363
2013-05-02,134.218,134.312,134.003,134.249,466
2013-05-03,134.256,134.265,133.345,133.437,471
2013-05-05,133.475,133.475,133.412,133.443,22
2013-05-06,133.451,133.49,133.182,133.306,346
2013-05-07,133.313,133.413,133.063,133.199,428
2013-05-08,133.192,133.379,133.052,133.266,410
2013-05-09,133.258,133.494,133.177,133.222,503
2013-05-10,133.229,133.253,132.367,132.568,721
2013-05-12,132.332,132.371,132.198,132.276,35
2013-05-13,132.283,132.615,132.229,132.437,590
2013-05-14,132.433,132.586,131.955,132.001,664
2013-05-15,132.008,132.448,131.936,132.287,672
2013-05-16,132.294,132.935,132.14,132.745,631
2013-05-17,132.752,132.927,132.187,132.232,616
2013-05-19,132.255,132.27,132.129,132.129,22
2013-05-20,132.136,132.467,132.011,132.211,608
2013-05-21,132.204,132.481,131.859,132.402,716
2013-05-22,132.398,132.708,131.372,131.419,795
2013-05-23,131.426,132.072,131.215,131.626,1038
2013-05-24,131.619,131.916,131.485,131.623,766
2013-05-26,131.559,131.559,131.465,131.528,22
2013-05-27,131.524,131.68,131.362,131.453,275
2013-05-28,131.446,131.499,130.346,130.408,786
2013-05-29,130.4,130.804,129.856,130.74,970
2013-05-30,130.756,130.965,130.42,130.837,833
2013-05-31,130.829,131.194,129.992,130.637,822
2013-06-02,130.488,130.583,130.472,130.472,34
2013-06-03,130.465,131.127,130.104,130.619,974
2013-06-04,130.603,130.775,130.328,130.403,807
2013-06-05,130.41,130.933,130.355,130.754,879
2013-06-06,130.762,131.629,130.48,130.964,903
2013-06-07,130.971,131.273,130.055,130.087,966
2013-06-09,130.111,130.127,130.016,130.024,29
2013-06-10,130.028,130.267,129.646,129.895,817
2013-06-11,129.891,130.091,129.18,130.01,991
2013-06-12,130.017,130.176,129.641,129.668,916
2013-06-13,129.652,130.541,129.652,130.398,1054
2013-06-14,130.406,130.863,130.332,130.64,862
2013-06-16,130.601,130.617,130.538,130.569,19
2013-06-17,130.562,130.799,130.196,130.259,738
2013-06-18,130.266,130.345,129.969,130.185,768
2013-06-19,130.189,130.383,128.396,128.505,791
2013-06-20,128.52,128.551,127.617,128.147,1160
2013-06-21,128.155,128.347,126.988,127.098,1020
2013-06-23,127.139,127.171,126.997,127.028,33
2013-06-24,127.021,127.177,125.952,127.018,1125
2013-06-25,127.01,127.47,126.299,126.33,1096
2013-06-26,126.323,127.347,126.251,127.091,1030
2013-06-27,127.083,127.682,126.977,127.615,913
2013-06-28,127.622,127.815,126.869,127.353,884
2013-06-30,127.245,127.347,127.221,127.315,32
2013-07-01,127.308,127.541,126.838,127.446,785
2013-07-02,127.438,127.662,127.28,127.466,728
2013-07-03,127.459,127.918,127.033,127.062,780
2013-07-04,127.069,127.433,126.835,127.036,471
2013-07-05,127.029,127.066,125.296,125.296,855
2013-07-07,125.353,125.369,125.227,125.227,35
2013-07-08,125.211,126.114,125.147,126.065,842
2013-07-09,126.061,126.371,125.903,126.243,742
2013-07-10,126.236,127.254,125.919,127.207,856
2013-07-11,127.214,127.223,126.759,127.102,991
2013-07-12,127.095,127.535,126.81,126.966,732
2013-07-14,126.85,126.897,126.818,126.85,14
2013-07-15,126.857,127.311,126.529,127.294,601
2013-07-16,127.287,127.524,127.149,127.221,619
2013-07-17,127.236,128.0,127.042,127.76,743
2013-07-18,127.767,127.959,127.295,127.466,763
2013-07-19,127.458,127.82,127.382,127.755,690
2013-07-21,127.748,127.826,127.717,127.826,24
2013-07-22,127.819,127.95,127.708,127.784,607
2013-07-23,127.788,127.844,127.416,127.648,607
2013-07-24,127.655,127.663,126.728,126.962,705
2013-07-25,126.965,127.266,126.703,127.171,823
2013-07-26,127.174,127.4,127.056,127.239,631
2013-07-28,127.217,127.233,127.201,127.217,18
2013-07-29,127.22,127.37,126.942,127.002,561
2013-07-30,126.995,127.2,126.9,126.944,552
2013-07-31,126.951,127.108,126.067,127.059,707
2013-08-01,127.052,127.059,125.871,125.887,783
2013-08-02,125.88,127.133,125.677,127.117,731
2013-08-04,127.071,127.126,127.071,127.078,18
2013-08-05,127.086,127.106,126.664,126.895,622
2013-08-06,126.888,126.956,126.671,126.837,549
2013-08-07,126.845,127.205,126.805,127.14,601
2013-08-08,127.133,127.356,127.04,127.208,576
2013-08-09,127.201,127.312,127.091,127.276,464
2013-08-11,127.234,127.285,127.231,127.254,19
2013-08-12,127.261,127.388,126.851,126.851,517
2013-08-13,126.844,126.882,125.98,126.041,680
2013-08-14,126.037,126.287,125.959,126.187,667
2013-08-15,126.194,126.249,125.194,125.8,763
2013-08-16,125.807,125.831,125.008,125.367,822
2013-08-18,125.33,125.33,125.173,125.22,23
2013-08-19,125.216,125.235,124.82,125.021,783
2013-08-20,125.028,125.612,124.989,125.434,749
2013-08-21,125.426,125.542,124.702,124.702,750
2013-08-22,124.695,124.852,124.371,124.598,921
2013-08-23,124.582,125.327,124.295,125.215,767
2013-08-25,125.208,125.208,125.083,125.145,23
2013-08-26,125.138,125.515,125.064,125.385,523
2013-08-27,125.378,126.128,125.29,125.985,697
2013-08-28,125.992,126.079,125.366,125.536,722
2013-08-29,125.532,125.794,125.061,125.557,724
2013-08-30,125.553,125.801,125.25,125.258,730
2013-09-01,125.095,125.134,124.97,125.11,42
2013-09-02,125.106,125.115,124.754,124.826,528
2013-09-03,124.822,125.055,124.302,124.713,893
2013-09-04,124.717,124.84,124.259,124.32,929
2013-09-05,124.323,124.397,123.543,123.605,990
2013-09-06,123.601,124.874,123.493,124.268,940
2013-09-08,124.231,124.246,124.184,124.199,36
2013-09-09,124.191,124.709,124.12,124.445,737
2013-09-10,124.438,124.443,123.995,124.038,700
2013-09-11,124.042,124.66,124.006,124.594,685
2013-09-12,124.602,125.013,124.524,124.551,671
2013-09-13,124.544,124.859,124.121,124.808,718
2013-09-15,125.43,125.934,125.367,125.729,55
2013-09-16,125.722,125.879,125.087,125.196,851
2013-09-17,125.189,125.492,125.141,125.279,638
2013-09-18,125.283,127.034,124.861,126.828,734
2013-09-19,126.82,127.092,126.232,126.311,894
2013-09-20,126.318,126.543,126.036,126.379,619
2013-09-22,126.354,126.401,126.322,126.401,15
2013-09-23,126.408,126.689,126.158,126.625,516
2013-09-24,126.617,127.104,126.589,126.99,612
2013-09-25,126.983,127.358,126.861,127.167,567
2013-09-26,127.171,127.288,126.97,127.045,588
2013-09-27,127.037,127.508,126.933,127.301,526
2013-09-29,127.536,127.654,127.528,127.606,29
2013-09-30,127.614,127.669,127.093,127.421,662
2013-10-01,127.393,127.421,126.928,127.389,759
2013-10-02,126.943,127.621,126.943,127.443,603
2013-10-03,127.436,127.812,127.123,127.557,620
2013-10-04,127.564,127.573,127.06,127.121,543
2013-10-06,127.206,127.284,127.206,127.252,12
2013-10-07,127.256,127.473,127.163,127.256,398
2013-10-08,127.249,127.396,126.997,127.354,610
2013-10-09,127.338,127.385,126.935,127.027,657
2013-10-10,127.031,127.156,126.548,127.014,748
2013-10-11,127.011,127.258,126.804,126.94,619
2013-10-13,127.128,127.182,127.073,127.119,27
2013-10-14,127.123,127.135,126.496,126.572,277
2013-10-15,126.569,126.879,126.478,126.686,641
2013-10-16,126.679,127.1,126.317,127.067,723
2013-10-17,127.063,127.78,127.035,127.668,722
2013-10-18,127.675,128.133,127.601,127.719,578
2013-10-20,127.662,127.662,127.615,127.631,15
2013-10-21,127.623,127.708,127.369,127.493,449
2013-10-22,127.5,128.297,127.444,128.282,472
2013-10-23,128.278,128.507,128.227,128.269,563
2013-10-24,128.276,128.466,128.053,128.084,573
2013-10-25,128.091,128.359,128.091,128.23,504
2013-10-27,128.22,128.267,128.204,128.251,14
2013-10-28,128.258,128.305,128.043,128.207,380
2013-10-29,128.214,128.385,128.09,128.336,443
2013-10-30,128.343,128.687,127.933,128.072,512
2013-10-31,128.065,128.379,127.703,127.872,625
2013-11-01,127.868,127.872,127.297,127.358,579
2013-11-04,127.285,127.622,127.252,127.509,368
2013-11-05,127.516,127.601,126.934,127.073,526
2013-11-06,127.072,127.565,127.054,127.437,599
2013-11-07,127.444,127.947,127.401,127.723,599
2013-11-08,127.707,128.217,126.475,126.612,610
2013-11-11,126.556,126.74,126.482,126.482,258
2013-11-12,126.497,126.558,126.193,126.297,592
2013-11-13,126.328,127.226,126.327,127.1,530
2013-11-14,127.131,127.401,126.872,127.37,719
2013-11-15,127.354,127.401,127.017,127.232,500
2013-11-18,127.105,127.541,127.064,127.509,471
2013-11-19,127.493,127.554,127.09,127.152,529
2013-11-20,127.104,127.441,126.591,126.638,703
2013-11-21,126.653,126.816,126.269,126.72,771
2013-11-22,126.735,126.974,126.635,126.974,517
2013-11-25,126.894,127.113,126.741,127.062,478
2013-11-26,127.078,127.365,126.976,127.238,581
2013-11-27,127.253,127.253,126.696,126.975,534
2013-11-28,126.951,126.966,126.749,126.949,289
2013-11-29,126.955,126.962,126.72,126.788,526
2013-12-02,126.73,126.831,126.226,126.412,615
2013-12-03,126.412,126.702,126.298,126.525,554
2013-12-04,126.548,126.586,125.899,126.068,653
2013-12-05,126.115,126.173,125.68,125.722,651
2013-12-06,125.722,126.028,125.192,125.803,630
2013-12-09,125.68,125.987,125.617,125.856,522
2013-12-10,125.832,126.318,125.792,126.19,474
2013-12-11,126.11,126.202,125.749,125.797,543
2013-12-12,125.788,125.901,125.47,125.562,498
2013-12-13,125.569,125.758,125.475,125.611,536
2013-12-16,125.598,125.801,125.445,125.49,530
2013-12-17,125.506,125.889,125.506,125.871,478
2013-12-18,125.823,126.017,125.054,125.384,557
2013-12-19,125.383,125.509,124.68,124.896,726
2013-12-20,124.912,125.122,124.509,124.977,652
2013-12-23,124.925,124.944,124.605,124.62,519
2013-12-24,124.651,124.728,124.183,124.23,351
2013-12-26,124.214,124.237,124.061,124.122,144
2013-12-27,124.153,124.353,123.955,124.124,432
2013-12-30,124.127,124.368,123.949,124.351,380
2013-12-31,124.326,124.364,124.009,124.087,297
2014-01-02,123.89,124.328,123.874,124.231,377
2014-01-03,124.206,124.423,124.095,124.185,445
2014-01-06,124.11,124.587,123.952,124.475,467
2014-01-07,124.49,124.683,124.41,124.618,465
2014-01-08,124.586,124.586,123.976,124.069,520
2014-01-09,124.1,124.312,123.98,124.245,574
2014-01-10,124.244,125.303,124.209,125.27,517
2014-01-13,125.21,125.561,125.158,125.48,422
2014-01-14,125.48,125.48,125.012,125.026,456
2014-01-15,125.041,125.143,124.638,124.792,477
2014-01-16,124.798,125.237,124.744,125.155,465
2014-01-17,125.162,125.347,125.02,125.339,373
2014-01-20,125.302,125.395,125.202,125.307,165
2014-01-21,125.272,125.288,124.809,125.118,418
2014-01-22,125.133,125.164,124.679,124.679,444
2014-01-23,124.679,125.673,124.631,125.499,599
2014-01-24,125.522,126.261,125.449,126.004,786
2014-01-27,125.959,126.022,125.522,125.71,733
2014-01-28,125.702,125.843,125.374,125.728,651
2014-01-29,125.515,126.422,125.413,126.295,752
2014-01-30,126.24,126.324,125.876,126.124,754
2014-01-31,126.124,126.566,126.028,126.55,760
2014-02-03,126.372,127.121,126.246,127.058,752
2014-02-04,127.01,127.084,126.685,126.698,692
2014-02-05,126.713,127.066,126.404,126.449,673
2014-02-06,126.432,126.541,126.108,126.168,650
2014-02-07,126.19,126.849,125.782,126.468,633
2014-02-10,126.376,126.636,126.368,126.504,482
2014-02-11,126.472,126.513,125.975,126.004,503
2014-02-12,126.003,126.112,125.6,125.739,493
2014-02-13,125.762,126.292,125.754,126.243,544
2014-02-14,126.258,126.442,126.044,126.112,499
2014-02-17,126.09,126.168,125.974,126.103,194
2014-02-18,126.065,126.474,125.947,126.377,486
2014-02-19,126.36,126.681,126.065,126.065,534
2014-02-20,126.072,126.451,125.755,125.894,614
2014-02-21,125.925,126.007,125.65,125.974,465
2014-02-24,125.93,126.085,125.7,125.854,431
2014-02-25,125.861,126.188,125.816,126.107,389
2014-02-26,126.106,126.469,126.003,126.453,484
2014-02-27,126.421,126.712,126.354,126.627,515
2014-02-28,126.618,126.717,126.038,126.456,671
2014-03-03,126.952,126.968,126.497,126.806,980
2014-03-04,126.821,126.829,126.041,126.087,824
2014-03-05,126.094,126.264,125.874,126.058,790
2014-03-06,126.088,126.134,125.688,125.808,655
2014-03-07,125.839,125.94,125.099,125.331,544
2014-03-09,125.305,125.328,125.297,125.328,10
2014-03-10,125.336,125.465,125.145,125.343,479
2014-03-11,125.336,125.535,125.205,125.405,489
2014-03-12,125.398,125.901,125.389,125.689,567
2014-03-13,125.696,126.403,125.457,126.273,663
2014-03-14,126.281,126.66,126.135,126.226,755
2014-03-16,126.207,126.309,126.159,126.269,32
2014-03-17,126.276,126.332,125.875,125.904,604
2014-03-18,125.897,126.18,125.846,126.077,547
2014-03-19,126.069,126.168,124.717,124.968,553
2014-03-20,124.975,125.138,124.767,124.966,763
2014-03-21,124.959,125.064,124.798,125.014,450
2014-03-23,124.932,124.932,124.852,124.852,14
2014-03-24,124.845,124.998,124.558,124.867,621
2014-03-25,124.874,125.018,124.73,124.802,553
2014-03-26,124.799,125.356,124.729,125.259,546
2014-03-27,125.263,125.372,125.013,125.195,663
2014-03-28,125.188,125.315,124.819,124.848,495
2014-03-30,124.781,124.813,124.765,124.78,21
2014-03-31,124.788,124.892,124.486,124.827,516
2014-04-01,124.834,124.873,124.626,124.731,470
2014-04-02,124.734,124.746,124.145,124.161,485
2014-04-03,124.165,124.386,124.151,124.207,490
2014-04-04,124.214,125.001,124.04,124.997,543
2014-04-06,124.93,124.993,124.915,124.961,20
2014-04-07,124.977,125.233,124.876,125.007,476
2014-04-08,125.023,125.309,124.934,125.227,496
2014-04-09,125.22,125.481,124.93,125.383,488
2014-04-10,125.391,126.096,125.35,125.745,667
2014-04-11,125.752,126.114,125.66,125.887,609
2014-04-13,125.946,126.214,125.946,126.088,28
2014-04-14,126.095,126.103,125.587,125.613,528
2014-04-15,125.597,125.979,125.477,125.707,595
2014-04-16,125.722,125.738,125.394,125.484,595
2014-04-17,125.488,125.623,124.698,124.807,463
2014-04-20,124.731,124.771,124.708,124.747,17
2014-04-21,124.743,124.948,124.588,124.753,287
2014-04-22,124.746,124.873,124.49,124.705,419
2014-04-23,124.697,125.055,124.635,124.782,445
2014-04-24,124.789,125.008,124.552,124.939,491
2014-04-25,124.931,125.242,124.873,125.017,516
2014-04-27,124.951,124.982,124.951,124.966,13
2014-04-28,124.959,125.079,124.64,124.807,507
2014-04-29,124.803,124.918,124.562,124.838,493
2014-04-30,124.844,125.295,124.671,125.198,510
2014-05-01,125.205,125.625,125.141,125.417,388
2014-05-02,125.424,125.736,124.614,125.543,556
2014-05-04,125.476,125.476,125.35,125.35,19
2014-05-05,125.357,125.654,125.291,125.333,382
2014-05-06,125.34,125.445,125.198,125.394,482
2014-05-07,125.387,125.696,125.211,125.582,598
2014-05-08,125.574,125.869,125.493,125.769,600
2014-05-09,125.776,125.885,125.616,125.69,490
2014-05-11,125.639,125.639,125.576,125.592,15
2014-05-12,125.584,125.607,125.323,125.339,446
2014-05-13,125.346,125.763,125.282,125.714,404
2014-05-14,125.707,126.424,125.665,126.184,543
2014-05-15,126.191,126.754,126.001,126.543,669
2014-05-16,126.551,126.606,126.277,126.277,539
2014-05-18,126.273,126.288,126.226,126.272,15
2014-05-19,126.265,126.574,126.193,126.208,464
2014-05-20,126.215,126.571,126.157,126.489,571
2014-05-21,126.496,126.608,126.067,126.299,536
2014-05-22,126.292,126.36,126.059,126.156,565
2014-05-23,126.148,126.364,126.091,126.266,335
2014-05-25,126.184,126.184,126.152,126.152,12
2014-05-26,126.144,126.252,126.113,126.135,129
2014-05-27,126.127,126.308,126.013,126.29,434
2014-05-28,126.286,126.903,126.274,126.805,545
2014-05-29,126.812,127.123,126.586,126.616,557
2014-05-30,126.608,126.693,126.386,126.506,548
2014-06-01,126.455,126.486,126.431,126.439,24
2014-06-02,126.431,126.495,125.946,126.038,532
2014-06-03,126.031,126.129,125.46,125.523,541
2014-06-04,125.53,125.737,125.311,125.465,544
2014-06-05,125.473,125.806,125.144,125.66,595
2014-06-06,125.656,126.063,125.399,125.476,585
2014-06-08,125.439,125.455,125.392,125.423,11
2014-06-09,125.416,125.454,125.132,125.318,487
2014-06-10,125.311,125.41,124.977,125.008,474
2014-06-11,125.015,125.285,124.847,125.061,517
2014-06-12,125.054,125.666,124.946,125.365,607
2014-06-13,125.369,125.436,124.981,125.324,649
2014-06-15,125.311,125.319,125.208,125.255,16
2014-06-16,125.262,125.503,125.184,125.261,473
2014-06-17,125.268,125.368,124.762,124.778,415
2014-06-18,124.785,125.508,124.777,125.507,596
2014-06-19,125.5,125.705,125.09,125.34,615
2014-06-20,125.347,125.401,125.034,125.346,416
2014-06-22,125.293,125.324,125.277,125.277,6
2014-06-23,125.269,125.459,125.14,125.156,426
2014-06-24,125.163,125.555,125.163,125.539,476
2014-06-25,125.546,125.974,125.457,125.702,441
2014-06-26,125.694,126.056,125.601,125.912,439
2014-06-27,125.927,126.172,125.927,125.965,419
2014-06-29,125.959,126.006,125.959,125.974,7
2014-06-30,125.967,126.079,125.81,125.917,344
2014-07-01,125.901,126.01,125.656,125.67,363
2014-07-02,125.677,125.807,125.204,125.267,376
2014-07-03,125.262,125.313,124.631,125.036,415
2014-07-04,125.043,125.095,124.956,125.044,188
2014-07-06,124.989,125.005,124.894,124.894,9
2014-07-07,124.902,125.186,124.83,125.167,282
2014-07-08,125.16,125.631,125.101,125.518,400
2014-07-09,125.511,125.745,125.18,125.68,476
2014-07-10,125.688,126.225,125.663,125.906,561
2014-07-11,125.902,126.102,125.776,125.975,417
2014-07-13,125.93,125.937,125.906,125.937,11
2014-07-14,125.941,125.953,125.661,125.691,262
2014-07-15,125.698,125.936,125.448,125.618,491
2014-07-16,125.61,125.724,125.439,125.67,402
2014-07-17,125.663,126.398,125.654,126.351,615
2014-07-18,126.358,126.366,125.824,125.917,526
2014-07-20,125.88,125.895,125.864,125.895,9
2014-07-21,125.891,126.139,125.827,125.947,330
2014-07-22,125.94,126.082,125.675,126.047,408
2014-07-23,126.039,126.15,125.917,126.02,328
2014-07-24,126.027,126.064,125.557,125.696,445
2014-07-25,125.703,125.939,125.535,125.906,383
2014-07-27,125.853,125.869,125.853,125.868,8
2014-07-28,125.861,125.877,125.625,125.685,390
2014-07-29,125.678,125.977,125.588,125.91,431
2014-07-30,125.914,125.957,124.976,125.115,522
2014-07-31,125.122,125.299,124.764,125.121,571
2014-08-01,125.105,125.897,124.926,125.848,642
2014-08-03,125.748,125.779,125.748,125.763,9
2014-08-04,125.76,126.039,125.666,125.941,353
2014-08-05,125.934,126.017,125.574,125.821,504
2014-08-06,125.828,126.224,125.786,125.983,559
2014-08-07,125.99,126.46,125.851,126.396,551
2014-08-08,126.388,126.988,126.308,126.308,760
2014-08-10,126.286,126.286,126.223,126.254,13
2014-08-11,126.239,126.403,126.158,126.244,473
2014-08-12,126.251,126.394,126.077,126.124,458
2014-08-13,126.131,126.601,125.962,126.489,556
2014-08-14,126.485,126.812,126.409,126.62,585
2014-08-15,126.612,127.396,126.554,127.033,555
2014-08-17,126.98,126.996,126.823,126.823,15
2014-08-18,126.83,126.931,126.594,126.64,404
2014-08-19,126.64,126.916,126.537,126.583,408
2014-08-20,126.579,126.61,126.12,126.212,515
2014-08-21,126.204,126.423,126.097,126.295,499
2014-08-22,126.291,126.525,125.912,126.176,487
2014-08-25,126.137,126.352,126.084,126.284,360
2014-08-26,126.291,126.45,126.198,126.242,412
2014-08-27,126.25,126.548,126.242,126.498,429
2014-08-28,126.491,126.806,126.482,126.628,496
2014-08-29,126.624,126.703,126.465,126.525,533
2014-08-31,126.496,126.504,126.456,126.503,12
2014-09-01,126.498,126.502,126.372,126.429,237
2014-09-02,126.436,126.445,125.906,125.996,619
2014-09-03,125.993,126.034,125.523,125.994,704
2014-09-04,125.998,126.238,125.553,125.576,704
2014-09-05,125.58,126.318,125.469,125.676,735
2014-09-07,125.662,125.732,125.654,125.694,24
2014-09-08,125.698,125.939,125.41,125.44,744
2014-09-09,125.444,125.496,125.157,125.172,892
2014-09-10,125.176,125.272,124.904,124.958,817
2014-09-11,124.954,125.203,124.878,124.932,854
2014-09-12,124.928,124.97,124.524,124.563,890
2014-09-14,124.588,124.628,124.574,124.612,17
2014-09-15,124.608,124.785,124.468,124.75,660
2014-09-16,124.754,125.068,124.693,124.754,667
2014-09-17,124.747,125.142,124.278,124.278,597
2014-09-18,124.271,124.476,124.071,124.226,598
2014-09-19,124.233,124.598,124.02,124.582,626
2014-09-21,124.539,124.617,124.539,124.617,17
2014-09-22,124.602,124.88,124.598,124.784,527
2014-09-23,124.792,125.078,124.751,125.046,472
2014-09-24,125.053,125.077,124.727,124.774,497
2014-09-25,124.766,125.317,124.757,125.286,465
2014-09-26,125.289,125.393,124.826,124.983,570
2014-09-28,124.987,124.987,124.971,124.987,5
2014-09-29,124.979,125.329,124.859,125.311,486
2014-09-30,125.295,125.31,124.963,125.242,533
2014-10-01,125.187,126.131,125.147,125.195,662
2014-10-02,126.045,126.158,125.718,125.78,705
2014-10-03,125.773,125.841,125.259,125.681,553
2014-10-05,125.623,125.623,125.576,125.576,12
2014-10-06,125.56,125.995,125.544,125.852,557
2014-10-07,125.856,126.537,125.788,126.458,676
2014-10-08,126.465,127.033,126.219,126.829,732
2014-10-09,126.822,127.312,126.761,126.949,843
2014-10-10,126.956,127.181,126.633,127.179,749
2014-10-12,127.132,127.528,127.12,127.496,47
2014-10-13,127.489,127.773,127.259,127.663,525
2014-10-14,127.67,128.115,127.395,127.861,873
2014-10-15,127.854,130.914,127.624,128.89,981
2014-10-16,128.894,129.937,128.165,128.305,1159
2014-10-17,128.312,128.71,127.815,128.033,1011
2014-10-19,127.959,127.975,127.771,127.778,39
2014-10-20,127.782,128.331,127.754,128.11,889
2014-10-21,128.125,128.609,127.793,127.9,922
2014-10-22,127.893,128.212,127.584,127.895,825
2014-10-23,127.888,128.02,127.154,127.404,795
2014-10-24,127.396,127.795,127.336,127.367,877
2014-10-26,127.262,127.293,127.199,127.215,20
2014-10-27,127.222,127.571,127.118,127.428,708
2014-10-28,127.421,127.521,127.126,127.172,641
2014-10-29,127.176,127.311,126.494,126.822,605
2014-10-30,126.826,127.053,126.616,126.942,754
2014-10-31,126.938,127.019,126.501,126.655,825
2014-11-03,126.674,126.891,126.232,126.56,642
2014-11-04,126.591,126.885,126.495,126.617,690
2014-11-05,126.601,126.678,126.331,126.58,657
2014-11-06,126.587,126.719,126.167,126.23,709
2014-11-07,126.245,126.976,126.101,126.976,704
2014-11-10,126.91,127.243,126.489,126.489,642
2014-11-11,126.505,126.567,126.299,126.406,269
2014-11-12,126.413,126.84,126.342,126.431,661
2014-11-13,126.431,126.755,126.382,126.723,616
2014-11-14,126.723,126.953,126.391,126.859,572
2014-11-17,126.807,127.191,126.624,126.67,613
2014-11-18,126.701,126.932,126.667,126.852,476
2014-11-19,126.836,126.883,126.441,126.518,580
2014-11-20,126.533,126.983,126.517,126.667,603
2014-11-21,126.674,126.88,126.537,126.848,612
2014-11-24,126.837,127.031,126.671,126.952,427
2014-11-25,126.952,127.354,126.853,127.338,493
2014-11-26,127.322,127.631,127.29,127.488,497
2014-11-27,127.519,127.765,127.501,127.765,228
2014-11-28,127.795,127.993,127.653,127.993,366
2014-12-01,128.012,128.286,127.498,127.576,596
2014-12-02,127.592,127.623,127.066,127.097,509
2014-12-03,127.097,127.218,126.935,127.09,563
2014-12-04,127.137,127.413,126.928,127.397,496
2014-12-05,127.397,127.412,126.512,126.667,515
2014-12-08,126.581,127.117,126.303,126.959,571
2014-12-09,126.959,127.614,126.848,127.392,678
2014-12-10,127.392,127.95,127.249,127.887,732
2014-12-11,127.84,128.103,127.315,127.691,825
2014-12-12,127.659,128.518,127.643,128.454,780
2014-12-15,128.328,128.58,127.899,127.976,836
2014-12-16,127.991,129.087,127.975,128.44,938
2014-12-17,128.424,128.532,127.584,127.678,927
2014-12-18,127.611,127.911,126.997,127.121,846
2014-12-19,127.136,127.445,126.945,127.365,766
2014-12-22,127.334,127.489,127.173,127.374,559
2014-12-23,127.351,127.442,126.55,126.581,512
2014-12-24,126.613,126.814,126.293,126.622,365
2014-12-26,126.613,126.719,126.53,126.607,236
2014-12-29,126.591,127.081,126.574,127.008,504
2014-12-30,126.977,127.333,126.973,127.189,447
2014-12-31,127.22,127.389,127.139,127.356,326
2015-01-02,127.206,127.891,126.966,127.811,670
2015-01-05,127.748,128.385,127.603,128.338,731
2015-01-06,128.29,129.65,128.29,129.052,881
2015-01-07,129.052,129.221,128.56,128.903,932
2015-01-08,128.84,128.9,128.489,128.613,805
2015-01-09,128.629,129.361,128.593,129.265,763
2015-01-12,129.269,129.635,129.041,129.634,700
2015-01-13,129.618,130.039,129.346,129.721,892
2015-01-14,129.768,130.72,129.705,130.059,1009
2015-01-15,130.09,131.415,129.695,131.368,1029
2015-01-16,131.258,131.426,130.216,130.247,1074
2015-01-19,130.263,130.636,130.169,130.477,463
2015-01-20,130.412,130.783,130.11,130.405,909
2015-01-21,130.381,130.572,129.724,129.755,942
2015-01-22,129.786,130.267,129.154,129.732,974
2015-01-23,129.747,130.449,129.653,130.273,984
2015-01-26,130.375,130.585,129.782,129.952,840
2015-01-27,129.936,130.558,129.904,129.992,798
2015-01-28,130.023,131.019,129.895,130.83,907
2015-01-29,130.814,130.908,130.291,130.572,903
2015-01-30,130.572,131.536,130.493,131.505,874
2015-02-02,131.379,131.458,130.92,131.278,913
2015-02-03,131.278,131.386,130.237,130.315,869
2015-02-04,130.315,130.809,129.918,130.668,993
2015-02-05,130.73,130.947,129.989,130.143,1023
2015-02-06,130.112,130.671,128.789,128.836,821
2015-02-09,128.93,129.396,128.641,128.672,858
2015-02-10,128.719,128.844,128.417,128.618,846
2015-02-11,128.664,128.865,128.282,128.375,729
2015-02-12,128.422,128.855,128.136,128.697,858
2015-02-13,128.697,128.759,128.314,128.345,705
2015-02-16,128.298,128.512,128.122,128.496,322
2015-02-17,128.541,128.664,127.361,127.564,829
2015-02-18,127.579,128.465,127.293,128.167,864
2015-02-19,128.198,128.461,127.721,127.768,817
2015-02-20,127.768,128.436,127.527,127.792,806
2015-02-23,127.667,128.224,127.617,128.208,655
2015-02-24,128.208,128.951,127.757,128.889,694
2015-02-25,128.889,129.057,128.695,128.913,762
2015-02-26,128.881,129.189,128.264,128.342,797
2015-02-27,128.389,128.637,128.182,128.59,756
2015-03-02,128.575,128.65,127.798,127.892,687
2015-03-03,127.901,127.984,127.524,127.603,720
2015-03-04,127.618,127.849,127.474,127.69,743
2015-03-05,127.69,127.921,127.481,127.777,650
2015-03-06,127.772,128.228,126.656,126.733,750
2015-03-08,126.759,126.766,126.719,126.734,11
2015-03-09,126.727,127.2,126.671,127.136,768
2015-03-10,127.14,127.776,126.994,127.6,744
2015-03-11,127.608,127.865,127.329,127.688,749
2015-03-12,127.684,128.359,127.591,127.696,812
2015-03-13,127.704,128.053,127.458,127.769,728
2015-03-15,127.734,127.817,127.723,127.801,25
2015-03-16,127.808,128.174,127.782,127.998,662
2015-03-17,128.006,128.371,127.966,128.18,650
2015-03-18,128.187,129.603,128.148,129.476,758
2015-03-19,129.483,129.664,128.732,128.951,844
2015-03-20,128.958,129.4,128.901,129.321,592
2015-03-22,129.321,129.385,129.321,129.338,9
2015-03-23,129.342,129.552,129.241,129.504,580
2015-03-24,129.496,129.843,129.36,129.763,671
2015-03-25,129.756,129.995,129.302,129.395,629
2015-03-26,129.391,129.659,128.777,128.949,731
2015-03-27,128.956,129.288,128.851,129.099,663
2015-03-29,129.147,129.179,129.116,129.116,15
2015-03-30,129.123,129.331,129.019,129.25,613
2015-03-31,129.257,129.542,129.136,129.463,674
2015-04-01,129.455,130.085,129.318,129.989,706
2015-04-02,129.985,130.268,129.637,129.699,635
2015-04-03,129.692,130.684,129.668,130.432,281
2015-04-05,130.416,130.541,130.416,130.534,19
2015-04-06,130.537,130.556,129.876,129.953,473
2015-04-07,129.961,130.014,129.635,129.915,563
2015-04-08,129.922,130.068,129.611,129.798,665
2015-04-09,129.802,130.029,129.259,129.305,595
2015-04-10,129.312,129.599,129.255,129.361,588
2015-04-12,129.315,129.346,129.299,129.346,11
2015-04-13,129.339,129.59,129.061,129.59,578
2015-04-14,129.583,130.166,129.525,129.881,589
2015-04-15,129.888,130.08,129.72,129.968,613
2015-04-16,129.975,130.197,129.712,130.055,650
2015-04-17,130.062,130.412,129.846,130.095,664
2015-04-19,130.049,130.065,130.018,130.033,13
2015-04-20,130.041,130.217,129.871,129.979,576
2015-04-21,129.986,130.148,129.738,129.831,561
2015-04-22,129.835,129.938,129.12,129.228,621
2015-04-23,129.235,129.614,129.145,129.441,719
2015-04-24,129.444,129.875,129.312,129.842,632
2015-04-26,129.827,129.843,129.811,129.827,7
2015-04-27,129.834,129.95,129.509,129.741,510
2015-04-28,129.734,129.769,129.077,129.123,595
2015-04-29,129.13,129.278,128.488,128.865,779
2015-04-30,128.873,128.99,128.171,128.749,826
2015-05-01,128.741,128.741,128.078,128.147,499
2015-05-03,128.18,128.18,128.023,128.085,17
2015-05-04,128.078,128.41,127.925,128.047,590
2015-05-05,128.043,128.278,127.573,127.742,801
2015-05-06,127.735,127.785,127.219,127.328,891
2015-05-07,127.332,127.808,126.73,127.65,950
2015-05-08,127.643,128.491,127.536,128.145,867
2015-05-10,128.075,128.177,128.068,128.161,15
2015-05-11,128.169,128.271,127.075,127.152,811
2015-05-12,127.145,127.476,126.475,127.412,942
2015-05-13,127.404,127.924,127.139,127.201,911
2015-05-14,127.208,127.743,127.106,127.679,902
2015-05-15,127.687,128.378,127.663,128.252,745
2015-05-17,128.207,128.316,128.191,128.238,29
2015-05-18,128.23,128.298,127.496,127.534,706
2015-05-19,127.53,127.978,126.99,127.112,822
2015-05-20,127.119,127.664,127.112,127.537,840
2015-05-21,127.533,127.994,127.414,127.97,905
2015-05-22,127.966,128.179,127.374,127.703,704
2015-05-24,127.738,127.738,127.64,127.664,23
2015-05-25,127.667,127.824,127.592,127.758,213
2015-05-26,127.754,128.239,127.565,128.128,823
2015-05-27,128.121,128.231,127.856,128.152,807
2015-05-28,128.159,128.366,128.068,128.207,656
2015-05-29,128.214,128.594,128.171,128.357,621
2015-05-31,128.342,128.404,128.341,128.357,16
2015-06-01,128.35,128.526,127.721,127.877,687
2015-06-02,127.87,127.877,127.069,127.178,757
2015-06-03,127.185,127.24,126.181,126.352,874
2015-06-04,126.359,126.881,125.814,126.691,890
2015-06-05,126.698,126.706,125.507,125.882,847
2015-06-07,125.85,125.85,125.803,125.85,12
2015-06-08,125.843,126.238,125.787,126.141,737
2015-06-09,126.134,126.391,125.586,125.694,756
2015-06-10,125.697,125.772,125.297,125.482,876
2015-06-11,125.474,126.166,125.227,126.166,808
2015-06-12,126.173,126.475,125.863,125.986,808
2015-06-14,126.143,126.544,126.143,126.489,52
2015-06-15,126.485,126.704,126.184,126.34,828
2015-06-16,126.347,126.788,126.347,126.725,748
2015-06-17,126.718,126.954,125.902,126.859,728
2015-06-18,126.863,127.281,126.288,126.789,945
2015-06-19,126.781,127.349,126.773,127.347,760
2015-06-21,127.175,127.175,126.97,126.986,36
2015-06-22,126.993,127.127,126.382,126.46,788
2015-06-23,126.452,126.472,125.968,126.185,829
2015-06-24,126.189,126.446,126.007,126.397,727
2015-06-25,126.405,126.476,125.952,126.186,783
2015-06-26,126.182,126.278,125.551,125.645,648
2015-06-28,127.086,127.545,127.027,127.294,57
2015-06-29,127.301,127.309,126.237,126.902,1092
2015-06-30,126.898,127.029,126.449,126.62,960
2015-07-01,126.594,126.648,125.892,126.046,846
2015-07-02,126.053,126.716,125.775,126.525,704
2015-07-03,126.518,126.991,126.462,126.912,454
2015-07-05,127.696,127.79,127.397,127.523,45
2015-07-06,127.516,127.554,126.827,127.201,961
2015-07-07,127.208,128.138,127.057,127.508,892
2015-07-08,127.515,128.164,127.445,128.018,1000
2015-07-09,128.014,128.143,126.817,126.833,997
2015-07-10,126.826,127.003,126.246,126.449,971
2015-07-12,126.811,126.842,126.528,126.622,53
2015-07-13,126.614,126.622,125.849,125.971,909
2015-07-14,125.967,126.56,125.955,126.544,788
2015-07-15,126.537,126.914,126.132,126.599,821
2015-07-16,126.606,126.782,126.375,126.639,814
2015-07-17,126.631,126.824,126.399,126.632,651
2015-07-19,126.601,126.632,126.522,126.538,20
2015-07-20,126.53,126.627,126.188,126.326,622
2015-07-21,126.322,126.773,126.165,126.773,629
2015-07-22,126.766,126.956,126.629,126.75,656
2015-07-23,126.746,127.135,126.573,127.072,640
2015-07-24,127.064,127.317,127.006,127.206,683
2015-07-26,127.222,127.268,127.206,127.253,9
2015-07-27,127.245,127.703,127.189,127.637,644
2015-07-28,127.63,127.637,127.242,127.316,710
2015-07-29,127.312,127.393,127.044,127.152,652
2015-07-30,127.144,127.302,126.755,127.253,766
2015-07-31,127.246,128.014,127.046,127.999,699
2015-08-02,127.967,127.983,127.889,127.889,20
2015-08-03,127.885,128.29,127.745,128.132,698
2015-08-04,128.139,128.241,127.45,127.466,673
2015-08-05,127.459,127.587,126.913,127.051,750
2015-08-06,127.047,127.5,127.015,127.451,685
2015-08-07,127.458,127.883,127.149,127.882,656
2015-08-09,127.82,127.835,127.788,127.804,13
2015-08-10,127.8,127.804,127.265,127.358,653
2015-08-11,127.365,128.402,127.357,128.149,820
2015-08-12,128.141,129.007,128.023,128.188,936
2015-08-13,128.195,128.532,127.711,127.742,882
2015-08-14,127.749,127.988,127.471,127.609,696
2015-08-16,127.656,127.672,127.641,127.672,13
2015-08-17,127.679,128.09,127.609,127.915,640
2015-08-18,127.918,128.162,127.642,127.704,629
2015-08-19,127.711,128.48,127.386,128.353,734
2015-08-20,128.357,128.722,128.29,128.706,806
2015-08-21,128.702,129.107,128.591,128.996,888
2015-08-23,129.074,129.121,129.043,129.105,40
2015-08-24,129.109,130.102,128.943,129.332,1188
2015-08-25,129.325,129.332,128.23,128.824,1198
2015-08-26,128.82,129.011,127.972,128.112,1167
2015-08-27,128.105,128.359,127.763,128.01,1009
2015-08-28,128.006,128.537,127.864,128.003,935
2015-08-30,127.676,127.817,127.581,127.801,43
2015-08-31,127.808,128.347,127.637,127.653,780
2015-09-01,127.66,128.231,127.653,128.149,1006
2015-09-02,128.157,128.274,127.815,127.954,933
2015-09-03,127.947,128.28,127.888,128.136,774
2015-09-04,128.14,128.777,128.101,128.46,797
2015-09-06,128.447,128.462,128.383,128.399,9
2015-09-07,128.392,128.392,128.113,128.251,378
2015-09-08,128.258,128.454,127.931,128.025,703
2015-09-09,128.032,128.161,127.487,128.018,819
2015-09-10,128.025,128.174,127.683,127.744,827
2015-09-11,127.748,128.258,127.744,128.131,660
2015-09-13,128.118,128.142,128.102,128.102,17
2015-09-14,128.098,128.334,128.007,128.174,625
2015-09-15,128.17,128.36,127.225,127.35,732
2015-09-16,127.358,127.506,127.14,127.187,778
2015-09-17,127.202,128.155,127.166,128.107,761
2015-09-18,128.114,128.635,128.091,128.556,843
2015-09-20,128.511,128.511,128.448,128.479,20
2015-09-21,128.472,128.472,127.94,128.08,616
2015-09-22,128.073,128.789,128.047,128.717,715
2015-09-23,128.724,128.936,128.383,128.522,777
2015-09-24,128.515,129.052,128.402,128.437,862
2015-09-25,128.444,128.562,128.01,128.463,874
2015-09-27,128.465,128.496,128.433,128.496,21
2015-09-28,128.48,129.024,128.384,129.007,823
2015-09-29,129.004,129.457,128.831,129.314,884
2015-09-30,129.307,129.465,128.903,129.418,822
2015-10-01,129.406,129.57,129.133,129.402,820
2015-10-02,129.262,130.568,129.141,129.828,781
2015-10-04,129.799,129.893,129.799,129.877,21
2015-10-05,129.87,129.985,129.307,129.416,709
2015-10-06,129.424,129.629,129.207,129.597,690
2015-10-07,129.59,129.597,129.107,129.214,778
2015-10-08,129.221,129.557,128.863,129.051,868
2015-10-09,129.058,129.207,128.67,129.045,777
2015-10-11,129.0,129.015,128.984,128.999,4
2015-10-12,128.996,129.276,128.903,129.228,324
2015-10-13,129.232,129.472,129.098,129.441,718
2015-10-14,129.434,130.078,129.361,130.014,779
2015-10-15,130.007,130.061,129.523,129.569,783
2015-10-16,129.572,129.753,129.39,129.39,680
2015-10-18,129.39,129.486,129.39,129.454,14
2015-10-19,129.447,129.548,129.136,129.448,700
2015-10-20,129.455,129.477,128.911,129.049,675
2015-10-21,129.052,129.405,128.953,129.332,631
2015-10-22,129.329,129.492,129.086,129.271,679
2015-10-23,129.287,129.332,128.686,128.763,694
2015-10-25,128.797,128.812,128.765,128.797,16
2015-10-26,128.789,129.043,128.715,128.994,633
2015-10-27,128.987,129.443,128.946,129.206,697
2015-10-28,129.222,129.281,128.432,128.479,657
2015-10-29,128.486,128.619,127.909,128.002,804
2015-10-30,128.006,128.172,127.795,128.075,777
2015-11-02,128.108,128.154,127.679,127.804,644
2015-11-03,127.835,127.851,127.375,127.468,559
2015-11-04,127.468,127.589,127.119,127.274,690
2015-11-05,127.242,127.364,126.987,127.252,693
2015-11-06,127.236,127.295,126.182,126.399,608
2015-11-09,126.417,126.417,125.99,126.27,759
2015-11-10,126.254,126.625,126.223,126.389,550
2015-11-11,126.42,126.512,126.305,126.398,312
2015-11-12,126.382,126.628,126.284,126.501,652
2015-11-13,126.501,126.902,126.405,126.902,607
2015-11-16,127.155,127.186,126.867,126.914,694
2015-11-17,126.898,127.064,126.549,126.923,624
2015-11-18,126.923,126.999,126.635,126.807,632
2015-11-19,126.822,127.099,126.775,126.957,509
2015-11-20,126.957,127.155,126.856,126.872,501
2015-11-23,126.827,127.088,126.573,127.071,517
2015-11-24,127.055,127.364,126.959,127.112,609
2015-11-25,127.096,127.265,126.981,127.121,563
2015-11-26,127.105,127.319,127.105,127.303,237
2015-11-27,127.303,127.392,127.175,127.249,381
2015-11-30,127.249,127.313,127.012,127.245,343
2015-12-01,127.228,127.821,126.958,127.788,486
2015-12-02,127.74,127.74,127.232,127.42,597
2015-12-03,127.388,127.435,126.047,126.345,641
2015-12-04,126.372,126.764,125.979,126.668,722
2015-12-07,126.576,127.184,126.465,126.994,639
2015-12-08,126.994,127.288,126.865,127.145,689
2015-12-09,127.129,127.438,126.794,127.248,702
2015-12-10,127.232,127.37,126.975,127.006,655
2015-12-11,126.99,127.99,126.958,127.958,705
2015-12-14,127.795,127.831,127.027,127.059,783
2015-12-15,127.09,127.244,126.536,126.722,664
2015-12-16,126.753,126.8,126.026,126.292,722
2015-12-17,126.307,126.898,126.291,126.882,782
2015-12-18,126.882,127.285,126.818,127.079,746
2015-12-21,127.05,127.344,126.875,127.154,608
2015-12-22,127.122,127.245,126.755,126.786,628
2015-12-23,126.818,126.818,126.483,126.639,486
2015-12-24,126.638,126.759,126.541,126.759,296
2015-12-28,126.644,126.953,126.58,126.795,518
2015-12-29,126.795,126.872,126.098,126.192,543
2015-12-30,126.223,126.33,125.982,126.232,656
2015-12-31,126.248,126.525,126.167,126.462,428
2016-01-04,126.382,127.064,126.284,126.686,728
2016-01-05,126.67,126.947,126.528,126.805,694
2016-01-06,126.82,127.426,126.741,127.379,771
2016-01-07,127.363,127.799,127.17,127.67,944
2016-01-08,127.623,128.04,127.07,127.993,911
2016-01-11,127.993,128.192,127.536,127.66,861
2016-01-12,127.691,128.454,127.452,128.233,934
2016-01-13,128.193,128.729,127.885,128.305,925
2016-01-14,128.282,128.678,128.08,128.346,979
2016-01-15,128.33,129.345,128.267,128.888,957
2016-01-18,128.921,129.031,128.668,128.885,587
2016-01-19,128.883,128.94,128.425,128.657,960
2016-01-20,128.673,129.655,128.673,129.278,1113
2016-01-21,129.278,129.571,128.912,128.973,1080
2016-01-22,128.973,129.136,128.467,128.716,997
2016-01-25,128.695,129.072,128.59,129.056,829
2016-01-26,129.056,129.445,128.879,129.159,848
2016-01-27,129.19,129.298,128.692,129.231,796
2016-01-28,129.238,129.461,128.882,129.413,895
2016-01-29,129.435,130.035,129.333,129.986,941
2016-02-01,129.933,130.126,129.496,129.637,898
2016-02-02,129.605,130.538,129.605,130.523,848
2016-02-03,130.523,131.066,130.142,130.312,1024
2016-02-04,130.324,130.76,130.167,130.76,948
2016-02-05,130.744,130.959,130.238,130.753,948
2016-02-08,130.638,131.595,130.471,131.469,951
2016-02-09,131.484,132.031,131.309,131.572,1154
2016-02-10,131.572,132.035,131.192,132.019,1080
2016-02-11,132.019,133.314,131.956,132.122,1061
2016-02-12,132.122,132.262,131.223,131.285,1174
2016-02-15,131.209,131.396,131.003,131.094,715
2016-02-16,131.046,131.402,130.857,131.133,1020
2016-02-17,131.18,131.428,130.407,130.641,1012
2016-02-18,130.672,131.323,130.543,131.292,979
2016-02-19,131.307,131.494,130.865,131.128,966
2016-02-22,131.068,131.146,130.767,131.046,790
2016-02-23,131.077,131.368,130.556,131.305,988
2016-02-24,131.305,131.987,131.076,131.107,974
2016-02-25,131.123,131.778,130.997,131.417,1012
2016-02-26,131.424,131.463,130.753,130.925,796
2016-02-29,130.916,131.131,130.803,131.068,885
2016-03-01,131.068,131.365,130.076,130.107,856
2016-03-02,130.122,130.294,129.711,129.898,741
2016-03-03,129.913,130.145,129.722,129.925,809
2016-03-04,129.925,130.157,129.434,129.638,733
2016-03-07,129.675,129.679,129.326,129.436,649
2016-03-08,129.443,130.201,129.404,130.027,671
2016-03-09,129.995,130.058,129.489,129.646,796
2016-03-10,129.677,129.863,128.968,129.061,787
2016-03-11,129.092,129.233,128.681,128.727,830
2016-03-13,128.812,128.843,128.78,128.843,24
2016-03-14,128.836,129.059,128.701,128.901,637
2016-03-15,128.894,129.275,128.755,128.802,717
2016-03-16,128.806,129.55,128.502,129.519,683
2016-03-17,129.512,129.987,129.456,129.593,792
2016-03-18,129.6,129.918,129.545,129.839,765
2016-03-20,129.814,129.845,129.783,129.814,12
2016-03-21,129.807,129.892,129.37,129.37,592
2016-03-22,129.374,129.792,129.099,129.146,691
2016-03-23,129.139,129.769,129.052,129.722,574
2016-03-24,129.714,129.891,129.373,129.592,573
2016-03-27,129.531,129.546,129.484,129.484,9
2016-03-28,129.48,129.856,129.371,129.698,354
2016-03-29,129.705,130.478,129.604,130.43,678
2016-03-30,130.434,130.489,130.098,130.426,660
2016-03-31,130.433,130.907,130.344,130.844,671
2016-04-01,130.84,130.873,130.45,130.824,725
2016-04-03,130.861,130.924,130.814,130.877,27
2016-04-04,130.884,131.001,130.686,130.982,647
2016-04-05,130.989,131.324,130.966,131.165,680
2016-04-06,131.169,131.256,130.879,131.035,633
2016-04-07,131.028,131.642,130.925,131.579,696
2016-04-08,131.572,131.572,131.2,131.418,665
2016-04-10,131.393,131.44,131.283,131.298,19
2016-04-11,131.291,131.547,131.107,131.325,714
2016-04-12,131.332,131.356,130.835,130.897,646
2016-04-13,130.893,131.035,130.692,130.861,662
2016-04-14,130.854,131.017,130.529,130.622,669
2016-04-15,130.629,131.057,130.527,130.931,546
2016-04-17,131.116,131.156,131.109,131.156,24
2016-04-18,131.149,131.187,130.683,130.728,581
2016-04-19,130.724,130.773,130.49,130.614,618
2016-04-20,130.621,130.879,129.999,130.093,594
2016-04-21,130.1,130.186,129.745,130.01,681
2016-04-22,130.002,130.07,129.646,129.755,637
2016-04-24,129.777,129.792,129.729,129.745,13
2016-04-25,129.741,129.962,129.553,129.6,609
2016-04-26,129.603,129.739,129.33,129.485,572
2016-04-27,129.481,130.154,129.438,130.138,602
2016-04-28,130.134,130.419,129.916,130.321,804
2016-04-29,130.314,130.43,129.912,130.176,667
2016-05-01,130.151,130.198,130.135,130.182,27
2016-05-02,130.189,130.383,129.865,129.927,525
2016-05-03,129.934,130.691,129.915,130.627,658
2016-05-04,130.623,130.779,130.373,130.716,661
2016-05-05,130.723,131.087,130.464,130.993,632
2016-05-06,130.989,131.413,130.66,130.754,612
2016-05-08,130.736,130.744,130.681,130.697,18
2016-05-09,130.693,131.099,130.65,131.037,558
2016-05-10,131.03,131.081,130.831,130.907,596
2016-05-11,130.914,131.279,130.859,131.121,549
2016-05-12,131.125,131.137,130.711,130.772,630
2016-05-13,130.779,131.175,130.738,131.159,597
2016-05-15,131.196,131.275,131.196,131.259,18
2016-05-16,131.255,131.259,130.628,130.644,478
2016-05-17,130.651,130.782,130.452,130.467,536
2016-05-18,130.471,130.529,129.493,129.712,607
2016-05-19,129.719,129.928,129.476,129.785,655
2016-05-20,129.789,129.938,129.657,129.906,441
2016-05-22,129.85,129.928,129.85,129.928,16
2016-05-23,129.924,130.066,129.737,129.876,468
2016-05-24,129.868,130.015,129.528,129.637,427
2016-05-25,129.644,129.727,129.463,129.617,436
2016-05-26,129.624,130.019,129.567,129.956,411
2016-05-27,129.963,130.017,129.592,129.611,401
2016-05-29,129.614,129.622,129.548,129.56,28
2016-05-30,129.567,129.622,129.464,129.542,196
2016-05-31,129.549,129.916,129.4,129.752,448
2016-06-01,129.748,130.149,129.712,129.804,467
2016-06-02,129.8,130.21,129.787,130.147,525
2016-06-03,130.143,131.272,130.068,131.225,491
2016-06-05,131.189,131.236,131.158,131.158,18
2016-06-06,131.162,131.267,130.843,130.984,502
2016-06-07,130.991,131.264,130.889,131.123,403
2016-06-08,131.115,131.278,131.059,131.152,439
2016-06-09,131.145,131.479,131.105,131.244,455
2016-06-10,131.237,131.822,131.228,131.712,452
2016-06-12,131.86,131.864,131.786,131.833,19
2016-06-13,131.84,132.082,131.753,132.018,498
2016-06-14,132.015,132.424,131.876,131.938,613
2016-06-15,131.942,132.515,131.765,132.515,593
2016-06-16,132.511,132.889,132.31,132.357,708
2016-06-17,132.36,132.372,132.011,132.089,621
2016-06-19,131.73,131.788,131.615,131.741,36
2016-06-20,131.744,131.818,131.473,131.598,619
2016-06-21,131.605,131.738,131.314,131.439,581
2016-06-22,131.446,131.594,131.344,131.406,517
2016-06-23,131.399,131.453,130.856,131.075,706
2016-06-24,131.083,134.392,131.083,132.81,1255
2016-06-26,132.9,133.15,132.884,133.143,40
2016-06-27,133.135,133.649,133.056,133.618,1035
2016-06-28,133.586,133.743,133.21,133.397,809
2016-06-29,133.4,133.475,132.863,132.941,677
2016-06-30,132.937,133.409,132.596,133.268,732
2016-07-01,133.264,134.096,133.157,133.407,766
2016-07-03,133.449,133.465,133.371,133.371,21
2016-07-04,133.364,133.495,133.167,133.385,396
2016-07-05,133.392,134.15,133.392,134.008,692
2016-07-06,134.016,134.383,133.725,134.053,894
2016-07-07,134.049,134.069,133.489,133.817,737
2016-07-08,133.813,134.176,133.205,134.003,768
2016-07-10,133.998,134.03,133.904,133.936,17
2016-07-11,133.928,133.983,133.277,133.308,639
2016-07-12,133.315,133.402,132.493,132.68,756
2016-07-13,132.677,133.07,132.649,132.944,730
2016-07-14,132.951,133.038,132.333,132.504,777
2016-07-15,132.511,132.661,131.924,132.377,791
2016-07-17,132.092,132.123,131.873,132.013,38
2016-07-18,132.021,132.372,131.965,132.23,636
2016-07-19,132.234,132.527,132.229,132.369,608
2016-07-20,132.362,132.463,131.992,132.133,585
2016-07-21,132.125,132.49,131.74,132.49,718
2016-07-22,132.483,132.631,132.036,132.254,646
2016-07-24,132.25,132.25,132.219,132.234,8
2016-07-25,132.227,132.374,132.014,132.17,580
2016-07-26,132.178,132.45,131.98,132.23,673
2016-07-27,132.226,132.776,131.933,132.76,769
2016-07-28,132.753,132.852,132.462,132.758,672
2016-07-29,132.751,133.241,132.21,133.225,806
2016-07-31,133.221,133.237,133.158,133.158,11
2016-08-01,133.166,133.19,132.672,132.765,681
2016-08-02,132.773,132.812,132.295,132.404,790
2016-08-03,132.411,132.731,132.371,132.605,717
2016-08-04,132.612,133.182,132.557,133.025,673
2016-08-05,133.029,133.149,132.148,132.163,626
2016-08-07,132.14,132.144,132.034,132.05,18
2016-08-08,132.057,132.283,131.877,132.017,563
2016-08-09,132.024,132.5,132.016,132.452,494
2016-08-10,132.444,132.873,132.405,132.841,585
2016-08-11,132.834,132.841,132.089,132.136,551
2016-08-12,132.132,132.979,132.12,132.619,609
2016-08-14,132.622,132.708,132.622,132.693,12
2016-08-15,132.685,132.77,132.253,132.3,486
2016-08-16,132.307,132.705,131.939,132.095,608
2016-08-17,132.098,132.452,131.906,132.374,681
2016-08-18,132.378,132.544,132.154,132.466,607
2016-08-19,132.459,132.459,131.901,132.011,518
2016-08-21,131.944,131.96,131.796,131.834,27
2016-08-22,131.827,132.365,131.756,132.255,622
2016-08-23,132.247,132.48,132.113,132.299,548
2016-08-24,132.292,132.408,132.173,132.219,525
2016-08-25,132.226,132.344,132.062,132.092,490
2016-08-26,132.099,132.482,131.418,131.465,627
2016-08-28,131.414,131.414,131.352,131.399,33
2016-08-29,131.406,132.022,131.399,131.991,452
2016-08-30,131.987,132.083,131.739,131.926,587
2016-08-31,131.919,132.112,131.736,131.744,611
2016-09-01,131.748,132.048,131.438,131.891,708
2016-09-02,131.895,132.328,131.499,131.686,751
2016-09-04,131.712,131.72,131.642,131.658,23
2016-09-05,131.666,131.759,131.594,131.672,490
2016-09-06,131.676,132.397,131.616,132.358,730
2016-09-07,132.354,132.52,132.248,132.308,775
2016-09-08,132.312,132.402,131.643,131.767,800
2016-09-09,131.76,131.884,131.281,131.32,778
2016-09-11,131.29,131.336,131.246,131.332,29
2016-09-12,131.328,131.57,131.149,131.49,718
2016-09-13,131.497,131.756,130.774,131.04,722
2016-09-14,131.036,131.426,130.896,131.297,657
2016-09-15,131.29,131.78,131.04,131.492,742
2016-09-16,131.485,131.77,131.311,131.389,553
2016-09-18,131.416,131.447,131.4,131.432,16
2016-09-19,131.424,131.521,131.155,131.186,557
2016-09-20,131.19,131.572,131.185,131.396,495
2016-09-21,131.393,131.623,130.964,131.607,789
2016-09-22,131.6,131.962,131.539,131.833,545
2016-09-23,131.826,131.938,131.733,131.856,493
2016-09-25,131.906,131.914,131.851,131.898,7
2016-09-26,131.894,132.284,131.848,132.172,461
2016-09-27,132.164,132.496,131.98,132.319,622
2016-09-28,132.326,132.453,132.157,132.183,528
2016-09-29,132.176,132.475,131.989,132.347,639
2016-09-30,132.354,132.532,131.868,132.008,643
2016-10-02,131.988,131.988,131.924,131.924,10
2016-10-03,131.928,132.015,131.647,131.647,534
2016-10-04,131.64,131.784,131.199,131.276,590
2016-10-05,131.272,131.367,130.845,131.031,586
2016-10-06,131.023,131.12,130.677,130.77,561
2016-10-07,130.766,130.938,130.45,130.887,656
2016-10-09,130.8,130.851,130.772,130.835,26
2016-10-10,130.828,130.866,130.357,130.495,312
2016-10-11,130.499,130.708,130.381,130.549,545
2016-10-12,130.556,130.602,130.213,130.586,570
2016-10-13,130.593,130.93,130.57,130.828,641
2016-10-14,130.82,130.867,130.426,130.473,600
2016-10-16,130.434,130.532,130.407,130.516,22
2016-10-17,130.523,130.838,130.34,130.789,583
2016-10-18,130.782,130.984,130.597,130.952,559
2016-10-19,130.959,131.055,130.742,130.911,528
2016-10-20,130.904,131.078,130.733,130.823,588
2016-10-21,130.807,130.99,130.755,130.94,466
2016-10-23,130.92,130.92,130.872,130.888,16
2016-10-24,130.881,131.039,130.629,130.69,500
2016-10-25,130.694,130.856,130.497,130.774,484
2016-10-26,130.767,130.834,130.342,130.388,591
2016-10-27,130.384,130.435,129.833,130.002,577
2016-10-28,130.009,130.183,129.73,130.056,620
2016-10-30,130.099,130.162,130.083,130.146,19
2016-10-31,130.139,130.203,129.985,130.12,460
2016-11-01,130.113,130.379,129.762,130.236,642
2016-11-02,130.229,130.73,130.205,130.493,701
2016-11-03,130.489,130.789,130.253,130.515,723
2016-11-04,130.522,130.823,130.4,130.788,628
2016-11-07,130.294,130.418,130.188,130.258,542
2016-11-08,130.273,130.409,129.763,129.95,558
2016-11-09,129.918,131.405,128.233,128.483,1288
2016-11-10,128.483,128.888,127.69,127.705,1143
2016-11-11,127.736,128.075,127.461,127.633,804
2016-11-14,127.535,127.551,126.293,126.712,1109
2016-11-15,126.758,127.322,126.674,126.922,1071
2016-11-16,126.922,127.014,126.227,126.803,945
2016-11-17,126.802,127.096,126.135,126.167,820
2016-11-18,126.151,126.458,125.625,125.672,1015
2016-11-21,125.676,126.15,125.606,126.035,924
2016-11-22,126.089,126.232,125.813,125.995,849
2016-11-23,125.979,126.178,125.127,125.625,772
2016-11-24,125.641,125.641,125.336,125.336,470
2016-11-25,125.365,125.61,125.051,125.499,870
2016-11-28,125.572,125.931,125.541,125.915,826
2016-11-29,125.902,126.017,125.548,126.017,676
2016-11-30,125.986,126.033,125.115,125.239,835
2016-12-01,125.214,125.283,124.415,124.76,852
2016-12-02,124.791,125.446,124.791,125.365,787
2016-12-05,125.656,125.869,124.81,125.217,964
2016-12-06,125.248,125.418,125.195,125.288,689
2016-12-07,125.303,125.643,125.193,125.642,594
2016-12-08,125.658,125.658,124.992,125.147,755
2016-12-09,125.143,125.331,124.654,124.715,859
2016-12-12,124.605,124.898,124.272,124.755,769
2016-12-13,124.802,125.049,124.561,124.717,769
2016-12-14,124.717,125.167,123.688,123.75,759
2016-12-15,123.75,123.86,123.18,123.46,981
2016-12-16,123.412,123.878,123.36,123.531,875
2016-12-19,123.516,124.107,123.516,123.98,746
2016-12-20,123.968,124.043,123.584,123.847,856
2016-12-21,123.894,124.045,123.693,124.028,669
2016-12-22,124.028,124.09,123.709,123.942,625
2016-12-23,123.926,124.125,123.878,124.029,346
2016-12-27,123.975,123.975,123.733,123.826,366
2016-12-28,123.81,124.322,123.79,124.258,510
2016-12-29,124.258,124.707,124.242,124.565,652
2016-12-30,124.572,124.936,124.467,124.762,673
2017-01-03,124.692,124.815,124.168,124.7,776
2017-01-04,124.731,124.85,124.431,124.771,731
2017-01-05,124.771,125.613,124.688,125.533,896
2017-01-06,125.533,125.858,124.883,124.929,747
2017-01-09,124.938,125.393,124.785,125.393,617
2017-01-10,125.361,125.45,125.168,125.291,637
2017-01-11,125.306,125.724,125.113,125.252,666
2017-01-12,125.299,125.845,125.283,125.401,790
2017-01-13,125.385,125.82,124.863,125.166,802
2017-01-16,125.226,125.533,125.187,125.31,448
2017-01-17,125.324,125.916,125.276,125.724,877
2017-01-18,125.72,125.755,124.791,124.807,811
2017-01-19,124.775,124.946,124.33,124.517,836
2017-01-20,124.548,124.751,124.231,124.651,845
2017-01-23,124.624,125.414,124.6,125.271,821
2017-01-24,125.287,125.364,124.621,124.684,720
2017-01-25,124.73,124.824,124.153,124.3,773
2017-01-26,124.315,124.436,123.981,124.402,691
2017-01-27,124.355,124.583,124.211,124.536,623
2017-01-30,124.567,124.75,124.453,124.498,701
2017-01-31,124.544,125.04,124.447,124.788,800
2017-02-01,124.803,124.834,124.281,124.686,739
2017-02-02,124.655,125.057,124.607,124.679,743
2017-02-03,124.69,125.175,124.455,124.812,750
2017-02-06,124.766,125.355,124.75,125.307,700
2017-02-07,125.275,125.629,125.082,125.362,730
2017-02-08,125.362,125.872,125.312,125.777,720
2017-02-09,125.78,125.793,125.144,125.221,691
2017-02-10,125.221,125.221,124.934,125.081,670
2017-02-13,125.011,125.011,124.708,124.831,627
2017-02-14,124.815,124.891,124.246,124.479,603
2017-02-15,124.479,124.523,124.036,124.268,651
2017-02-16,124.252,124.779,124.221,124.715,611
2017-02-17,124.667,125.148,124.604,125.004,607
2017-02-20,124.919,124.973,124.799,124.921,246
2017-02-21,124.95,125.028,124.62,124.869,625
2017-02-22,124.869,125.195,124.643,125.004,777
2017-02-23,124.996,125.344,124.939,125.344,620
2017-02-24,125.34,125.889,125.28,125.84,466
2017-02-27,125.858,125.858,125.287,125.302,499
2017-02-28,125.349,125.533,124.856,124.981,670
2017-03-01,124.981,124.981,124.333,124.488,844
2017-03-02,124.503,124.503,124.058,124.277,720
2017-03-03,124.308,124.369,123.989,124.349,681
2017-03-06,124.234,124.553,124.189,124.236,578
2017-03-07,124.236,124.329,124.057,124.057,533
2017-03-08,124.072,124.181,123.506,123.705,668
2017-03-09,123.696,123.779,123.368,123.368,619
2017-03-10,123.377,123.773,123.289,123.692,692
2017-03-12,123.71,123.742,123.663,123.679,13
2017-03-13,123.682,123.864,123.28,123.327,449
2017-03-14,123.331,123.606,123.277,123.462,513
2017-03-15,123.469,124.446,123.46,124.398,558
2017-03-16,124.394,124.492,123.983,124.015,544
2017-03-17,124.018,124.481,124.014,124.354,480
2017-03-19,124.341,124.388,124.341,124.357,18
2017-03-20,124.36,124.68,124.259,124.633,482
2017-03-21,124.64,125.05,124.362,125.05,639
2017-03-22,125.054,125.297,124.938,125.028,652
2017-03-23,125.024,125.197,124.772,124.959,629
2017-03-24,124.955,125.174,124.799,124.953,588
2017-03-26,125.018,125.285,125.018,125.253,39
2017-03-27,125.257,125.471,125.169,125.184,652
2017-03-28,125.188,125.369,124.801,124.817,606
2017-03-29,124.809,125.189,124.754,125.109,534
2017-03-30,125.101,125.231,124.805,124.882,568
2017-03-31,124.89,125.143,124.77,125.128,539
2017-04-02,125.099,125.099,125.02,125.051,26
2017-04-03,125.055,125.736,125.018,125.688,567
2017-04-04,125.681,125.857,125.399,125.431,586
2017-04-05,125.438,125.786,125.253,125.707,584
2017-04-06,125.703,125.783,125.435,125.606,591
2017-04-07,125.599,126.261,125.208,125.208,796
2017-04-09,125.226,125.226,125.148,125.179,19
2017-04-10,125.175,125.519,125.099,125.455,501
2017-04-11,125.451,126.015,125.423,125.934,546
2017-04-12,125.927,126.477,125.822,126.367,627
2017-04-13,126.363,126.693,126.206,126.455,685
2017-04-16,126.693,126.764,126.67,126.749,18
2017-04-17,126.756,126.827,126.226,126.366,547
2017-04-18,126.359,127.034,126.24,126.955,648
2017-04-19,126.948,126.948,126.512,126.604,573
2017-04-20,126.607,126.742,126.238,126.378,618
2017-04-21,126.37,126.671,126.313,126.387,575
2017-04-23,125.81,125.81,125.575,125.731,46
2017-04-24,125.724,126.243,125.667,126.195,697
2017-04-25,126.188,126.242,125.641,125.734,605
2017-04-26,125.738,125.995,125.589,125.931,634
2017-04-27,125.924,126.13,125.804,126.003,560
2017-04-28,126.007,126.096,125.639,126.044,580
2017-04-30,126.062,126.14,126.062,126.109,19
2017-05-01,126.102,126.109,125.666,125.852,480
2017-05-02,125.859,126.128,125.661,126.065,511
2017-05-03,126.061,126.139,125.714,125.745,494
2017-05-04,125.752,125.774,125.38,125.456,494
2017-05-05,125.464,125.643,125.186,125.544,555
2017-05-07,125.343,125.453,125.328,125.421,15
2017-05-08,125.425,125.7,125.227,125.227,572
2017-05-09,125.234,125.336,125.034,125.268,521
2017-05-10,125.264,125.437,125.043,125.105,592
2017-05-11,125.108,125.302,124.991,125.286,557
2017-05-12,125.293,125.845,125.254,125.8,498
2017-05-14,125.772,125.893,125.772,125.799,15
2017-05-15,125.792,125.845,125.59,125.699,448
2017-05-16,125.706,125.96,125.523,125.896,549
2017-05-17,125.888,126.688,125.88,126.593,768
2017-05-18,126.586,126.935,126.388,126.477,816
2017-05-19,126.484,126.586,126.27,126.471,504
2017-05-21,126.442,126.458,126.38,126.395,14
2017-05-22,126.399,126.454,126.253,126.342,420
2017-05-23,126.349,126.527,126.008,126.069,591
2017-05-24,126.076,126.399,125.944,126.32,601
2017-05-25,126.327,126.428,126.223,126.347,522
2017-05-26,126.351,126.548,126.331,126.375,318
2017-05-28,126.351,126.366,126.335,126.335,15
2017-05-29,126.342,126.442,126.224,126.409,122
2017-05-30,126.402,126.656,126.328,126.593,375
2017-05-31,126.597,126.762,126.451,126.652,428
2017-06-01,126.655,126.698,126.414,126.648,430
2017-06-02,126.655,127.241,126.584,127.067,460
2017-06-04,127.106,127.106,127.012,127.043,18
2017-06-05,127.047,127.137,126.837,126.882,365
2017-06-06,126.889,127.335,126.889,127.176,502
2017-06-07,127.169,127.206,126.921,126.984,480
2017-06-08,126.98,127.042,126.652,126.948,544
2017-06-09,126.941,127.105,126.585,126.803,452
2017-06-11,126.795,126.795,126.717,126.732,11
2017-06-12,126.725,126.933,126.62,126.697,478
2017-06-13,126.704,126.819,126.6,126.74,371
2017-06-14,126.747,127.646,126.74,127.441,570
2017-06-15,127.445,127.457,126.999,127.029,534
2017-06-16,127.032,127.262,126.902,127.182,436
2017-06-18,127.174,127.205,127.142,127.142,18
2017-06-19,127.146,127.289,126.778,126.793,460
2017-06-20,126.797,127.135,126.746,127.04,498
2017-06-21,127.047,127.164,126.865,127.005,450
2017-06-22,127.008,127.175,126.955,127.079,440
2017-06-23,127.076,127.122,126.936,127.122,369
2017-06-25,127.082,127.098,127.051,127.098,10
2017-06-26,127.102,127.252,126.955,127.125,416
2017-06-27,127.118,127.202,126.511,126.62,510
2017-06-28,126.627,126.666,126.226,126.49,610
2017-06-29,126.494,126.568,125.924,126.204,695
2017-06-30,126.2,126.234,125.793,125.824,624
2017-07-02,125.832,125.832,125.753,125.769,23
2017-07-03,125.765,125.923,125.359,125.467,515
2017-07-04,125.463,125.811,125.402,125.486,324
2017-07-05,125.49,125.632,125.289,125.6,577
2017-07-06,125.593,125.646,125.112,125.314,603
2017-07-07,125.31,125.406,125.108,125.201,638
2017-07-09,125.192,125.224,125.177,125.224,16
2017-07-10,125.216,125.425,125.144,125.329,422
2017-07-11,125.329,125.514,125.171,125.466,458
2017-07-12,125.47,126.012,125.466,125.838,502
2017-07-13,125.834,125.946,125.553,125.646,521
2017-07-14,125.639,126.301,125.614,125.861,453
2017-07-16,125.869,125.916,125.869,125.9,7
2017-07-17,125.907,126.084,125.836,126.006,477
2017-07-18,126.006,126.426,125.957,126.346,580
2017-07-19,126.339,126.437,126.219,126.279,429
2017-07-20,126.286,126.527,126.23,126.291,529
2017-07-21,126.298,126.616,126.29,126.538,449
2017-07-23,126.522,126.545,126.498,126.545,8
2017-07-24,126.548,126.607,126.322,126.4,390
2017-07-25,126.407,126.43,125.723,125.754,467
2017-07-26,125.758,126.298,125.738,126.235,543
2017-07-27,126.231,126.266,125.888,126.043,656
2017-07-28,126.047,126.212,125.775,126.149,540
2017-07-30,126.172,126.203,126.172,126.187,8
2017-07-31,126.18,126.265,126.011,126.027,380
2017-08-01,126.031,126.446,125.884,126.383,469
2017-08-02,126.39,126.465,126.177,126.269,485
2017-08-03,126.265,126.657,126.253,126.578,492
2017-08-04,126.585,126.625,126.09,126.308,460
2017-08-06,126.284,126.3,126.19,126.237,11
2017-08-07,126.237,126.39,126.126,126.358,421
2017-08-08,126.351,126.403,126.089,126.37,477
2017-08-09,126.377,126.743,126.353,126.444,551
2017-08-10,126.437,126.878,126.365,126.878,587
2017-08-11,126.871,127.032,126.703,126.937,527
2017-08-13,126.913,126.944,126.866,126.881,14
2017-08-14,126.877,126.897,126.596,126.658,476
2017-08-15,126.662,126.689,126.171,126.279,458
2017-08-16,126.282,126.713,126.152,126.65,533
2017-08-17,126.643,126.975,126.476,126.912,579
2017-08-18,126.908,127.175,126.705,126.877,586
2017-08-20,126.837,126.837,126.727,126.727,17
2017-08-21,126.735,127.022,126.727,126.942,494
2017-08-22,126.942,126.973,126.657,126.672,330
2017-08-23,126.668,127.06,126.624,127.028,349
2017-08-24,127.035,127.044,126.758,126.774,432
2017-08-25,126.774,127.052,126.724,126.989,440
2017-08-27,126.988,126.996,126.933,126.933,11
2017-08-28,126.937,127.461,126.9,127.351,371
2017-08-29,127.355,127.678,127.209,127.334,708
2017-08-30,127.327,127.327,127.066,127.205,402
2017-08-31,127.198,127.36,127.063,127.296,406
2017-09-01,127.289,127.561,126.934,126.949,362
2017-09-03,127.228,127.24,127.146,127.193,29
2017-09-04,127.201,127.271,127.13,127.19,213
2017-09-05,127.183,127.877,127.081,127.845,537
2017-09-06,127.838,127.861,127.388,127.435,406
2017-09-07,127.439,128.028,127.435,127.917,471
2017-09-08,127.921,128.199,127.712,127.852,512
2017-09-10,127.556,127.564,127.485,127.532,17
2017-09-11,127.536,127.609,127.185,127.294,382
2017-09-12,127.291,127.31,126.869,126.962,460
2017-09-13,126.97,127.071,126.694,126.803,347
2017-09-14,126.81,126.848,126.472,126.847,420
2017-09-15,126.84,126.847,126.5,126.578,450
2017-09-17,126.548,126.556,126.54,126.556,4
2017-09-18,126.549,126.556,126.319,126.396,315
2017-09-19,126.403,126.489,126.221,126.252,362
2017-09-20,126.256,126.439,125.811,125.952,349
2017-09-21,125.945,126.169,125.84,125.902,412
2017-09-22,125.906,126.197,125.902,126.087,439
2017-09-24,126.026,126.049,125.987,125.987,13
2017-09-25,125.991,126.392,125.971,126.313,450
2017-09-26,126.305,126.375,126.091,126.2,376
2017-09-27,126.193,126.2,125.556,125.696,534
2017-09-28,125.703,125.803,125.319,125.756,498
2017-09-29,125.76,125.863,125.455,125.487,372
2017-10-01,125.481,125.481,125.371,125.418,23
2017-10-02,125.411,125.635,125.166,125.509,483
2017-10-03,125.505,125.631,125.288,125.631,396
2017-10-04,125.624,125.833,125.425,125.597,445
2017-10-05,125.593,125.658,125.328,125.422,422
2017-10-06,125.414,125.437,124.935,125.341,450
2017-10-08,125.256,125.319,125.209,125.287,12
2017-10-09,125.28,125.379,125.224,125.331,160
2017-10-10,125.338,125.642,125.237,125.36,402
2017-10-11,125.36,125.561,125.281,125.404,397
2017-10-12,125.4,125.637,125.372,125.604,358
2017-10-13,125.6,125.994,125.509,125.961,375
2017-10-15,125.908,125.908,125.799,125.814,16
2017-10-16,125.814,125.922,125.561,125.655,388
2017-10-17,125.662,125.7,125.418,125.605,382
2017-10-18,125.612,125.62,125.243,125.304,349
2017-10-19,125.312,125.678,125.288,125.567,500
2017-10-20,125.575,125.583,124.97,125.001,509
2017-10-22,124.964,124.964,124.948,124.948,1
2017-10-23,124.944,125.165,124.9,125.149,433
2017-10-24,125.142,125.18,124.739,124.802,377
2017-10-25,124.805,124.848,124.362,124.705,522
2017-10-26,124.712,124.892,124.452,124.514,521
2017-10-27,124.521,124.902,124.372,124.902,560
2017-10-29,124.881,124.99,124.881,124.912,14
2017-10-30,124.919,125.207,124.88,125.175,503
2017-10-31,125.171,125.268,125.015,125.047,383
2017-11-01,125.042,125.279,124.873,125.122,414
2017-11-02,125.115,125.393,125.042,125.307,510
2017-11-03,125.31,125.532,125.164,125.398,372
2017-11-06,125.376,125.545,125.25,125.498,343
2017-11-07,125.514,125.59,125.325,125.48,391
2017-11-08,125.495,125.589,125.273,125.289,362
2017-11-09,125.289,125.443,125.177,125.223,479
2017-11-10,125.239,125.286,124.783,124.829,456
2017-11-13,124.792,125.025,124.664,124.711,386
2017-11-14,124.726,124.927,124.616,124.88,440
2017-11-15,124.895,125.316,124.88,125.205,522
2017-11-16,125.221,125.228,124.858,124.874,417
2017-11-17,124.905,125.169,124.874,125.059,436
2017-11-20,125.068,125.239,124.784,124.8,483
2017-11-21,124.791,125.001,124.688,124.812,421
2017-11-22,124.812,125.216,124.686,125.2,449
2017-11-23,125.184,125.19,125.074,125.19,143
2017-11-24,125.182,125.182,124.953,125.015,385
2017-11-27,125.04,125.21,124.914,125.147,423
2017-11-28,125.163,125.302,125.004,125.113,426
2017-11-29,125.113,125.16,124.579,124.656,448
2017-11-30,124.641,124.703,124.231,124.387,519
2017-12-01,124.387,125.153,124.244,124.714,677
2017-12-04,124.348,124.612,124.254,124.564,552
2017-12-05,124.564,124.672,124.375,124.64,524
2017-12-06,124.656,124.998,124.593,124.794,551
2017-12-07,124.809,124.933,124.556,124.635,532
2017-12-08,124.619,124.758,124.445,124.585,472
2017-12-11,124.548,124.813,124.498,124.498,313
2017-12-12,124.514,124.623,124.277,124.386,407
2017-12-13,124.386,124.923,124.181,124.916,479
2017-12-14,124.9,124.916,124.507,124.756,542
2017-12-15,124.756,124.803,124.488,124.691,431
2017-12-18,124.638,124.668,124.464,124.479,378
2017-12-19,124.448,124.494,123.874,123.929,395
2017-12-20,123.975,124.068,123.66,123.707,485
2017-12-21,123.707,123.862,123.642,123.735,397
2017-12-22,123.72,123.781,123.687,123.748,257
2017-12-26,123.709,123.895,123.653,123.8,211
2017-12-27,123.784,124.251,123.752,124.22,304
2017-12-28,124.189,124.189,123.998,124.045,296
2017-12-29,124.061,124.309,124.029,124.23,292
2018-01-02,124.23,124.23,123.75,123.891,321
2018-01-03,123.906,124.108,123.858,123.997,348
2018-01-04,123.966,123.966,123.636,123.854,345
2018-01-05,123.869,124.071,123.679,123.679,341
2018-01-08,123.673,123.82,123.61,123.671,224
2018-01-09,123.671,123.702,123.167,123.183,368
2018-01-10,123.167,123.276,122.9,123.165,469
2018-01-11,123.149,123.336,123.038,123.225,500
2018-01-12,123.162,123.24,122.816,123.128,392
2018-01-15,123.107,123.215,123.089,123.105,111
2018-01-16,123.104,123.338,123.024,123.164,389
2018-01-17,123.164,123.227,122.723,122.739,457
2018-01-18,122.723,122.77,122.517,122.517,419
2018-01-19,122.548,122.656,122.28,122.28,448
2018-01-22,122.4,122.507,122.196,122.334,420
2018-01-23,122.334,122.66,122.272,122.645,456
2018-01-24,122.629,122.691,122.298,122.407,507
2018-01-25,122.392,122.608,122.124,122.577,531
2018-01-26,122.592,122.592,122.137,122.214,480
2018-01-29,122.193,122.256,121.707,121.964,598
2018-01-30,121.956,122.095,121.674,121.781,609
2018-01-31,121.781,121.983,121.466,121.794,598
2018-02-01,121.794,121.794,121.213,121.228,613
2018-02-02,121.228,121.321,120.789,120.929,605
2018-02-05,120.908,122.188,120.688,122.078,728
2018-02-06,122.031,122.703,121.293,121.325,1238
2018-02-07,121.325,121.714,120.978,121.166,858
2018-02-08,121.197,121.353,120.648,121.21,986
2018-02-09,121.147,121.692,120.911,121.078,940
2018-02-12,121.03,121.137,120.731,120.949,603
2018-02-13,120.949,121.229,120.949,121.15,525
2018-02-14,121.118,121.321,120.35,120.475,684
2018-02-15,120.49,120.644,120.129,120.409,671
2018-02-16,120.409,120.861,120.394,120.657,526
2018-02-19,120.667,120.73,120.478,120.509,161
2018-02-20,120.524,120.631,120.241,120.584,494
2018-02-21,120.568,120.691,120.144,120.19,472
2018-02-22,120.206,120.548,120.175,120.438,526
2018-02-23,120.438,120.889,120.328,120.795,463
2018-02-26,120.758,121.069,120.727,120.849,479
2018-02-27,120.834,120.94,120.295,120.482,514
2018-02-28,120.482,120.728,120.307,120.728,501
2018-03-01,120.712,121.336,120.633,121.178,714
2018-03-02,121.162,121.316,120.702,120.748,678
2018-03-05,120.721,121.222,120.497,120.606,662
2018-03-06,120.606,120.806,120.43,120.569,506
2018-03-07,120.757,121.055,120.579,120.595,660
2018-03-08,120.595,120.889,120.544,120.809,492
2018-03-09,120.793,120.821,120.412,120.599,483
2018-03-11,120.541,120.541,120.509,120.509,8
2018-03-12,120.512,120.802,120.46,120.739,394
2018-03-13,120.742,121.081,120.642,120.937,455
2018-03-14,120.93,121.232,120.793,121.026,526
2018-03-15,121.03,121.261,120.943,121.005,497
2018-03-16,121.0,121.159,120.813,120.89,404
2018-03-18,120.862,120.862,120.831,120.847,6
2018-03-19,120.842,121.015,120.608,120.81,459
2018-03-20,120.817,120.856,120.459,120.521,408
2018-03-21,120.514,120.752,120.203,120.626,439
2018-03-22,120.633,121.296,120.61,121.216,688
2018-03-23,121.223,121.372,120.931,121.18,738
2018-03-25,121.137,121.215,121.137,121.215,21
2018-03-26,121.208,121.215,120.833,120.864,555
2018-03-27,120.868,121.518,120.817,121.455,611
2018-03-28,121.448,121.751,121.262,121.324,744
2018-03-29,121.331,121.649,121.276,121.507,498
2018-04-01,121.489,121.505,121.458,121.489,15
2018-04-02,121.482,121.814,121.36,121.687,470
2018-04-03,121.695,121.703,121.228,121.337,595
2018-04-04,121.34,121.585,121.112,121.127,641
2018-04-05,121.12,121.169,120.95,121.153,437
2018-04-06,121.16,121.478,121.009,121.446,692
2018-04-08,121.403,121.418,121.309,121.356,15
2018-04-09,121.352,121.413,121.132,121.381,458
2018-04-10,121.388,121.397,121.078,121.109,596
2018-04-11,121.102,121.513,121.093,121.276,487
2018-04-12,121.272,121.353,120.801,120.91,443
2018-04-13,120.917,121.003,120.734,120.873,445
2018-04-15,120.815,120.815,120.721,120.736,11
2018-04-16,120.729,120.857,120.592,120.809,401
2018-04-17,120.802,120.914,120.681,120.788,360
2018-04-18,120.795,120.866,120.438,120.5,391
2018-04-19,120.507,120.562,120.057,120.197,471
2018-04-20,120.189,120.257,119.815,119.815,426
2018-04-22,119.82,119.82,119.757,119.757,9
2018-04-23,119.76,119.772,119.535,119.673,480
2018-04-24,119.666,119.765,119.45,119.511,483
2018-04-25,119.518,119.589,119.289,119.38,554
2018-04-26,119.373,119.69,119.331,119.64,474
2018-04-27,119.636,119.84,119.59,119.776,412
2018-04-29,119.788,119.788,119.733,119.733,4
2018-04-30,119.738,119.932,119.669,119.806,345
2018-05-01,119.802,119.85,119.645,119.707,391
2018-05-02,119.703,119.827,119.532,119.748,476
2018-05-03,119.744,120.096,119.715,119.93,413
2018-05-04,119.934,120.24,119.832,119.925,434
2018-05-06,119.882,119.898,119.867,119.882,4
2018-05-07,119.875,120.004,119.832,119.877,266
2018-05-08,119.884,119.953,119.622,119.683,370
2018-05-09,119.69,119.714,119.431,119.474,348
2018-05-10,119.481,119.894,119.458,119.625,414
2018-05-11,119.632,119.748,119.543,119.604,355
2018-05-13,119.577,119.577,119.546,119.561,8
2018-05-14,119.565,119.685,119.353,119.384,317
2018-05-15,119.391,119.415,118.722,118.971,495
2018-05-16,118.964,119.0,118.638,118.715,440
2018-05-17,118.708,118.775,118.526,118.616,483
2018-05-18,118.623,119.081,118.568,119.065,448
2018-05-20,118.866,118.897,118.834,118.881,13
2018-05-21,118.878,119.095,118.847,119.032,399
2018-05-22,119.039,119.11,118.888,119.058,439
2018-05-23,119.051,119.6,119.01,119.568,542
2018-05-24,119.565,119.846,119.425,119.657,544
2018-05-25,119.664,120.137,119.546,120.137,484
2018-05-27,119.969,119.984,119.859,119.89,17
2018-05-28,119.897,120.434,119.81,120.307,297
2018-05-29,120.303,121.429,120.228,121.318,989
2018-05-30,121.325,121.521,120.392,120.7,1034
2018-05-31,120.716,120.901,120.385,120.633,838
2018-06-01,120.641,120.68,120.035,120.191,697
2018-06-03,120.198,120.245,120.183,120.23,12
2018-06-04,120.245,120.261,119.85,119.896,549
2018-06-05,119.903,120.27,119.88,120.065,622
2018-06-06,120.062,120.065,119.654,119.716,528
2018-06-07,119.709,120.418,119.542,120.01,647
2018-06-08,120.014,120.353,119.868,119.897,703
2018-06-10,119.983,119.998,119.873,119.904,14
2018-06-11,119.911,119.935,119.744,119.822,421
2018-06-12,119.829,119.931,119.631,119.802,519
2018-06-13,119.795,119.846,119.297,119.641,460
2018-06-14,119.634,119.953,119.578,119.873,558
2018-06-15,119.865,120.231,119.857,119.963,525
2018-06-17,119.986,120.049,119.986,120.002,13
2018-06-18,119.995,120.157,119.92,120.045,410
2018-06-19,120.038,120.545,120.029,120.166,625
2018-06-20,120.174,120.305,119.833,119.88,458
2018-06-21,119.887,120.285,119.786,120.237,547
2018-06-22,120.234,120.25,120.0,120.233,411
2018-06-24,120.225,120.303,120.225,120.272,12
2018-06-25,120.279,120.474,120.223,120.237,581
2018-06-26,120.24,120.438,120.173,120.311,441
2018-06-27,120.318,120.746,120.279,120.699,510
2018-06-28,120.692,120.775,120.492,120.585,498
2018-06-29,120.578,120.616,120.394,120.425,464
2018-07-01,120.417,120.511,120.401,120.479,25
2018-07-02,120.486,120.744,120.319,120.366,431
2018-07-03,120.373,120.676,120.254,120.628,442
2018-07-04,120.635,120.659,120.531,120.561,168
2018-07-05,120.569,120.731,120.403,120.605,450
2018-07-06,120.6,120.904,120.509,120.679,394
2018-07-08,120.655,120.671,120.624,120.671,11
2018-07-09,120.664,120.671,120.385,120.401,309
2018-07-10,120.408,120.647,120.272,120.6,332
2018-07-11,120.593,120.678,120.363,120.502,541
2018-07-12,120.51,120.531,120.289,120.467,330
2018-07-13,120.463,120.652,120.403,120.651,302
2018-07-15,120.628,120.628,120.581,120.581,14
2018-07-16,120.588,120.627,120.265,120.42,253
2018-07-17,120.413,120.496,120.294,120.353,318
2018-07-18,120.358,120.492,120.209,120.224,296
2018-07-19,120.217,120.66,120.113,120.533,391
2018-07-20,120.53,120.611,120.194,120.248,427
2018-07-22,120.255,120.271,120.193,120.208,10
2018-07-23,120.201,120.332,119.688,119.735,426
2018-07-24,119.742,119.858,119.623,119.762,376
2018-07-25,119.769,119.916,119.555,119.57,460
2018-07-26,119.578,119.787,119.489,119.566,398
2018-07-27,119.574,119.721,119.472,119.704,346
2018-07-29,119.664,119.696,119.617,119.68,13
2018-07-30,119.687,119.695,119.458,119.598,365
2018-07-31,119.594,119.863,119.55,119.735,487
2018-08-01,119.727,119.735,119.278,119.339,396
2018-08-02,119.347,119.572,119.324,119.461,475
2018-08-03,119.453,119.802,119.413,119.801,402
2018-08-05,119.778,119.778,119.731,119.746,6
2018-08-06,119.739,120.01,119.699,119.899,263
2018-08-07,119.892,119.929,119.582,119.66,241
2018-08-08,119.656,119.751,119.564,119.719,312
2018-08-09,119.712,119.966,119.67,119.934,344
2018-08-10,119.927,120.556,119.902,120.384,609
2018-08-12,120.517,120.595,120.501,120.501,15
2018-08-13,120.508,120.624,120.279,120.325,647
2018-08-14,120.332,120.387,120.167,120.211,419
2018-08-15,120.208,120.694,120.196,120.489,598
2018-08-16,120.496,120.536,120.252,120.407,472
2018-08-17,120.414,120.624,120.357,120.45,419
2018-08-19,120.411,120.442,120.411,120.426,12
2018-08-20,120.442,120.814,120.409,120.766,388
2018-08-21,120.782,120.797,120.513,120.731,413
2018-08-22,120.738,120.854,120.62,120.743,460
2018-08-23,120.75,120.805,120.614,120.645,411
2018-08-24,120.629,120.72,120.455,120.72,339
2018-08-26,120.665,120.665,120.633,120.633,11
2018-08-27,120.64,120.741,120.411,120.442,290
2018-08-28,120.426,120.487,120.157,120.219,395
2018-08-29,120.226,120.327,120.09,120.184,367
2018-08-30,120.191,120.432,120.152,120.416,419
2018-08-31,120.408,120.603,120.368,120.43,397
2018-09-02,120.395,120.442,120.395,120.442,7
2018-09-03,120.426,120.503,120.363,120.424,96
2018-09-04,120.44,120.486,120.11,120.187,424
2018-09-05,120.179,120.28,120.045,120.185,428
2018-09-06,120.192,120.449,120.122,120.434,416
2018-09-07,120.427,120.434,119.791,119.853,420
2018-09-09,119.817,119.817,119.802,119.817,6
2018-09-10,119.81,119.926,119.785,119.878,308
2018-09-11,119.882,119.894,119.485,119.532,339
2018-09-12,119.525,119.687,119.516,119.608,312
2018-09-13,119.615,119.779,119.466,119.528,369
2018-09-14,119.535,119.606,119.307,119.323,368
2018-09-16,119.35,119.35,119.318,119.318,9
2018-09-17,119.311,119.473,119.177,119.457,346
2018-09-18,119.464,119.504,118.908,118.908,477
2018-09-19,118.915,119.016,118.687,118.843,417
2018-09-20,118.85,118.906,118.623,118.841,366
2018-09-21,118.848,118.904,118.7,118.871,365
2018-09-23,118.867,118.882,118.867,118.867,6
2018-09-24,118.863,118.867,118.646,118.693,335
2018-09-25,118.7,118.724,118.519,118.612,358
2018-09-26,118.62,119.017,118.612,118.986,341
2018-09-27,118.979,119.142,118.812,118.968,423
2018-09-28,118.972,119.155,118.904,118.904,413
2018-09-30,118.853,118.869,118.837,118.869,8
2018-10-01,118.857,118.914,118.68,118.853,364
2018-10-02,118.781,119.069,118.773,118.943,480
2018-10-03,118.939,119.037,118.034,118.065,658
2018-10-04,118.072,118.189,117.767,118.047,770
2018-10-05,118.043,118.109,117.67,117.78,532
2018-10-07,117.76,117.76,117.682,117.697,13
2018-10-08,117.69,117.947,117.565,117.789,231
2018-10-09,117.782,117.991,117.616,117.912,608
2018-10-10,117.905,118.411,117.692,118.364,635
2018-10-11,118.36,118.597,118.097,118.347,960
2018-10-12,118.343,118.564,118.143,118.282,677
2018-10-14,118.294,118.341,118.294,118.341,5
2018-10-15,118.334,118.465,118.276,118.354,595
2018-10-16,118.362,118.37,118.182,118.243,457
2018-10-17,118.247,118.414,117.897,117.959,574
2018-10-18,117.967,118.396,117.896,118.255,622
2018-10-19,118.248,118.302,118.019,118.097,621
2018-10-21,118.108,118.171,118.077,118.139,14
2018-10-22,118.147,118.232,117.998,118.106,615
2018-10-23,118.102,118.762,118.091,118.37,689
2018-10-24,118.366,118.978,118.339,118.9,758
2018-10-25,118.893,118.947,118.539,118.82,712
2018-10-26,118.827,119.288,118.804,119.131,798
2018-10-28,119.127,119.158,119.08,119.08,16
2018-10-29,119.087,119.267,118.813,119.078,694
2018-10-30,119.074,119.078,118.716,118.763,714
2018-10-31,118.756,118.763,118.465,118.574,543
2018-11-01,118.581,118.791,118.447,118.712,572
2018-11-02,118.719,118.728,118.085,118.163,665
2018-11-05,118.144,118.334,118.128,118.22,490
2018-11-06,118.22,118.313,117.983,118.015,460
2018-11-07,117.999,118.342,117.795,117.903,785
2018-11-08,117.872,118.074,117.792,117.823,495
2018-11-09,117.839,118.275,117.839,118.243,537
2018-11-12,118.255,118.535,118.176,118.503,307
2018-11-13,118.488,118.642,118.315,118.611,677
2018-11-14,118.595,119.047,118.453,118.781,682
2018-11-15,118.765,119.155,118.687,118.904,753
2018-11-16,118.888,119.308,118.84,119.308,654
2018-11-19,119.32,119.428,119.084,119.287,569
2018-11-20,119.303,119.489,119.254,119.269,738
2018-11-21,119.285,119.316,119.065,119.252,567
2018-11-22,119.267,119.345,119.188,119.25,196
2018-11-23,119.25,119.499,119.186,119.373,365
2018-11-26,119.385,119.4,119.117,119.305,529
2018-11-27,119.305,119.365,119.163,119.256,529
2018-11-28,119.271,119.442,119.129,119.332,478
2018-11-29,119.316,119.784,119.285,119.497,646
2018-11-30,119.528,119.808,119.512,119.808,398
2018-12-03,119.477,119.914,119.289,119.882,548
2018-12-04,119.898,120.413,119.835,120.241,649
2018-12-05,120.241,120.241,120.232,120.232,8
2018-12-06,120.177,120.989,120.145,120.426,853
2018-12-07,120.457,120.863,120.331,120.863,701
2018-12-10,120.922,121.063,120.702,120.765,727
2018-12-11,120.765,120.89,120.466,120.56,688
2018-12-12,120.56,120.607,120.277,120.324,643
2018-12-13,120.34,120.48,120.277,120.354,591
2018-12-14,120.354,120.713,120.354,120.509,597
2018-12-17,120.509,120.849,120.444,120.755,597
2018-12-18,120.771,121.051,120.74,121.051,632
2018-12-19,121.067,121.535,120.8,121.394,679
2018-12-20,121.378,121.456,121.017,121.049,954
2018-12-21,121.033,121.251,121.017,121.157,634
2018-12-24,121.217,121.669,121.122,121.654,475
2018-12-26,121.589,121.761,120.994,121.056,794
2018-12-27,121.088,121.696,121.072,121.477,702
2018-12-28,121.508,121.914,121.383,121.851,735
2018-12-31,121.755,122.223,121.676,121.988,498
2019-01-02,121.955,122.611,121.94,122.595,663
2019-01-03,122.72,123.345,122.329,123.266,808
2019-01-04,123.266,123.329,122.233,122.28,784
2019-01-07,122.277,122.573,121.994,122.026,678
2019-01-08,122.026,122.135,121.712,121.727,578
2019-01-09,121.743,121.961,121.601,121.898,618
2019-01-10,121.882,122.195,121.678,121.693,726
2019-01-11,121.709,122.193,121.709,122.005,592
2019-01-14,122.033,122.376,121.969,122.016,501
2019-01-15,122.016,122.281,121.874,121.921,642
2019-01-16,121.937,122.015,121.701,121.857,514
2019-01-17,121.857,122.044,121.481,121.574,580
2019-01-18,121.574,121.621,121.151,121.213,562
2019-01-21,121.242,121.398,121.242,121.35,160
2019-01-22,121.35,121.693,121.303,121.552,595
2019-01-23,121.568,121.63,121.301,121.551,674
2019-01-24,121.566,121.925,121.488,121.8,615
2019-01-25,121.8,121.846,121.392,121.392,596
2019-01-28,121.42,121.669,121.326,121.529,584
2019-01-29,121.544,121.871,121.528,121.824,552
2019-01-30,121.809,122.198,121.636,122.182,629
2019-01-31,122.167,122.65,122.135,122.525,653
2019-02-01,122.525,122.587,121.945,122.039,558
2019-02-04,122.036,122.052,121.691,121.754,529
2019-02-05,121.769,122.018,121.643,121.909,491
2019-02-06,121.924,122.174,121.877,121.986,567
2019-02-07,121.986,122.344,121.97,122.266,640
2019-02-08,122.265,122.515,122.234,122.389,595
2019-02-11,122.371,122.449,122.12,122.213,428
2019-02-12,122.229,122.244,121.946,121.993,512
2019-02-13,121.977,122.024,121.711,121.82,427
2019-02-14,121.835,122.335,121.757,122.209,533
2019-02-15,122.209,122.287,121.958,122.099,558
2019-02-18,122.08,122.096,121.985,122.017,107
2019-02-19,122.032,122.344,122.016,122.328,498
2019-02-20,122.328,122.405,122.17,122.248,412
2019-02-21,122.264,122.279,121.841,121.872,527
2019-02-22,121.887,122.308,121.887,122.167,395
2019-02-25,122.086,122.149,121.961,122.132,355
2019-02-26,122.132,122.381,122.1,122.33,432
2019-02-27,122.33,122.394,121.873,121.974,360
2019-02-28,121.99,122.163,121.556,121.665,524
2019-03-01,121.681,121.697,121.263,121.341,501
2019-03-04,121.253,121.629,121.206,121.598,446
2019-03-05,121.583,121.632,121.351,121.601,373
2019-03-06,121.616,121.977,121.601,121.845,476
2019-03-07,121.931,122.385,121.885,122.292,691
2019-03-08,122.323,122.668,122.261,122.419,460
2019-03-10,122.44,122.487,122.44,122.487,4
2019-03-11,122.483,122.503,122.147,122.147,402
2019-03-12,122.154,122.695,122.117,122.586,436
2019-03-13,122.593,122.635,122.432,122.433,385
2019-03-14,122.44,122.575,122.325,122.451,350
2019-03-15,122.458,122.843,122.373,122.719,402
2019-03-17,122.693,122.709,122.693,122.709,2
2019-03-18,122.716,122.788,122.57,122.618,302
2019-03-19,122.611,122.697,122.385,122.496,350
2019-03-20,122.5,123.278,122.48,123.169,392
2019-03-21,123.162,123.451,123.046,123.109,409
2019-03-22,123.116,124.016,123.094,123.891,679
2019-03-24,123.803,123.882,123.757,123.85,24
2019-03-25,123.835,124.43,123.649,124.181,757
2019-03-26,124.177,124.277,123.839,124.121,672
2019-03-27,124.128,124.73,124.043,124.467,832
2019-03-28,124.474,124.717,124.11,124.22,710
2019-03-29,124.213,124.236,123.847,124.035,652
2019-03-31,123.9,123.901,123.822,123.869,20
2019-04-01,123.862,123.949,123.31,123.428,615
2019-04-02,123.424,123.641,123.42,123.578,593
2019-04-03,123.582,123.641,123.205,123.238,586
2019-04-04,123.231,123.489,123.222,123.319,533
2019-04-05,123.326,123.492,123.055,123.415,519
2019-04-07,123.405,123.405,123.373,123.389,6
2019-04-08,123.382,123.499,123.235,123.283,458
2019-04-09,123.279,123.55,123.205,123.41,485
2019-04-10,123.406,123.724,123.349,123.631,515
2019-04-11,123.647,123.647,123.337,123.431,460
2019-04-12,123.438,123.495,122.856,122.888,505
2019-04-14,122.862,122.924,122.862,122.924,12
2019-04-15,122.928,123.02,122.801,122.974,448
2019-04-16,122.97,123.022,122.633,122.743,455
2019-04-17,122.739,122.76,122.478,122.698,529
2019-04-18,122.706,123.059,122.699,122.966,515
2019-04-21,122.959,123.006,122.943,122.99,10
2019-04-22,122.997,123.006,122.758,122.805,272
2019-04-23,122.798,123.041,122.76,122.98,411
2019-04-24,122.976,123.419,122.964,123.357,410
2019-04-25,123.361,123.421,123.188,123.282,412
2019-04-26,123.289,123.596,123.143,123.55,436
2019-04-28,123.539,123.555,123.524,123.54,6
2019-04-29,123.533,123.557,123.261,123.402,339
2019-04-30,123.409,123.591,123.169,123.529,404
2019-05-01,123.537,123.984,123.344,123.485,390
2019-05-02,123.492,123.501,123.019,123.113,473
2019-05-03,123.121,123.349,122.818,123.256,418
2019-05-05,123.546,123.761,123.542,123.652,45
2019-05-06,123.668,123.98,123.483,123.749,635
2019-05-07,123.756,123.923,123.5,123.798,693
2019-05-08,123.782,124.065,123.551,123.66,712
2019-05-09,123.645,124.162,123.645,123.944,801
2019-05-10,123.928,124.102,123.728,123.752,921
2019-05-12,123.752,124.046,123.752,123.999,26
2019-05-13,124.015,124.454,123.969,124.33,707
2019-05-14,124.345,124.423,124.16,124.301,574
2019-05-15,124.304,124.74,124.223,124.569,643
2019-05-16,124.576,124.742,124.227,124.431,607
2019-05-17,124.424,124.683,124.277,124.418,619
2019-05-19,124.418,124.44,124.393,124.44,10
2019-05-20,124.424,124.504,124.176,124.224,564
2019-05-21,124.231,124.272,123.96,124.07,481
2019-05-22,124.077,124.432,124.024,124.401,478
2019-05-23,124.417,125.153,124.4,124.919,672
2019-05-24,124.912,124.999,124.779,124.937,493
2019-05-26,124.937,124.974,124.937,124.943,11
2019-05-27,124.927,125.038,124.85,124.946,155
2019-05-28,124.953,125.385,124.899,125.339,632
2019-05-29,125.335,125.778,125.294,125.341,733
2019-05-30,125.349,125.801,125.139,125.724,640
2019-05-31,125.731,126.521,125.724,126.474,881
2019-06-02,126.403,126.652,126.403,126.621,35
2019-06-03,126.614,127.122,126.481,127.076,885
2019-06-04,127.072,127.072,126.361,126.503,786
2019-06-05,126.499,127.097,126.472,126.693,786
2019-06-06,126.709,126.913,126.508,126.712,783
2019-06-07,126.704,127.274,126.54,126.902,727
2019-06-09,126.424,126.549,126.409,126.534,30
2019-06-10,126.518,126.707,126.381,126.443,591
2019-06-11,126.459,126.493,126.18,126.462,631
2019-06-12,126.447,126.776,126.446,126.715,660
2019-06-13,126.707,127.123,126.668,127.076,616
2019-06-14,127.069,127.343,126.86,127.095,629
2019-06-16,127.095,127.101,127.039,127.039,14
2019-06-17,127.047,127.119,126.807,126.995,510
2019-06-18,126.98,127.605,126.918,127.186,798
2019-06-19,127.193,127.641,126.86,127.547,735
2019-06-20,127.544,127.97,127.394,127.582,978
2019-06-21,127.574,127.738,127.163,127.336,801
2019-06-23,127.388,127.419,127.341,127.373,20
2019-06-24,127.357,127.719,127.257,127.672,649
2019-06-25,127.657,127.971,127.611,127.768,777
2019-06-26,127.784,127.862,127.288,127.382,676
2019-06-27,127.378,127.682,127.118,127.572,730
2019-06-28,127.58,127.731,127.434,127.638,632
2019-06-30,127.332,127.41,127.285,127.348,33
2019-07-01,127.332,127.71,127.286,127.632,675
2019-07-02,127.639,127.962,127.524,127.931,648
2019-07-03,127.924,128.182,127.902,128.012,586
2019-07-04,128.012,128.17,127.996,128.093,151
2019-07-05,128.078,128.094,127.019,127.301,575
2019-07-07,127.301,127.301,127.229,127.245,11
2019-07-08,127.261,127.496,127.107,127.217,593
2019-07-09,127.225,127.28,126.939,127.002,567
2019-07-10,127.01,127.347,126.644,127.286,689
2019-07-11,127.27,127.412,126.54,126.665,687
2019-07-12,126.673,126.917,126.573,126.777,627
2019-07-14,126.777,126.861,126.777,126.83,20
2019-07-15,126.815,127.005,126.644,127.005,583
2019-07-16,127.005,127.037,126.524,126.821,640
2019-07-17,126.805,127.323,126.774,127.276,604
2019-07-18,127.269,127.654,127.044,127.373,757
2019-07-19,127.389,127.467,127.189,127.236,670
2019-07-21,127.258,127.32,127.226,127.227,19
2019-07-22,127.219,127.494,127.165,127.354,502
2019-07-23,127.339,127.419,127.092,127.139,495
2019-07-24,127.155,127.484,127.108,127.376,545
2019-07-25,127.392,127.659,126.91,127.083,594
2019-07-26,127.09,127.193,126.866,127.133,466
2019-07-28,127.133,127.155,127.133,127.155,6
2019-07-29,127.171,127.328,127.155,127.174,454
2019-07-30,127.181,127.394,127.067,127.224,476
2019-07-31,127.224,127.538,126.867,127.352,593
2019-08-01,127.344,128.65,126.994,128.572,869
2019-08-02,128.58,128.98,128.309,128.794,1045
2019-08-04,128.794,128.794,128.722,128.738,22
2019-08-05,128.745,130.099,128.691,130.052,1128
2019-08-06,130.044,130.192,129.335,129.852,1132
2019-08-07,129.837,130.728,129.574,129.715,1145
2019-08-08,129.73,130.139,129.233,129.983,1109
2019-08-09,129.976,130.048,129.408,129.44,991
2019-08-11,129.509,129.588,129.493,129.587,27
2019-08-12,129.58,130.324,129.533,130.168,854
2019-08-13,130.184,130.403,129.421,129.64,992
2019-08-14,129.625,130.57,129.625,130.377,1021
2019-08-15,130.37,131.238,130.207,130.818,1130
2019-08-16,130.81,130.974,130.289,130.727,977
2019-08-18,130.655,130.671,130.499,130.562,34
2019-08-19,130.577,130.625,130.204,130.3,886
2019-08-20,130.284,130.848,130.269,130.631,776
2019-08-21,130.646,130.711,130.242,130.353,766
2019-08-22,130.346,130.635,130.042,130.169,771
2019-08-23,130.184,131.061,129.78,130.781,928
2019-08-25,131.404,131.474,131.271,131.35,51
2019-08-26,131.342,131.538,130.681,130.837,1003
2019-08-27,130.822,131.215,130.791,131.154,871
2019-08-28,131.16,131.437,131.045,131.266,845
2019-08-29,131.273,131.469,130.787,131.068,861
2019-08-30,131.052,131.135,130.728,131.074,778
2019-09-01,131.256,131.334,131.21,131.226,32
2019-09-02,131.234,131.257,130.887,131.108,331
2019-09-03,131.104,131.734,130.86,131.502,876
2019-09-04,131.51,131.678,131.226,131.555,804
2019-09-05,131.571,131.571,130.44,130.66,856
2019-09-06,130.663,130.851,130.259,130.618,842
2019-09-08,130.618,130.686,130.618,130.662,13
2019-09-09,130.678,130.725,130.022,130.078,709
2019-09-10,130.07,130.22,129.212,129.353,747
2019-09-11,129.36,129.48,129.17,129.296,648
2019-09-12,129.289,129.813,128.788,128.945,860
2019-09-13,128.96,129.085,127.924,127.986,892
2019-09-15,128.356,128.356,128.2,128.278,46
2019-09-16,128.294,128.639,128.187,128.455,903
2019-09-17,128.452,128.833,128.412,128.757,830
2019-09-18,128.765,129.291,128.637,128.732,731
2019-09-19,128.74,129.141,128.561,128.956,883
2019-09-20,128.948,129.412,128.835,129.366,725
2019-09-22,129.113,129.176,129.051,129.176,22
2019-09-23,129.169,129.88,129.054,129.478,719
2019-09-24,129.462,130.26,129.384,130.122,852
2019-09-25,130.106,130.231,129.38,129.459,945
2019-09-26,129.443,129.868,129.443,129.698,907
2019-09-27,129.705,129.89,129.437,129.75,839
2019-09-29,129.7,129.887,129.669,129.856,21
2019-09-30,129.848,129.924,129.532,129.862,730
2019-10-01,129.844,130.427,129.149,129.847,905
2019-10-02,130.242,130.761,129.964,130.606,924
2019-10-03,130.599,131.482,130.575,131.235,892
2019-10-04,131.242,131.503,131.02,131.272,839
2019-10-06,131.502,131.502,131.331,131.347,27
2019-10-07,131.362,131.519,130.947,131.072,757
2019-10-08,131.057,131.498,130.762,131.312,877
2019-10-09,131.328,131.375,130.818,131.272,854
2019-10-10,131.264,131.303,130.156,130.218,1061
2019-10-11,130.219,130.377,129.304,129.632,933
2019-10-13,129.645,129.676,129.536,129.598,37
2019-10-14,129.583,130.177,129.552,129.807,622
2019-10-15,129.814,130.137,129.313,129.392,844
2019-10-16,129.408,129.831,129.392,129.71,863
2019-10-17,129.703,129.804,129.121,129.528,839
2019-10-18,129.522,129.79,129.376,129.581,703
2019-10-21,129.581,129.734,129.178,129.241,620
2019-10-22,129.226,129.559,129.117,129.528,595
2019-10-23,129.512,129.781,129.424,129.472,631
2019-10-24,129.468,129.709,129.302,129.555,650
2019-10-25,129.548,129.621,129.03,129.218,619
2019-10-27,129.218,129.218,129.184,129.184,11
2019-10-28,129.191,129.2,128.721,128.894,610
2019-10-29,128.878,129.038,128.74,128.915,611
2019-10-30,128.923,129.42,128.81,129.358,680
2019-10-31,129.366,130.096,129.219,130.01,755
2019-11-01,130.015,130.178,129.556,129.822,673
2019-11-04,129.772,129.772,129.246,129.357,552
2019-11-05,129.357,129.388,128.597,128.692,741
2019-11-06,128.688,129.126,128.688,128.963,661
2019-11-07,128.963,129.121,127.721,128.189,849
2019-11-08,128.159,128.428,127.866,128.008,774
2019-11-11,128.008,128.35,127.989,128.213,338
2019-11-12,128.136,128.36,127.904,128.11,767
2019-11-13,128.126,128.693,128.126,128.537,758
2019-11-14,128.506,129.228,128.476,129.089,760
2019-11-15,129.058,129.094,128.81,128.939,620
2019-11-18,128.967,129.252,128.783,129.082,562
2019-11-19,129.082,129.306,128.96,129.244,616
2019-11-20,129.276,129.699,129.26,129.531,772
2019-11-21,129.687,129.875,129.224,129.303,817
2019-11-22,129.319,129.525,129.165,129.278,646
2019-11-25,129.274,129.436,129.106,129.405,487
2019-11-26,129.405,129.613,129.219,129.536,585
2019-11-27,129.521,129.539,129.157,129.204,494
2019-11-28,129.204,129.376,129.111,129.127,223
2019-11-29,129.143,129.269,128.997,129.161,544
2019-12-02,129.009,129.041,128.496,128.824,701
2019-12-03,128.809,129.902,128.591,129.7,769
2019-12-04,129.684,129.872,129.171,129.25,826
2019-12-05,129.265,129.406,128.861,128.955,733
2019-12-06,128.955,129.206,128.426,128.677,650
2019-12-09,128.677,128.948,128.634,128.823,502
2019-12-10,128.823,128.996,128.591,128.638,643
2019-12-11,128.67,129.124,128.623,129.015,584
2019-12-12,129.031,129.212,127.956,128.19,774
2019-12-13,127.878,128.855,127.707,128.785,884
2019-12-16,128.696,128.743,128.214,128.37,636
2019-12-17,128.386,128.512,128.232,128.31,559
2019-12-18,128.341,128.436,127.875,128.031,547
2019-12-19,128.031,128.205,127.736,127.987,648
2019-12-20,128.002,128.066,127.785,128.02,484
2019-12-23,128.024,128.197,127.87,127.933,446
2019-12-24,127.964,128.215,127.825,128.184,321
2019-12-26,128.186,128.282,128.032,128.251,328
2019-12-27,128.235,128.487,128.205,128.44,366
2019-12-30,128.46,128.507,127.978,128.431,496
2019-12-31,128.431,128.431,128.089,128.105,401
2020-01-02,128.105,128.764,127.999,128.469,535
2020-01-03,128.5,129.266,128.457,129.22,799
2020-01-06,129.42,129.49,129.007,129.086,784
2020-01-07,129.117,129.243,128.994,129.057,697
2020-01-08,129.119,130.024,128.59,128.606,1020
2020-01-09,128.622,128.795,128.405,128.733,701
2020-01-10,128.702,129.016,128.609,128.954,523
2020-01-13,128.954,128.958,128.679,128.773,469
2020-01-14,128.788,129.087,128.648,129.04,583
2020-01-15,129.04,129.307,128.978,129.23,585
2020-01-16,129.23,129.293,128.95,129.013,504
2020-01-17,128.951,129.093,128.78,129.0,472
2020-01-20,129.004,129.068,128.974,129.006,155
2020-01-21,129.006,129.476,129.006,129.414,586
2020-01-22,129.398,129.494,129.258,129.416,526
2020-01-23,129.432,129.902,129.416,129.715,599
2020-01-24,129.684,130.248,129.482,130.123,677
2020-01-27,130.502,130.846,130.425,130.707,872
2020-01-28,130.738,131.067,130.35,130.397,779
2020-01-29,130.412,131.039,130.319,130.977,710
2020-01-30,130.961,131.416,130.901,130.948,934
2020-01-31,130.916,131.715,130.839,131.668,802
2020-02-03,131.668,131.75,131.034,131.409,914
2020-02-04,131.487,131.534,130.646,130.833,873
2020-02-05,130.818,131.037,130.273,130.43,826
2020-02-06,130.383,130.556,130.134,130.463,817
2020-02-07,130.463,131.042,130.432,130.933,800
2020-02-10,131.032,131.314,130.798,131.065,831
2020-02-11,131.065,131.096,130.816,130.817,640
2020-02-12,130.802,130.849,130.538,130.554,651
2020-02-13,130.57,131.086,130.57,130.65,853
2020-02-14,130.665,131.042,130.665,130.902,626
2020-02-17,130.859,130.954,130.766,130.908,276
2020-02-18,130.971,131.315,130.924,131.098,726
2020-02-19,131.113,131.177,130.865,131.022,665
2020-02-20,131.022,131.523,130.881,131.43,817
2020-02-21,131.43,132.072,131.383,131.745,883
2020-02-24,131.745,132.828,131.745,132.673,1054
2020-02-25,132.673,133.284,132.298,132.846,1138
2020-02-26,132.846,133.372,132.645,133.091,1254
2020-02-27,133.091,133.934,132.981,133.715,1230
2020-02-28,133.715,134.997,133.512,134.7,1343
2020-03-02,135.136,135.855,134.525,134.525,1355
2020-03-03,134.494,136.807,134.369,136.041,1327
2020-03-04,136.002,136.494,135.493,135.556,1281
2020-03-05,135.556,136.79,135.478,136.634,1226
2020-03-06,136.696,138.447,136.556,137.618,1323
2020-03-08,138.555,139.555,138.539,139.399,60
2020-03-09,139.383,140.821,138.71,139.07,1369
2020-03-10,139.078,139.117,137.146,137.521,1368
2020-03-11,137.53,138.67,136.833,136.911,1366
2020-03-12,136.926,139.287,136.895,138.114,1374
2020-03-13,138.098,138.567,135.87,136.284,1314
2020-03-15,138.369,138.369,136.768,138.252,60
2020-03-16,138.244,139.018,137.329,138.001,1313
2020-03-17,138.01,138.048,135.171,135.609,1322
2020-03-18,135.616,136.078,134.092,134.936,1312
2020-03-19,134.951,136.029,133.732,134.896,1339
2020-03-20,134.904,137.529,134.763,137.42,1173
2020-03-22,137.622,138.122,137.606,137.934,58
2020-03-23,137.926,138.622,137.278,138.34,1346
2020-03-24,138.356,138.356,136.979,137.292,1296
2020-03-25,137.284,137.744,137.104,137.385,1266
2020-03-26,137.392,138.088,137.353,137.634,1209
2020-03-27,137.619,138.806,137.4,138.759,1080
2020-03-29,138.759,138.992,138.759,138.882,44
2020-03-30,138.867,139.445,138.444,138.585,1135
2020-03-31,138.569,139.1,138.413,139.037,1163
2020-04-01,139.03,139.505,138.881,139.412,1076
2020-04-02,139.427,139.474,138.848,139.067,1033
2020-04-03,139.051,139.395,138.941,139.066,970
2020-04-05,138.987,139.08,138.94,139.065,44
2020-04-06,139.08,139.08,138.392,138.423,983
2020-04-07,138.407,138.47,137.563,138.157,1046
2020-04-08,138.141,138.344,137.734,137.781,1085
2020-04-09,137.788,138.437,137.718,138.233,954
2020-04-12,138.098,138.387,138.075,138.309,48
2020-04-13,138.293,138.356,137.949,138.027,697
2020-04-14,138.034,138.433,137.902,138.276,731
2020-04-15,138.284,139.323,138.245,139.26,914
2020-04-16,139.245,139.447,138.697,138.759,883
2020-04-17,138.775,139.478,138.572,139.009,938
2020-04-19,139.023,139.117,138.976,139.085,35
2020-04-20,139.078,139.272,138.96,139.178,837
2020-04-21,139.171,139.725,139.116,139.365,915
2020-04-22,139.372,139.584,138.88,139.083,827
2020-04-23,139.09,139.208,138.911,139.129,859
2020-04-24,139.122,139.27,138.941,139.035,702
2020-04-26,139.033,139.096,139.002,139.064,26
2020-04-27,139.057,139.064,138.626,138.673,731
2020-04-28,138.666,139.141,138.579,139.078,675
2020-04-29,139.071,139.312,138.875,139.046,734
2020-04-30,139.039,139.39,138.843,139.093,753
2020-05-01,139.085,139.295,138.889,139.076,622
2020-05-03,139.106,139.168,139.075,139.168,25
2020-05-04,139.161,139.262,138.84,138.965,749
2020-05-05,138.972,139.011,138.667,138.792,616
2020-05-06,138.785,138.823,138.307,138.729,661
2020-05-07,138.736,139.384,138.541,139.181,729
2020-05-08,139.174,139.524,138.915,138.93,675
2020-05-10,138.96,138.991,138.866,138.866,30
2020-05-11,138.87,139.085,138.647,138.74,721
2020-05-12,138.733,139.115,138.615,139.068,760
2020-05-13,139.075,139.349,139.067,139.239,770
2020-05-14,139.246,139.458,139.223,139.442,182
