date,open,high,low,close,m1_bars
2010-01-04,78.754,80.94,78.754,80.802,1271
2010-01-05,80.784,81.197,80.154,80.687,1291
2010-01-06,80.639,82.754,80.101,82.483,1262
2010-01-07,82.445,82.608,81.545,81.992,1283
2010-01-08,81.954,82.81,81.145,82.293,1264
2010-01-11,82.343,83.437,81.48,81.55,1278
2010-01-12,81.591,81.886,79.493,79.703,1273
2010-01-13,79.645,80.295,77.999,79.257,1286
2010-01-14,79.269,80.018,78.599,78.841,1212
2010-01-15,78.892,79.002,77.44,77.694,1168
2010-01-18,77.95,78.772,77.143,78.325,964
2010-01-19,78.286,79.22,76.815,78.931,1220
2010-01-20,78.921,79.111,76.894,77.363,1326
2010-01-21,77.324,78.126,75.435,75.576,1300
2010-01-22,75.616,76.277,73.798,73.878,1308
2010-01-25,74.041,75.224,73.866,74.995,1307
2010-01-26,75.085,75.195,73.633,74.434,1317
2010-01-27,74.504,74.907,72.474,73.573,1283
2010-01-28,73.533,74.314,72.76,73.719,1336
2010-01-29,73.65,74.652,72.268,72.479,1297
2010-02-01,72.692,74.844,72.344,74.844,1301
2010-02-02,74.795,77.267,74.258,76.858,1296
2010-02-03,76.848,77.899,76.385,76.955,1287
2010-02-04,76.965,77.035,72.299,72.849,1284
2010-02-05,72.919,73.821,69.389,71.777,1337
2010-02-08,72.01,72.293,70.686,71.607,1306
2010-02-09,71.587,74.059,71.228,73.731,1321
2010-02-10,73.701,74.886,72.518,74.617,1313
2010-02-11,74.567,75.612,73.304,75.283,1291
2010-02-12,75.224,75.274,72.591,74.131,1212
2010-02-15,73.965,74.305,73.661,73.911,864
2010-02-16,73.952,77.377,73.932,77.357,1212
2010-02-17,77.277,77.78,76.493,77.334,1253
2010-02-18,77.254,79.26,76.298,78.351,1301
2010-02-19,78.38,79.895,77.66,79.875,1321
2010-02-22,80.137,80.248,79.248,79.66,1001
2010-02-23,79.63,79.994,77.839,78.748,1287
2010-02-24,78.729,80.076,77.88,79.967,1020
2010-02-25,79.938,79.948,76.703,78.01,1339
2010-02-26,77.981,79.705,77.518,79.269,1319
2010-03-01,79.889,80.31,77.765,78.584,975
2010-03-02,78.535,80.658,77.973,79.326,1279
2010-03-03,79.356,80.951,79.159,80.735,1281
2010-03-04,80.716,80.823,79.45,80.361,1283
2010-03-05,80.321,81.816,80.213,81.542,1246
2010-03-08,81.571,82.196,80.545,81.596,1223
2010-03-09,81.546,81.717,79.968,81.181,1249
2010-03-10,81.192,82.848,80.634,81.824,1236
2010-03-11,81.805,82.218,81.165,82.089,1238
2010-03-12,82.039,83.007,80.424,80.935,1217
2010-03-14,81.014,81.064,80.914,81.015,47
2010-03-15,81.035,81.2,79.028,79.731,1215
2010-03-16,79.751,82.103,79.227,82.053,1214
2010-03-17,82.063,83.014,81.635,82.657,1250
2010-03-18,82.677,82.727,81.619,82.16,1193
2010-03-19,82.15,82.205,79.884,80.693,1150
2010-03-22,80.143,81.644,78.63,81.565,995
2010-03-23,81.575,81.969,80.622,81.244,1224
2010-03-24,81.234,81.264,79.664,80.135,1243
2010-03-25,80.115,81.268,79.843,79.973,1211
2010-03-26,79.983,81.254,79.341,79.951,1214
2010-03-28,80.057,80.207,79.997,80.107,48
2010-03-29,80.097,82.597,80.047,82.27,1232
2010-03-30,82.26,82.562,81.597,82.289,1221
2010-03-31,82.269,83.682,82.051,83.235,1246
2010-04-01,83.245,85.209,83.046,85.089,1217
2010-04-04,85.175,85.544,85.165,85.445,53
2010-04-05,85.435,86.768,84.928,86.621,1246
2010-04-06,86.641,86.966,86.006,86.57,1266
2010-04-07,86.56,86.881,85.38,85.49,1227
2010-04-08,85.48,85.776,84.277,85.548,1236
2010-04-09,85.578,86.271,84.027,84.867,1150
2010-04-11,85.094,85.574,85.094,85.474,53
2010-04-12,85.464,85.634,84.01,84.114,1286
2010-04-13,84.104,84.36,82.45,83.762,1256
2010-04-14,83.752,86.337,83.722,86.089,1266
2010-04-15,86.079,86.222,85.226,85.292,1207
2010-04-16,85.262,85.411,82.714,83.225,1145
2010-04-18,83.345,83.345,82.666,82.764,57
2010-04-19,82.774,82.983,80.975,82.691,1328
2010-04-20,82.701,83.454,82.212,82.903,1305
2010-04-21,82.883,83.596,81.908,82.464,1258
2010-04-22,82.454,83.071,80.765,82.558,1262
2010-04-23,82.567,84.226,81.976,84.132,1216
2010-04-25,84.332,84.522,84.234,84.492,53
2010-04-26,84.502,84.752,82.804,83.122,1281
2010-04-27,83.112,83.511,80.877,80.948,1291
2010-04-28,80.958,82.673,80.526,82.518,1291
2010-04-29,82.508,84.879,82.263,84.763,1230
2010-04-30,84.773,85.773,84.438,85.5,1249
2010-05-02,85.553,86.001,85.553,85.981,57
2010-05-03,85.951,86.524,85.2,85.342,1287
2010-05-04,85.332,85.642,81.454,81.504,1258
2010-05-05,81.524,82.293,78.642,79.382,1345
2010-05-06,79.372,79.892,74.15,76.512,1326
2010-05-07,76.472,77.751,74.096,75.0,1306
2010-05-09,75.761,76.139,75.452,75.802,60
2010-05-10,75.792,78.164,75.484,76.959,1346
2010-05-11,76.979,77.379,75.063,75.606,1336
2010-05-12,75.616,76.733,74.495,75.249,1321
2010-05-13,75.269,76.221,73.395,73.855,1311
2010-05-14,73.845,73.893,70.658,71.869,1280
2010-05-16,71.671,72.01,71.631,71.782,51
2010-05-17,71.762,72.148,69.177,70.438,1343
2010-05-18,70.495,71.981,68.588,68.674,1261
2010-05-19,68.684,70.014,68.038,69.72,1355
2010-05-20,69.711,70.174,65.965,66.695,1366
2010-05-21,66.705,68.33,66.182,67.6,1323
2010-05-23,67.941,67.97,67.212,67.56,56
2010-05-24,67.541,68.303,66.98,67.252,1360
2010-05-25,67.262,67.644,64.738,67.513,1368
2010-05-26,67.523,69.234,66.771,68.382,1380
2010-05-27,68.411,72.477,68.276,72.194,1364
2010-05-28,72.204,73.267,70.797,71.734,1258
2010-05-30,71.81,71.832,71.694,71.756,51
2010-05-31,71.785,72.904,71.709,72.83,1018
2010-06-01,72.84,73.29,69.683,70.277,1374
2010-06-02,70.296,72.027,69.808,71.663,1372
2010-06-03,71.703,73.105,70.551,72.722,1330
2010-06-04,72.712,73.64,69.105,69.282,1275
2010-06-06,69.053,69.151,68.733,68.782,52
2010-06-07,68.792,71.087,68.102,69.44,1357
2010-06-08,69.45,71.299,69.401,71.219,1336
2010-06-09,71.209,73.69,70.772,72.855,1323
2010-06-10,72.845,75.099,72.552,74.278,1325
2010-06-11,74.318,74.518,72.21,73.154,1247
2010-06-13,73.208,73.514,73.188,73.449,47
2010-06-14,73.469,75.177,73.416,74.029,1301
2010-06-15,74.039,76.479,73.893,76.335,1276
2010-06-16,76.315,77.514,75.438,76.84,1261
2010-06-17,76.83,77.257,75.662,76.415,1279
2010-06-18,76.425,77.287,75.617,77.208,1073
2010-06-20,77.514,77.997,77.435,77.84,56
2010-06-21,77.85,78.77,76.59,77.18,1313
2010-06-22,77.16,77.788,76.231,76.38,1300
2010-06-23,76.371,76.758,74.146,75.067,1288
2010-06-24,75.077,75.794,74.333,75.618,1296
2010-06-25,75.628,78.201,74.933,78.201,1236
2010-06-27,78.093,78.093,77.678,77.848,57
2010-06-28,77.838,78.475,76.854,77.224,1275
2010-06-29,77.214,77.465,74.415,74.661,1286
2010-06-30,74.67,76.044,73.639,74.431,1306
2010-07-01,74.451,74.651,71.356,72.121,1328
2010-07-02,72.14,72.69,70.969,71.618,1220
2010-07-04,71.484,71.991,71.484,71.942,38
2010-07-05,71.932,72.132,70.796,71.293,945
2010-07-06,71.283,73.332,70.562,71.706,1314
2010-07-07,71.686,74.432,70.954,74.167,1314
2010-07-08,74.157,75.541,73.924,75.287,1319
2010-07-09,75.277,76.049,74.573,76.029,1179
2010-07-11,75.957,76.007,75.788,75.919,42
2010-07-12,75.899,76.09,74.211,74.781,1227
2010-07-13,74.801,77.089,73.968,76.991,1279
2010-07-14,76.962,77.906,76.137,76.442,1242
2010-07-15,76.432,77.448,75.13,76.919,1290
2010-07-16,76.909,76.919,75.093,75.648,1197
2010-07-18,75.8,75.93,75.581,75.8,43
2010-07-19,75.81,77.828,75.641,76.486,1202
2010-07-20,76.496,77.64,75.743,77.431,1268
2010-07-21,77.411,78.313,75.953,76.224,1240
2010-07-22,76.204,79.171,75.917,78.903,1290
2010-07-23,78.884,79.355,78.161,78.652,1231
2010-07-25,78.759,78.769,78.42,78.54,54
2010-07-26,78.51,79.114,77.847,78.728,1261
2010-07-27,78.718,79.481,76.59,76.871,1219
2010-07-28,76.901,77.543,75.71,76.64,1243
2010-07-29,76.63,78.701,76.266,78.075,1209
2010-07-30,78.065,78.87,76.653,78.811,1185
2010-08-01,78.789,78.988,78.669,78.699,44
2010-08-02,78.689,81.61,78.669,81.223,1284
2010-08-03,81.233,82.488,80.957,82.14,1251
2010-08-04,82.15,82.825,81.475,82.159,1210
2010-08-05,82.169,82.329,81.425,82.048,1214
2010-08-06,82.028,82.54,79.918,80.758,1139
2010-08-08,80.806,80.846,80.646,80.746,44
2010-08-09,80.756,81.659,80.612,81.484,1189
2010-08-10,81.474,81.524,79.112,80.314,1243
2010-08-11,80.324,80.354,77.145,77.425,1279
2010-08-12,77.435,77.898,75.454,75.955,1322
2010-08-13,75.965,76.677,74.952,75.513,1262
2010-08-15,75.559,75.739,75.44,75.67,45
2010-08-16,75.69,75.912,74.825,75.098,1290
2010-08-17,75.108,76.603,75.039,75.69,1264
2010-08-18,75.66,75.831,73.893,75.31,1207
2010-08-19,75.33,76.171,74.031,74.402,1248
2010-08-20,74.382,74.704,73.163,73.643,1250
2010-08-22,73.641,73.86,73.551,73.701,50
2010-08-23,73.691,74.225,72.502,72.603,1290
2010-08-24,72.593,72.804,71.086,71.286,1320
2010-08-25,71.266,72.739,70.534,72.561,1294
2010-08-26,72.601,73.753,72.314,72.759,1292
2010-08-27,72.739,75.369,71.827,75.349,1232
2010-08-29,75.297,75.327,75.068,75.208,48
2010-08-30,75.178,75.377,73.819,73.91,1269
2010-08-31,73.9,74.544,71.353,71.534,1279
2010-09-01,71.564,74.303,71.564,73.748,1299
2010-09-02,73.738,74.972,72.944,74.764,1221
2010-09-03,74.734,75.278,73.044,74.183,1155
2010-09-05,74.161,74.311,74.161,74.191,33
2010-09-06,74.201,74.357,73.669,73.97,840
2010-09-07,73.98,74.506,72.509,73.68,1246
2010-09-08,73.66,75.274,73.254,75.006,1233
2010-09-09,74.996,75.851,73.775,74.696,1300
2010-09-10,74.706,76.63,74.557,76.292,1255
2010-09-12,76.28,76.839,76.28,76.74,54
2010-09-13,76.72,77.964,76.69,77.108,1270
2010-09-14,77.098,77.924,76.138,76.178,1202
2010-09-15,76.188,76.478,74.605,75.847,1308
2010-09-16,75.817,75.837,74.065,74.56,1231
2010-09-17,74.551,75.493,72.944,73.629,1136
2010-09-19,73.729,73.936,73.709,73.75,47
2010-09-20,73.76,75.676,73.514,74.929,1249
2010-09-21,74.909,75.314,73.632,73.722,1233
2010-09-22,73.741,74.985,72.86,73.835,1234
2010-09-23,73.845,74.643,72.631,73.89,1200
2010-09-24,73.9,75.735,73.793,75.562,1175
2010-09-26,75.606,75.972,75.566,75.825,51
2010-09-27,75.835,76.321,74.692,75.317,1224
2010-09-28,75.336,76.311,74.728,75.471,1205
2010-09-29,75.481,77.351,74.841,77.061,1253
2010-09-30,77.071,79.419,76.795,78.99,1279
2010-10-01,79.12,81.016,78.95,79.13,1257
2010-10-03,81.025,81.214,80.898,80.898,52
2010-10-04,80.918,81.745,80.14,80.767,1227
2010-10-05,80.758,82.396,80.547,81.977,1236
2010-10-06,81.988,83.524,81.729,82.781,1231
2010-10-07,82.801,83.897,80.496,80.873,1217
2010-10-08,80.883,82.649,79.827,82.368,1173
2010-10-10,82.559,82.957,82.539,82.7,49
2010-10-11,82.71,83.119,81.471,81.763,1243
2010-10-12,81.773,82.005,80.554,81.433,1265
2010-10-13,81.453,83.163,81.416,83.106,1263
2010-10-14,83.087,83.859,81.97,82.667,1291
2010-10-15,82.657,83.118,80.553,81.287,1237
2010-10-17,81.48,81.51,81.203,81.203,36
2010-10-18,81.213,83.233,80.309,82.819,1235
2010-10-19,82.829,83.178,79.179,79.299,1281
2010-10-20,79.309,82.036,79.24,81.858,1319
2010-10-21,81.838,82.027,79.463,80.032,1322
2010-10-22,80.013,81.449,79.792,81.291,1256
2010-10-24,81.431,81.58,81.173,81.223,55
2010-10-25,81.213,82.705,80.891,81.73,1304
2010-10-26,81.71,82.329,81.265,81.879,1268
2010-10-27,81.889,82.149,80.004,81.551,1294
2010-10-28,81.541,82.129,80.998,81.402,1258
2010-10-29,81.422,81.632,80.084,80.973,1222
2010-10-31,81.013,81.461,80.884,81.332,54
2010-11-01,81.322,83.423,81.144,82.775,1276
2010-11-02,82.765,84.068,82.619,83.989,1292
2010-11-03,84.009,84.958,83.177,84.607,1248
2010-11-04,84.597,86.447,84.527,86.39,1280
2010-11-05,86.38,87.067,85.598,87.037,1242
2010-11-08,87.071,87.172,85.661,86.414,1320
2010-11-09,86.454,87.342,85.208,86.126,1334
2010-11-10,86.177,87.951,85.838,87.613,1341
2010-11-11,87.593,88.382,87.298,87.475,1327
2010-11-12,87.495,87.615,84.31,84.523,1360
2010-11-15,84.705,85.615,84.334,84.376,1365
2010-11-16,84.436,84.601,81.909,82.179,1340
2010-11-17,82.3,82.609,80.118,80.388,1240
2010-11-18,80.508,82.411,80.389,82.312,1364
2010-11-19,82.233,82.796,80.574,81.354,1348
2010-11-22,81.674,82.398,80.224,81.122,1331
2010-11-23,81.153,81.641,79.839,80.532,1351
2010-11-24,80.552,83.81,80.532,83.8,1311
2010-11-25,83.771,84.101,83.021,83.754,1049
2010-11-26,83.807,83.807,82.373,83.462,1076
2010-11-29,83.527,85.534,83.229,85.524,1342
2010-11-30,85.445,85.535,83.21,83.25,1347
2010-12-01,83.32,86.611,83.291,86.474,1351
2010-12-02,86.465,87.804,85.947,87.627,1324
2010-12-03,87.617,89.177,86.831,89.128,1320
2010-12-06,89.163,89.489,88.295,88.562,1332
2010-12-07,88.662,90.508,87.801,88.031,1329
2010-12-08,88.111,88.761,87.106,88.287,1351
2010-12-09,88.328,89.202,87.502,88.384,1321
2010-12-10,88.305,88.803,86.911,87.633,1283
2010-12-13,87.528,89.345,87.289,88.023,1313
2010-12-14,88.054,88.826,87.616,88.18,1289
2010-12-15,88.161,88.982,86.723,88.247,1310
2010-12-16,88.378,88.55,87.543,87.725,1267
2010-12-17,87.81,88.401,86.921,87.981,1207
2010-12-20,88.038,88.841,87.012,88.497,1291
2010-12-21,88.487,89.392,88.353,89.314,1270
2010-12-22,89.285,90.105,89.149,89.933,1220
2010-12-23,89.923,90.954,89.655,90.74,1201
2010-12-27,90.475,91.289,89.935,90.14,1254
2010-12-28,90.22,91.11,90.181,90.701,1183
2010-12-29,90.721,90.988,90.267,90.426,1192
2010-12-30,90.457,90.883,88.525,89.117,1181
2010-12-31,89.178,91.575,88.576,90.92,1129
2011-01-03,90.88,92.161,90.781,91.132,1269
2011-01-04,91.093,91.673,87.985,88.856,1277
2011-01-05,88.916,90.479,87.745,90.045,1293
2011-01-06,90.115,90.356,87.522,87.767,1296
2011-01-07,87.857,89.169,86.949,88.178,1321
2011-01-10,88.744,89.722,87.89,89.116,1337
2011-01-11,89.077,91.173,88.708,91.015,1284
2011-01-12,90.966,92.19,90.589,91.777,1258
2011-01-13,91.808,92.195,90.583,90.783,1279
2011-01-14,90.824,91.544,89.948,91.525,1198
2011-01-17,91.415,91.704,90.745,90.944,977
2011-01-18,91.02,91.933,90.522,91.224,1168
2011-01-19,91.264,92.092,90.55,90.716,1252
2011-01-20,90.727,90.898,88.042,88.504,1279
2011-01-21,88.594,89.368,88.039,88.272,1301
2011-01-24,88.473,88.858,86.53,86.981,1324
2011-01-25,86.962,87.122,85.417,85.489,1305
2011-01-26,85.529,87.1,85.348,86.933,1261
2011-01-27,86.864,86.975,84.566,84.606,1306
2011-01-28,84.636,89.073,84.471,88.84,1332
2011-01-31,89.369,92.243,87.826,91.63,1366
2011-02-01,91.611,91.877,89.778,89.947,1316
2011-02-02,89.958,91.238,89.571,90.401,1312
2011-02-03,90.412,91.529,89.495,90.04,1297
2011-02-04,90.13,91.181,87.981,88.653,1265
2011-02-07,88.646,89.127,86.798,87.058,1291
2011-02-08,87.029,87.745,85.518,87.074,1293
2011-02-09,86.995,87.61,86.03,86.462,1284
2011-02-10,86.602,87.587,85.646,87.254,1278
2011-02-11,87.394,87.444,84.822,85.007,1319
2011-02-14,85.277,86.311,84.38,84.652,1282
2011-02-15,84.643,85.786,83.675,84.198,1234
2011-02-16,84.269,85.794,83.967,85.051,1200
2011-02-17,85.2,86.371,84.493,86.124,1128
2011-02-18,86.136,88.098,85.624,87.117,1197
2011-02-21,87.529,92.748,87.52,92.67,1111
2011-02-22,93.854,95.691,90.915,92.758,1387
2011-02-23,93.062,97.292,92.542,96.355,1331
2011-02-24,96.358,100.718,93.181,94.336,1383
2011-02-25,94.164,96.714,93.782,95.825,1375
2011-02-28,96.282,97.714,94.595,94.78,1370
2011-03-01,94.881,98.613,94.299,98.508,1334
2011-03-02,98.413,100.486,97.206,100.419,1357
2011-03-03,100.383,100.929,98.264,99.803,1352
2011-03-04,99.806,103.309,99.649,103.055,1349
2011-03-07,103.008,105.333,102.615,103.205,1387
2011-03-08,103.307,104.298,101.847,103.574,1376
2011-03-09,103.518,104.53,102.564,103.144,1330
2011-03-10,103.117,103.755,99.405,101.369,1342
2011-03-11,101.431,101.803,98.083,99.501,1348
2011-03-13,99.42,100.253,98.304,98.552,60
2011-03-14,98.523,101.083,97.641,100.724,1372
2011-03-15,100.734,100.834,96.003,96.871,1375
2011-03-16,96.851,98.982,95.577,96.51,1375
2011-03-17,96.53,103.027,96.163,102.987,1353
2011-03-18,102.938,103.424,99.955,101.434,1266
2011-03-20,102.015,103.035,101.995,102.798,60
2011-03-21,102.788,103.256,101.621,102.038,1329
2011-03-22,102.058,104.237,101.156,103.815,1299
2011-03-23,103.824,105.395,103.438,104.521,1319
2011-03-24,104.531,105.766,103.863,104.664,1260
2011-03-25,104.674,105.074,103.633,104.655,1219
2011-03-27,104.633,104.96,104.206,104.575,59
2011-03-28,104.545,104.806,102.837,103.099,1288
2011-03-29,103.109,104.267,101.973,103.717,1291
2011-03-30,103.707,104.446,102.745,103.581,1247
2011-03-31,103.571,106.267,103.532,106.168,1269
2011-04-01,106.158,107.819,105.652,107.66,1281
2011-04-03,107.71,108.018,107.481,107.691,55
2011-04-04,107.701,108.213,107.025,107.675,1302
2011-04-05,107.685,108.077,106.975,107.311,1256
2011-04-06,107.341,108.657,107.302,108.142,1234
2011-04-07,108.122,109.981,107.762,109.859,1241
2011-04-08,109.849,112.78,109.662,112.621,1286
2011-04-10,112.923,113.103,112.645,112.805,60
2011-04-11,112.815,112.966,108.37,108.513,1358
2011-04-12,108.533,109.945,105.197,105.734,1379
2011-04-13,105.764,107.323,105.071,107.055,1350
2011-04-14,107.065,108.506,105.557,108.296,1299
2011-04-15,108.307,109.918,107.029,109.217,1230
2011-04-17,109.39,109.4,109.042,109.083,54
2011-04-18,109.103,109.243,106.472,107.303,1260
2011-04-19,107.293,108.481,105.405,107.531,1335
2011-04-20,107.502,111.046,107.502,110.714,1289
2011-04-21,110.724,111.873,110.408,111.757,1279
2011-04-24,111.809,111.939,111.232,111.919,47
2011-04-25,111.929,112.957,110.569,111.442,1287
2011-04-26,111.452,112.141,110.62,111.671,1326
2011-04-27,111.661,112.926,110.241,112.887,1311
2011-04-28,112.877,113.508,111.239,112.37,1327
2011-04-29,112.38,113.741,111.809,113.295,1157
2011-05-01,113.497,113.746,112.82,112.909,60
2011-05-02,112.889,114.448,110.447,112.591,1376
2011-05-03,112.601,112.852,109.956,110.498,1287
2011-05-04,110.468,110.886,108.16,108.365,1315
2011-05-05,108.375,109.07,97.98,99.698,1321
2011-05-06,99.728,102.114,94.379,97.81,1326
2011-05-08,97.896,98.654,97.208,97.528,60
2011-05-09,97.518,103.19,97.3,101.607,1380
2011-05-10,101.627,103.758,99.926,103.632,1371
2011-05-11,103.662,104.413,97.338,98.729,1364
2011-05-12,98.719,100.341,95.104,98.657,1351
2011-05-13,98.607,100.562,96.962,99.213,1305
2011-05-15,99.27,99.31,98.441,98.541,60
2011-05-16,98.581,99.573,96.75,96.881,1341
2011-05-17,96.871,97.947,94.964,97.868,1293
2011-05-18,97.858,100.951,97.539,99.811,1297
2011-05-19,99.831,100.852,98.256,98.886,1308
2011-05-20,98.896,100.05,95.993,99.544,1217
2011-05-22,99.338,99.448,99.049,99.109,59
2011-05-23,99.099,99.697,96.047,96.569,1336
2011-05-24,96.589,99.766,96.29,98.992,1344
2011-05-25,98.982,101.314,97.89,101.107,1333
2011-05-26,101.087,101.587,99.31,99.902,1330
2011-05-27,99.882,100.946,99.783,100.461,1235
2011-05-29,100.425,100.535,100.205,100.376,35
2011-05-30,100.405,100.436,99.342,100.168,879
2011-05-31,100.158,103.137,99.998,102.683,1313
2011-06-01,102.713,103.066,99.392,99.622,1318
2011-06-02,99.612,100.71,98.243,100.491,1308
2011-06-03,100.481,100.532,97.914,100.362,1207
2011-06-05,100.236,100.496,100.166,100.287,55
2011-06-06,100.277,100.327,98.38,98.571,1267
2011-06-07,98.591,99.63,97.58,99.531,1300
2011-06-08,99.521,101.736,97.869,100.89,1320
2011-06-09,100.9,102.296,100.616,101.721,1256
2011-06-10,101.731,102.012,98.474,98.795,1236
2011-06-12,98.668,98.898,98.598,98.759,52
2011-06-13,98.769,99.22,96.04,96.832,1297
2011-06-14,96.822,99.61,96.428,99.481,1325
2011-06-15,99.471,99.878,93.964,95.395,1290
2011-06-16,95.365,95.689,94.232,95.196,1319
2011-06-17,95.206,95.346,91.796,92.867,1239
2011-06-19,92.91,93.239,92.76,92.98,47
2011-06-20,92.99,93.636,91.258,93.517,1319
2011-06-21,93.507,94.847,92.636,93.486,1339
2011-06-22,93.496,95.457,93.001,93.903,1294
2011-06-23,93.873,94.163,89.469,91.517,1299
2011-06-24,91.507,92.117,89.608,91.016,1294
2011-06-26,90.963,91.103,90.434,90.644,58
2011-06-27,90.624,91.221,89.422,91.161,1329
2011-06-28,91.171,93.215,90.256,92.876,1296
2011-06-29,92.886,95.656,92.478,95.07,1303
2011-06-30,95.05,95.645,93.709,94.749,1281
2011-07-01,94.769,95.225,93.287,94.588,1233
2011-07-03,94.835,95.154,94.605,94.975,42
2011-07-04,95.005,95.326,94.711,94.913,915
2011-07-05,94.923,97.347,94.207,96.909,1265
2011-07-06,96.869,97.661,95.775,97.048,1279
2011-07-07,97.078,99.301,96.883,98.765,1293
2011-07-08,98.775,99.069,95.494,96.376,1219
2011-07-10,96.014,96.663,95.644,95.834,52
2011-07-11,95.844,96.004,94.061,94.963,1289
2011-07-12,94.973,97.429,93.478,96.511,1287
2011-07-13,96.521,99.146,96.466,98.039,1315
2011-07-14,98.019,98.824,94.477,95.889,1298
2011-07-15,95.909,97.694,95.162,97.446,1242
2011-07-17,97.344,97.664,97.334,97.544,48
2011-07-18,97.554,97.594,94.671,95.991,1248
2011-07-19,95.971,98.679,95.951,98.302,1227
2011-07-20,98.312,99.075,96.644,98.391,1260
2011-07-21,98.361,99.872,96.919,99.267,1284
2011-07-22,99.257,99.912,98.156,99.535,1196
2011-07-24,99.503,99.613,98.765,98.995,59
2011-07-25,98.965,99.519,98.272,98.884,1276
2011-07-26,98.894,100.376,97.523,98.952,1282
2011-07-27,98.942,99.264,96.776,96.826,1279
2011-07-28,96.836,97.789,96.288,96.934,1308
2011-07-29,96.944,97.175,94.744,95.655,1228
2011-07-31,96.012,96.91,95.992,96.591,57
2011-08-01,96.581,98.413,93.244,95.142,1310
2011-08-02,95.152,95.507,92.914,93.075,1308
2011-08-03,93.055,93.589,91.064,91.955,1312
2011-08-04,91.975,92.434,85.901,86.162,1333
2011-08-05,86.172,88.183,82.74,87.128,1303
2011-08-07,85.596,85.616,83.569,83.868,60
2011-08-08,83.858,84.93,80.069,80.36,1380
2011-08-09,80.35,82.951,75.617,81.626,1389
2011-08-10,81.616,83.05,79.443,81.094,1376
2011-08-11,81.134,85.885,80.948,85.407,1364
2011-08-12,85.437,87.29,83.941,85.224,1270
2011-08-14,85.529,85.529,84.85,85.34,51
2011-08-15,85.32,87.994,84.344,87.446,1291
2011-08-16,87.486,87.881,85.572,87.094,1257
2011-08-17,87.084,88.958,86.605,87.422,1260
2011-08-18,87.402,87.443,81.12,81.53,1272
2011-08-19,81.56,83.629,79.236,82.672,1296
2011-08-21,82.132,82.651,81.483,81.763,60
2011-08-22,81.773,84.662,81.046,84.154,1372
2011-08-23,84.134,86.254,83.268,85.646,1316
2011-08-24,85.656,86.458,84.42,85.192,1302
2011-08-25,85.142,86.433,82.888,84.807,1261
2011-08-26,84.837,85.519,82.833,85.431,1235
2011-08-28,85.22,85.61,85.051,85.49,53
2011-08-29,85.5,87.612,85.001,87.563,1260
2011-08-30,87.573,89.104,86.357,88.426,1240
2011-08-31,88.416,89.439,87.57,88.621,1246
2011-09-01,88.631,89.804,88.115,88.636,1249
2011-09-02,88.646,88.896,85.333,86.563,1213
2011-09-04,86.383,86.423,85.873,85.873,53
2011-09-05,85.883,85.924,83.35,83.46,1038
2011-09-06,83.45,86.532,83.131,86.363,1321
2011-09-07,86.343,90.414,86.083,89.845,1282
2011-09-08,89.855,90.168,88.341,88.521,1302
2011-09-09,88.511,89.441,85.586,86.957,1264
2011-09-11,86.657,86.717,86.127,86.427,53
2011-09-12,86.437,89.09,84.959,88.861,1313
2011-09-13,88.811,90.484,87.773,89.925,1319
2011-09-14,89.905,90.215,88.179,88.711,1330
2011-09-15,88.731,90.123,87.982,89.175,1300
2011-09-16,89.195,89.756,86.979,87.88,1216
2011-09-18,87.9,87.9,87.359,87.549,57
2011-09-19,87.569,87.649,84.994,85.614,1324
2011-09-20,85.604,87.775,85.344,86.502,1347
2011-09-21,86.532,88.082,84.738,84.877,1314
2011-09-22,84.907,85.067,79.74,80.59,1376
2011-09-23,80.64,81.891,77.626,80.037,1320
2011-09-25,79.711,80.922,79.671,80.802,59
2011-09-26,80.762,81.63,77.178,81.399,1372
2011-09-27,81.419,84.84,80.989,83.468,1363
2011-09-28,83.498,84.688,79.922,80.042,1357
2011-09-29,80.032,84.044,79.702,82.892,1356
2011-09-30,82.882,83.292,78.586,78.806,1289
2011-10-02,78.971,78.981,77.95,78.12,60
2011-10-03,78.13,79.689,76.246,76.616,1371
2011-10-04,76.596,78.505,74.994,78.234,1375
2011-10-05,78.204,79.953,76.982,79.582,1351
2011-10-06,79.562,82.942,79.12,82.201,1315
2011-10-07,82.221,84.04,81.398,82.908,1280
2011-10-09,82.782,83.172,82.782,83.132,47
2011-10-10,83.122,86.121,83.092,85.57,1327
2011-10-11,85.54,86.668,83.998,85.227,1297
2011-10-12,85.217,86.616,84.547,84.904,1343
2011-10-13,84.934,85.413,83.192,84.121,1315
2011-10-14,84.141,87.439,83.79,87.299,1284
2011-10-16,87.492,87.722,87.172,87.482,56
2011-10-17,87.502,88.191,85.89,86.45,1296
2011-10-18,86.49,89.22,85.74,88.35,1251
2011-10-19,88.36,89.68,86.021,86.311,1298
2011-10-20,86.341,87.111,84.211,86.311,1334
2011-10-21,86.301,88.881,85.941,87.521,1274
2011-10-23,87.042,87.362,86.992,87.122,53
2011-10-24,87.112,91.871,87.022,91.581,1345
2011-10-25,91.591,94.641,91.092,92.422,1332
2011-10-26,92.412,93.912,89.992,90.822,1313
2011-10-27,90.842,94.242,90.732,93.792,1339
2011-10-28,93.762,93.892,92.002,93.482,1244
2011-10-30,93.523,93.793,93.413,93.613,52
2011-10-31,93.623,93.643,91.353,92.583,1329
2011-11-01,92.573,92.873,89.164,91.264,1297
2011-11-02,91.254,93.784,90.964,92.854,1309
2011-11-03,92.844,94.604,90.864,94.084,1350
2011-11-04,94.064,94.924,92.865,94.415,1245
2011-11-07,94.395,96.105,93.225,95.955,1330
2011-11-08,95.865,97.076,95.226,96.996,1313
2011-11-09,96.806,97.836,94.536,95.776,1297
2011-11-10,95.746,98.346,95.196,97.596,1321
2011-11-11,97.506,99.396,97.346,99.216,1327
2011-11-14,99.297,99.687,97.187,97.997,1333
2011-11-15,98.037,99.838,97.508,99.328,1289
2011-11-16,99.318,102.888,98.388,101.748,1345
2011-11-17,101.75,103.38,98.349,98.679,1318
2011-11-18,98.659,100.309,96.709,97.799,1339
2011-11-21,97.548,97.868,95.248,97.078,1335
2011-11-22,97.208,98.708,96.558,97.718,1337
2011-11-23,97.798,97.878,95.358,95.827,1360
2011-11-24,95.797,97.317,95.647,97.037,1016
2011-11-25,97.007,97.557,94.997,97.327,1064
2011-11-28,97.506,100.747,97.136,97.756,1354
2011-11-29,97.676,100.156,97.236,99.486,1318
2011-11-30,99.496,101.756,98.926,100.506,1319
2011-12-01,100.516,101.176,98.875,99.995,1281
2011-12-02,100.005,101.565,99.765,101.135,1264
2011-12-05,101.235,102.445,100.244,100.554,1306
2011-12-06,100.454,101.424,100.204,101.194,1316
2011-12-07,101.114,101.944,99.674,100.554,1297
2011-12-08,100.844,101.734,97.713,97.993,1318
2011-12-09,98.083,99.913,97.363,99.833,1337
2011-12-12,99.583,99.683,97.542,97.882,1310
2011-12-13,97.852,101.252,97.642,100.362,1279
2011-12-14,100.332,100.332,94.212,94.822,1282
2011-12-15,94.892,95.991,93.311,93.431,1332
2011-12-16,93.421,94.791,92.521,93.781,1287
2011-12-19,93.78,94.64,92.78,94.25,1329
2011-12-20,94.28,97.64,94.25,97.57,1306
2011-12-21,97.54,99.26,96.81,99.03,1231
2011-12-22,99.04,100.059,98.519,99.489,1280
2011-12-23,99.529,100.239,99.249,99.869,1214
2011-12-27,99.928,101.778,99.378,101.278,1139
2011-12-28,101.258,101.718,99.117,99.597,1272
2011-12-29,99.607,99.927,98.307,99.837,1242
2011-12-30,99.787,100.167,98.617,99.067,1223
2012-01-03,99.706,103.186,99.656,102.926,1265
2012-01-04,102.996,103.745,101.885,103.285,1295
2012-01-05,103.295,103.735,101.305,101.365,1281
2012-01-06,101.355,102.805,100.885,101.935,1318
2012-01-09,101.924,102.154,100.104,101.314,1345
2012-01-10,101.304,103.413,101.304,102.153,1315
2012-01-11,102.203,102.463,100.553,100.973,1296
2012-01-12,101.003,102.983,98.503,99.223,1289
2012-01-13,99.203,100.192,97.702,99.072,1347
2012-01-16,98.952,99.801,98.602,99.691,1026
2012-01-17,99.661,101.011,99.331,101.001,1331
2012-01-18,100.911,102.061,99.841,101.151,1321
2012-01-19,101.11,102.042,99.927,100.297,1315
2012-01-20,100.288,100.719,97.836,98.207,1294
2012-01-23,98.169,100.07,97.231,99.772,1334
2012-01-24,99.712,100.014,98.088,99.049,1310
2012-01-25,99.039,100.242,97.375,99.584,1290
2012-01-26,99.803,101.235,99.079,99.729,1271
2012-01-27,99.779,100.482,98.985,99.615,1287
2012-01-30,99.867,99.916,98.303,98.823,1329
2012-01-31,98.754,101.164,97.74,98.16,1285
2012-02-01,98.26,99.373,96.997,97.057,1303
2012-02-02,96.997,97.878,95.334,96.493,1324
2012-02-03,96.503,97.927,95.907,97.668,1315
2012-02-06,97.649,97.659,96.294,96.975,1304
2012-02-07,97.045,99.048,95.76,98.65,1318
2012-02-08,98.69,100.012,98.025,98.965,1300
2012-02-09,99.025,100.109,98.586,99.73,1296
2012-02-10,99.821,99.821,97.256,98.987,1300
2012-02-13,99.278,100.902,99.039,100.753,1258
2012-02-14,100.683,101.797,100.238,100.939,1292
2012-02-15,100.859,102.502,100.57,101.844,1325
2012-02-16,101.865,102.659,100.808,102.29,1311
2012-02-17,102.32,104.184,102.231,104.074,1228
2012-02-20,104.453,105.506,104.403,104.97,1076
2012-02-21,104.972,106.197,104.33,105.679,1332
2012-02-22,105.73,106.446,105.337,105.679,1308
2012-02-23,105.65,108.472,105.188,108.423,1245
2012-02-24,108.393,109.689,107.692,109.361,1329
2012-02-27,109.432,109.532,107.046,107.656,1323
2012-02-28,107.726,108.571,106.088,106.289,1305
2012-02-29,106.249,107.222,104.639,106.708,1322
2012-03-01,106.618,110.351,106.353,108.405,1331
2012-03-02,108.555,108.835,105.618,106.319,1313
2012-03-05,106.589,107.264,105.345,106.968,1326
2012-03-06,106.958,107.188,104.37,104.861,1320
2012-03-07,104.792,106.418,104.219,106.03,1311
2012-03-08,106.11,107.076,105.717,106.729,1271
2012-03-09,106.789,108.085,106.016,107.308,1312
2012-03-11,107.409,107.469,107.059,107.119,52
2012-03-12,107.149,107.149,105.297,106.48,1292
2012-03-13,106.49,107.277,105.597,106.75,1281
2012-03-14,106.73,106.956,105.059,105.681,1270
2012-03-15,105.691,106.126,103.729,105.371,1271
2012-03-16,105.381,107.299,105.086,107.109,1199
2012-03-18,107.15,107.299,107.031,107.25,49
2012-03-19,107.22,108.081,106.424,107.568,1217
2012-03-20,107.548,107.709,105.116,105.777,1247
2012-03-21,105.747,107.065,105.489,106.313,1241
2012-03-22,106.333,106.554,103.957,105.038,1283
2012-03-23,105.048,107.707,104.632,106.22,1221
2012-03-25,106.298,106.547,106.288,106.359,49
2012-03-26,106.329,106.837,105.709,106.587,1266
2012-03-27,106.606,107.265,106.062,106.406,1226
2012-03-28,106.396,106.488,104.239,105.051,1239
2012-03-29,105.041,105.277,101.729,102.918,1259
2012-03-30,102.898,103.759,102.395,102.546,1233
2012-04-01,102.922,103.232,102.912,103.212,48
2012-04-02,103.222,105.151,101.728,104.546,1260
2012-04-03,104.556,104.857,103.275,103.717,1215
2012-04-04,103.727,103.798,100.788,101.711,1240
2012-04-05,101.731,103.122,101.094,102.975,1230
2012-04-08,102.312,102.332,101.814,102.033,53
2012-04-09,102.023,102.397,100.609,102.061,1175
2012-04-10,102.052,102.771,100.499,100.902,1298
2012-04-11,100.892,102.963,100.664,102.427,1293
2012-04-12,102.437,104.087,102.23,103.594,1267
2012-04-13,103.564,103.755,102.477,102.712,1207
2012-04-15,102.709,102.739,102.33,102.34,52
2012-04-16,102.35,103.291,101.722,103.118,1282
2012-04-17,103.128,105.008,102.594,104.226,1211
2012-04-18,104.216,104.463,102.151,102.771,1199
2012-04-19,102.78,103.225,101.705,102.584,1211
2012-04-20,102.574,104.255,102.436,103.622,1163
2012-04-22,103.429,103.49,103.31,103.46,44
2012-04-23,103.44,103.511,101.446,102.765,1199
2012-04-24,102.775,103.73,102.42,103.326,1231
2012-04-25,103.336,104.214,102.757,103.609,1152
2012-04-26,103.618,104.574,103.496,103.691,1213
2012-04-27,103.681,104.669,103.407,104.481,1175
2012-04-29,104.627,104.667,104.359,104.418,37
2012-04-30,104.438,104.868,103.589,104.561,1146
2012-05-01,104.551,106.147,104.109,105.552,1143
2012-05-02,105.542,105.775,104.643,105.116,1210
2012-05-03,105.126,105.136,102.114,102.316,1193
2012-05-04,102.306,102.478,97.287,98.367,1142
2012-05-06,97.853,98.043,95.149,95.938,60
2012-05-07,95.948,98.003,95.788,97.876,1338
2012-05-08,97.906,97.926,95.349,97.08,1278
2012-05-09,97.09,97.09,95.011,96.213,1300
2012-05-10,96.223,97.539,95.929,96.275,1292
2012-05-11,96.265,97.063,95.428,95.438,1278
2012-05-13,95.682,95.722,95.263,95.293,53
2012-05-14,95.283,95.685,93.55,94.046,1320
2012-05-15,94.056,95.392,92.938,93.279,1310
2012-05-16,93.289,94.086,91.734,92.771,1313
2012-05-17,92.781,93.817,92.03,92.613,1309
2012-05-18,92.623,92.829,90.884,91.284,1279
2012-05-20,91.33,91.33,90.743,90.823,57
2012-05-21,90.813,92.965,90.783,92.857,1335
2012-05-22,92.847,92.93,90.845,91.325,1251
2012-05-23,91.315,91.365,88.943,90.222,1317
2012-05-24,90.232,91.186,89.479,90.523,1300
2012-05-25,90.503,90.996,89.877,90.404,1252
2012-05-27,90.708,91.077,90.658,91.008,47
2012-05-28,90.988,91.701,90.768,90.98,989
2012-05-29,90.95,91.935,89.982,90.514,1277
2012-05-30,90.474,90.544,87.024,87.384,1305
2012-05-31,87.394,88.038,85.628,86.249,1310
2012-06-01,86.239,86.349,82.079,83.048,1277
2012-06-03,82.771,83.191,82.582,82.732,60
2012-06-04,82.722,84.199,81.031,83.951,1361
2012-06-05,83.931,84.741,83.138,84.022,1310
2012-06-06,84.032,86.105,83.942,85.4,1323
2012-06-07,85.42,86.875,83.284,83.565,1301
2012-06-08,83.575,84.533,81.862,84.204,1305
2012-06-10,85.606,86.035,85.386,85.906,59
2012-06-11,85.926,86.525,80.973,81.313,1356
2012-06-12,81.303,83.627,81.223,83.331,1322
2012-06-13,83.301,83.928,82.069,82.513,1320
2012-06-14,82.493,84.423,82.195,84.353,1310
2012-06-15,84.363,84.735,83.362,84.124,1241
2012-06-17,85.056,85.566,84.407,84.637,56
2012-06-18,84.617,85.187,82.014,82.871,1292
2012-06-19,82.891,84.332,82.19,83.87,1267
2012-06-20,83.86,84.314,80.439,80.559,1266
2012-06-21,80.549,80.685,77.574,77.953,1360
2012-06-22,77.983,80.014,77.211,79.797,1271
2012-06-24,79.872,80.35,79.703,79.753,54
2012-06-25,79.743,80.045,77.72,78.969,1315
2012-06-26,78.989,79.375,78.061,79.24,1290
2012-06-27,79.25,80.623,78.388,80.229,1273
2012-06-28,80.219,80.555,77.011,78.089,1282
2012-06-29,78.079,85.056,78.01,84.589,1294
2012-07-01,84.397,84.796,84.028,84.427,54
2012-07-02,84.407,84.537,81.864,83.483,1319
2012-07-03,83.463,87.8,83.095,87.506,1328
2012-07-04,87.476,87.516,86.274,86.612,1051
2012-07-05,86.602,88.764,86.291,86.606,1280
2012-07-06,86.596,86.926,83.833,83.934,1268
2012-07-08,84.041,84.261,83.841,84.241,56
2012-07-09,84.221,86.328,84.099,85.073,1334
2012-07-10,85.063,85.809,83.517,83.978,1316
2012-07-11,83.998,86.365,83.978,86.049,1300
2012-07-12,86.069,86.259,84.1,85.743,1295
2012-07-13,85.773,87.512,85.473,86.974,1263
2012-07-15,87.062,87.282,87.052,87.212,50
2012-07-16,87.202,88.423,86.35,88.015,1294
2012-07-17,88.005,89.415,87.365,88.959,1278
2012-07-18,88.949,90.008,88.553,89.841,1277
2012-07-19,89.831,92.857,89.781,91.954,1271
2012-07-20,91.944,92.244,90.546,91.327,1257
2012-07-22,91.261,91.291,90.833,90.953,53
2012-07-23,90.973,91.013,87.437,87.647,1326
2012-07-24,87.656,88.772,87.115,87.708,1348
2012-07-25,87.727,89.052,86.539,88.576,1322
2012-07-26,88.556,90.167,87.773,89.065,1298
2012-07-27,89.046,90.161,88.836,89.973,1249
2012-07-29,89.877,89.977,89.807,89.897,45
2012-07-30,89.887,90.687,89.078,89.44,1283
2012-07-31,89.43,90.055,87.076,87.556,1325
2012-08-01,87.546,89.241,87.278,88.535,1291
2012-08-02,88.525,89.409,86.706,87.21,1245
2012-08-03,87.22,91.527,87.091,91.181,1210
2012-08-05,91.154,91.284,90.795,90.875,55
2012-08-06,90.866,92.152,90.451,91.735,1300
2012-08-07,91.745,94.25,91.609,93.314,1237
2012-08-08,93.294,94.56,92.661,93.256,1285
2012-08-09,93.266,94.063,92.922,93.478,1295
2012-08-10,93.498,93.578,91.577,93.259,1237
2012-08-12,93.144,93.284,93.004,93.174,53
2012-08-13,93.184,94.04,91.953,92.606,1271
2012-08-14,92.616,93.833,92.467,93.078,1271
2012-08-15,93.068,94.826,92.605,94.239,1229
2012-08-16,94.269,95.688,93.863,95.17,1282
2012-08-17,95.16,96.229,94.924,96.161,1193
2012-08-19,96.21,96.27,96.001,96.091,38
2012-08-20,96.101,96.404,94.905,95.696,1218
2012-08-21,95.676,97.437,95.647,96.387,1218
2012-08-22,96.397,97.145,95.867,96.828,1285
2012-08-23,96.809,97.899,95.375,95.557,1307
2012-08-24,95.567,96.801,95.044,95.739,1232
2012-08-26,96.334,96.733,96.115,96.514,58
2012-08-27,96.484,97.382,94.09,95.331,1330
2012-08-28,95.341,96.226,94.825,95.933,1289
2012-08-29,95.903,96.07,94.466,94.949,1284
2012-08-30,94.939,95.316,93.672,94.404,1239
2012-08-31,94.394,96.648,94.235,96.291,1188
2012-09-02,96.139,96.298,96.069,96.189,34
2012-09-03,96.179,97.067,95.771,96.592,1003
2012-09-04,96.622,97.146,94.757,95.318,1242
2012-09-05,95.308,95.86,94.059,95.631,1270
2012-09-06,95.651,97.516,94.366,94.506,1305
2012-09-07,94.486,96.562,93.906,96.116,1264
2012-09-09,96.093,96.203,96.013,96.113,39
2012-09-10,96.103,96.494,95.203,96.107,1213
2012-09-11,96.117,97.184,95.951,96.63,1219
2012-09-12,96.64,97.944,96.199,96.753,1244
2012-09-13,96.723,98.479,96.413,98.115,1214
2012-09-14,98.125,100.329,98.036,98.977,1285
2012-09-16,99.095,99.165,99.015,99.046,47
2012-09-17,99.066,99.474,94.609,96.621,1306
2012-09-18,96.601,97.193,95.082,95.49,1303
2012-09-19,95.52,96.172,91.242,91.783,1300
2012-09-20,91.793,92.788,90.659,92.619,1329
2012-09-21,92.629,93.542,92.297,92.668,1279
2012-09-23,92.906,92.906,92.557,92.618,36
2012-09-24,92.637,92.687,90.799,91.769,1330
2012-09-25,91.789,92.941,90.322,90.652,1338
2012-09-26,90.672,91.092,88.713,89.883,1315
2012-09-27,89.873,92.156,89.645,92.047,1339
2012-09-28,92.057,92.48,91.174,91.876,1254
2012-09-30,91.945,91.975,91.396,91.576,54
2012-10-01,91.307,93.128,91.059,91.317,1282
2012-10-02,92.234,92.748,91.434,91.545,1232
2012-10-03,91.525,91.637,87.53,88.001,1289
2012-10-04,87.971,91.671,87.742,91.334,1325
2012-10-05,91.324,91.548,88.855,89.765,1243
2012-10-07,89.714,89.743,89.464,89.584,50
2012-10-08,89.544,89.76,88.081,89.573,1296
2012-10-09,89.583,92.786,89.167,91.829,1324
2012-10-10,91.819,93.543,90.908,91.14,1315
2012-10-11,91.13,92.834,90.98,92.268,1306
2012-10-12,92.258,92.543,91.066,91.547,1260
2012-10-14,91.556,91.626,90.997,91.087,58
2012-10-15,91.077,92.131,89.724,91.636,1313
2012-10-16,91.656,92.704,91.241,92.424,1310
2012-10-17,92.434,92.8,91.501,91.914,1306
2012-10-18,91.894,92.551,90.62,92.031,1235
2012-10-19,92.041,93.074,89.791,90.201,1186
2012-10-21,89.678,89.997,89.489,89.559,59
2012-10-22,89.549,90.9,88.215,88.834,1332
2012-10-23,88.824,88.934,85.356,86.227,1301
2012-10-24,86.217,87.137,84.622,85.491,1325
2012-10-25,85.482,86.435,84.922,85.952,1305
2012-10-26,85.942,86.071,84.7,85.943,1271
2012-10-28,86.156,86.156,85.509,85.529,56
2012-10-29,85.519,86.074,84.401,84.902,1304
2012-10-30,84.912,85.986,84.843,85.532,1286
2012-10-31,85.512,86.946,85.364,85.843,1235
2012-11-01,85.833,87.188,85.685,86.693,1283
2012-11-02,86.703,87.019,84.448,84.579,1212
2012-11-05,84.464,85.722,84.159,85.553,1330
2012-11-06,85.493,89.046,85.249,88.21,1311
2012-11-07,88.25,88.634,83.898,84.339,1370
2012-11-08,84.369,85.554,84.078,84.859,1336
2012-11-09,84.85,86.636,83.998,86.039,1299
2012-11-12,86.083,86.441,85.174,85.526,1309
2012-11-13,85.496,85.864,84.485,85.308,1320
2012-11-14,85.288,86.577,84.856,86.349,1304
2012-11-15,86.42,86.904,84.764,85.384,1276
2012-11-16,85.464,87.055,85.08,86.658,1315
2012-11-19,86.987,89.486,86.798,88.83,1316
2012-11-20,88.84,88.882,85.878,87.046,1313
2012-11-21,86.987,87.6,86.087,87.405,1322
2012-11-22,87.395,87.485,86.734,86.845,948
2012-11-23,86.847,88.259,86.439,87.991,1010
2012-11-26,87.963,88.046,87.032,87.534,1280
2012-11-27,87.584,88.016,86.603,87.065,1287
2012-11-28,87.105,87.115,85.146,86.376,1268
2012-11-29,86.357,88.478,86.337,87.493,1280
2012-11-30,87.476,88.784,87.269,88.708,1348
2012-12-02,88.708,88.708,88.708,88.708,1
2012-12-03,88.634,90.15,88.491,88.755,1339
2012-12-04,88.768,89.01,87.412,88.229,1351
2012-12-05,88.309,88.889,87.315,87.747,1322
2012-12-06,87.735,88.092,85.549,86.214,1332
2012-12-07,86.232,86.785,85.649,85.884,1299
2012-12-10,85.839,86.674,85.238,85.574,1337
2012-12-11,85.595,86.269,85.125,85.638,1331
2012-12-12,85.616,87.595,85.599,86.687,1303
2012-12-13,86.68,86.895,85.742,86.087,1337
2012-12-14,86.025,86.848,85.994,86.816,1331
2012-12-17,87.052,87.662,86.451,87.441,1334
2012-12-18,87.427,88.113,87.178,87.948,1320
2012-12-19,87.876,89.817,87.758,89.265,1293
2012-12-20,89.156,90.043,88.777,89.494,1329
2012-12-21,89.523,89.589,87.494,88.434,1333
2012-12-24,88.344,88.409,87.771,88.137,1027
2012-12-26,88.137,90.887,88.137,90.732,542
2012-12-27,90.59,91.04,89.668,90.752,1332
2012-12-28,90.745,91.107,89.951,90.338,1318
2012-12-31,90.157,91.312,89.674,91.09,1073
2013-01-02,91.555,93.544,91.511,92.553,1206
2013-01-03,92.591,93.001,92.194,92.546,1301
2013-01-04,92.571,92.879,91.257,92.81,1309
2013-01-07,92.956,93.111,92.212,93.095,1323
2013-01-08,93.071,93.573,92.458,92.936,1330
2013-01-09,92.915,93.435,92.483,93.011,1333
2013-01-10,92.977,94.501,92.889,93.69,1307
2013-01-11,93.656,93.92,92.462,93.534,1310
2013-01-12,93.534,93.534,93.534,93.534,1
2013-01-14,93.52,94.149,92.844,94.106,1282
2013-01-15,94.099,94.337,93.115,93.356,1306
2013-01-16,93.334,94.257,93.019,94.074,1316
2013-01-17,94.084,95.964,93.728,95.116,1322
2013-01-18,95.109,95.612,94.854,95.31,1305
2013-01-21,95.297,95.479,95.048,95.464,1056
2013-01-22,95.407,96.43,95.02,96.258,1323
2013-01-23,96.263,96.472,94.529,95.146,1311
2013-01-24,95.047,96.251,94.697,95.552,1332
2013-01-25,95.543,96.14,95.033,95.627,1285
2013-01-28,95.649,96.441,95.116,96.202,1292
2013-01-29,96.1,97.465,95.946,97.03,1256
2013-01-30,96.998,97.896,96.99,97.688,1298
2013-01-31,97.631,97.705,96.522,97.086,1292
2013-02-01,97.134,97.838,96.214,97.281,1290
2013-02-04,97.476,97.477,95.646,95.912,1258
2013-02-05,95.875,96.825,95.668,96.441,1262
2013-02-06,96.389,96.762,94.82,96.566,1247
2013-02-07,96.602,96.996,95.342,95.741,1254
2013-02-08,95.712,96.373,95.088,95.594,1281
2013-02-11,95.658,96.942,94.832,96.849,1237
2013-02-12,96.805,97.653,96.551,97.434,1280
2013-02-13,97.439,97.989,96.539,97.088,1279
2013-02-14,97.103,97.629,96.711,97.266,1160
2013-02-15,97.239,97.409,95.161,95.879,1256
2013-02-18,95.812,95.913,95.19,95.472,1005
2013-02-19,95.443,96.629,95.257,96.56,1228
2013-02-20,96.56,96.948,93.727,94.122,1286
2013-02-21,94.277,94.391,92.15,92.469,1344
2013-02-22,92.644,92.995,91.964,92.875,1293
2013-02-25,92.832,94.027,91.664,91.787,1334
2013-02-26,91.621,93.024,91.616,92.34,1337
2013-02-27,92.321,92.989,91.804,92.435,1299
2013-02-28,92.51,92.809,91.221,91.464,1305
2013-03-01,91.453,91.616,89.709,90.595,1309
2013-03-04,90.472,90.617,89.055,89.973,1305
2013-03-05,89.919,90.718,89.763,90.566,1306
2013-03-06,90.574,90.903,89.31,90.172,1306
2013-03-07,90.197,91.477,89.982,91.154,1302
2013-03-08,91.177,91.798,90.613,91.646,1255
2013-03-10,91.684,91.684,91.478,91.503,44
2013-03-11,91.498,91.955,90.709,91.668,1229
2013-03-12,91.663,93.246,91.406,92.299,1250
2013-03-13,92.304,93.143,91.65,92.101,1287
2013-03-14,92.106,93.01,91.757,92.981,1288
2013-03-15,92.986,93.591,92.757,93.338,1203
2013-03-17,93.032,93.032,92.396,92.585,60
2013-03-18,92.58,93.764,91.6,93.729,1332
2013-03-19,93.722,93.924,91.838,91.995,1268
2013-03-20,92.0,93.076,91.91,92.861,1280
2013-03-21,92.855,92.969,91.341,91.911,1233
2013-03-22,91.901,93.447,91.832,93.378,1194
2013-03-24,93.27,93.32,93.256,93.256,41
2013-03-25,93.261,95.202,93.251,94.337,1259
2013-03-26,94.332,96.007,94.229,95.741,1250
2013-03-27,95.737,96.411,95.162,96.273,1250
2013-03-28,96.268,96.935,95.856,96.798,1210
2013-03-31,97.052,97.405,96.748,96.935,58
2013-04-01,96.93,96.93,95.588,96.515,1242
2013-04-02,96.52,97.107,95.588,96.469,1296
2013-04-03,96.462,96.588,93.883,94.255,1282
2013-04-04,94.25,94.543,91.845,93.12,1298
2013-04-05,93.115,93.255,91.637,92.729,1186
2013-04-07,92.601,92.716,92.561,92.681,57
2013-04-08,92.676,93.503,92.223,93.191,1241
2013-04-09,93.186,94.237,92.637,93.733,1248
2013-04-10,93.738,94.593,93.196,94.27,1246
2013-04-11,94.275,94.44,92.876,93.289,1263
2013-04-12,93.294,93.319,90.134,90.652,1220
2013-04-13,90.652,90.652,90.652,90.652,2
2013-04-14,90.701,90.715,90.362,90.367,58
2013-04-15,90.362,90.601,87.011,87.091,1372
2013-04-16,87.086,88.944,85.983,88.854,1375
2013-04-17,88.849,88.929,85.945,85.95,1346
2013-04-18,85.955,88.375,85.508,88.211,1365
2013-04-19,88.207,88.661,87.429,87.837,1276
2013-04-21,87.948,88.054,87.804,88.019,52
2013-04-22,88.014,89.12,87.344,88.957,1330
2013-04-23,88.964,89.292,87.473,89.139,1330
2013-04-24,89.144,91.366,88.88,91.248,1341
2013-04-25,91.243,93.522,90.797,92.923,1322
2013-04-26,92.918,93.242,91.743,92.57,1255
2013-04-28,92.477,92.551,92.278,92.318,52
2013-04-29,92.323,94.335,92.116,94.088,1313
2013-04-30,94.093,94.276,92.552,92.782,1288
2013-05-01,92.787,92.911,89.796,90.669,1260
2013-05-02,90.664,93.934,90.349,93.578,1342
2013-05-03,93.568,95.709,93.259,95.159,1217
2013-05-05,95.281,96.535,95.281,96.356,60
2013-05-06,96.361,96.854,94.611,95.526,1358
2013-05-07,95.531,96.008,94.692,95.214,1355
2013-05-08,95.209,96.521,95.0,96.19,1327
2013-05-09,96.185,96.517,95.152,95.887,1328
2013-05-10,95.882,96.038,93.187,95.673,1243
2013-05-12,95.551,95.566,95.427,95.512,58
2013-05-13,95.507,95.547,94.299,94.99,1341
2013-05-14,94.985,95.491,93.724,94.184,1318
2013-05-15,94.189,94.308,92.025,94.065,1301
2013-05-16,94.07,95.447,93.143,95.052,1328
2013-05-17,95.047,96.363,94.692,95.804,1265
2013-05-19,95.953,96.17,95.448,95.712,60
2013-05-20,95.717,97.001,95.141,96.515,1346
2013-05-21,96.52,96.887,95.335,95.355,1312
2013-05-22,95.36,95.869,93.597,93.657,1326
2013-05-23,93.652,94.155,91.917,93.926,1341
2013-05-24,93.919,94.04,92.746,93.547,1271
2013-05-26,93.597,93.619,93.225,93.32,57
2013-05-27,93.325,93.789,92.972,93.715,1087
2013-05-28,93.71,95.661,93.284,94.813,1318
2013-05-29,94.818,94.984,92.531,92.675,1318
2013-05-30,92.68,93.746,91.456,93.295,1345
2013-05-31,93.3,93.606,91.391,91.471,1244
2013-06-02,91.607,91.632,91.124,91.204,56
2013-06-03,91.209,93.495,91.154,93.101,1339
2013-06-04,93.096,94.23,92.218,93.719,1339
2013-06-05,93.726,94.307,93.249,93.633,1308
2013-06-06,93.638,95.117,93.51,94.513,1328
2013-06-07,94.518,96.222,93.606,96.054,1260
2013-06-09,96.046,96.101,95.937,96.076,48
2013-06-10,96.081,96.126,95.085,95.746,1323
2013-06-11,95.751,95.772,93.952,94.833,1244
2013-06-12,94.828,96.313,94.342,95.578,1308
2013-06-13,95.583,96.816,94.929,96.518,1339
2013-06-14,96.523,98.148,96.321,97.777,1225
2013-06-16,97.769,97.774,97.63,97.68,58
2013-06-17,97.675,98.651,97.313,97.828,1329
2013-06-18,97.823,98.594,97.368,98.51,1309
2013-06-19,98.505,98.921,97.505,97.641,1308
2013-06-20,97.646,97.696,94.372,94.697,1374
2013-06-21,94.692,95.573,92.863,93.633,1286
2013-06-23,93.559,93.589,93.215,93.535,60
2013-06-24,93.53,95.352,92.445,94.835,1362
2013-06-25,94.84,95.937,94.368,94.843,1341
2013-06-26,94.848,95.479,93.467,95.27,1353
2013-06-27,95.265,97.192,95.141,96.606,1348
2013-06-28,96.611,97.607,96.131,96.254,1280
2013-06-30,96.376,96.391,96.092,96.207,57
2013-07-01,96.202,98.094,95.893,97.902,1351
2013-07-02,97.897,99.688,97.599,99.555,1343
2013-07-03,99.563,102.01,99.553,101.099,1382
2013-07-04,101.104,101.442,100.544,101.217,1102
2013-07-05,101.222,103.322,100.749,103.307,1278
2013-07-07,103.61,103.84,103.381,103.726,60
2013-07-08,103.711,103.781,102.008,102.865,1365
2013-07-09,102.86,104.21,102.205,103.845,1369
2013-07-10,103.85,106.025,103.67,106.015,1384
2013-07-11,106.02,106.525,103.73,104.02,1378
2013-07-12,104.015,105.75,103.855,105.68,1260
2013-07-14,105.63,105.67,105.248,105.445,59
2013-07-15,105.45,106.195,104.275,105.91,1352
2013-07-16,105.917,106.785,105.39,105.445,1345
2013-07-17,105.44,106.465,104.795,106.175,1362
2013-07-18,106.18,108.195,105.93,108.005,1350
2013-07-19,108.01,108.925,106.925,108.21,1288
2013-07-21,108.105,108.23,107.905,108.22,60
2013-07-22,108.225,108.595,106.495,106.955,1337
2013-07-23,106.95,107.48,105.465,107.375,1288
2013-07-24,107.38,107.52,104.795,105.21,1342
2013-07-25,105.203,105.865,104.085,105.55,1360
2013-07-26,105.545,105.635,103.905,104.62,1262
2013-07-28,104.68,104.89,104.39,104.57,59
2013-07-29,104.575,105.37,103.875,104.436,1352
2013-07-30,104.431,104.506,102.763,103.15,1319
2013-07-31,103.155,105.216,102.876,104.934,1297
2013-08-01,104.929,107.695,104.918,107.582,1360
2013-08-02,107.575,108.496,106.34,106.77,1297
2013-08-04,106.652,106.853,106.577,106.757,51
2013-08-05,106.762,107.557,105.558,106.407,1362
2013-08-06,106.412,107.164,104.893,105.66,1326
2013-08-07,105.665,105.754,104.185,104.334,1337
2013-08-08,104.329,105.045,102.365,103.643,1357
2013-08-09,103.648,105.879,103.59,105.878,1284
2013-08-11,105.625,105.69,105.469,105.649,48
2013-08-12,105.657,106.25,104.801,106.219,1335
2013-08-13,106.224,107.098,105.658,106.623,1304
2013-08-14,106.618,107.255,105.822,107.184,1363
2013-08-15,107.179,108.017,106.746,107.475,1310
2013-08-16,107.48,108.43,106.872,108.015,1272
2013-08-18,107.887,107.998,107.465,107.525,59
2013-08-19,107.52,107.968,106.724,107.291,1344
2013-08-20,107.296,107.382,105.041,105.601,1326
2013-08-21,105.596,105.7,103.894,103.957,1354
2013-08-22,103.952,105.626,103.917,105.575,1344
2013-08-23,105.58,107.306,104.673,106.737,1244
2013-08-25,107.171,107.693,107.151,107.286,60
2013-08-26,107.291,107.556,105.887,106.535,1361
2013-08-27,106.53,110.128,106.209,110.002,1357
2013-08-28,110.007,112.561,109.479,109.979,1387
2013-08-29,109.984,110.355,107.539,107.664,1386
2013-08-30,107.659,109.034,107.052,107.952,1315
2013-09-01,107.308,107.308,104.497,105.965,59
2013-09-02,105.96,107.547,105.794,106.989,1122
2013-09-03,106.984,109.058,106.786,108.739,1354
2013-09-04,108.744,108.759,106.99,107.503,1349
2013-09-05,107.508,108.853,107.343,108.627,1334
2013-09-06,108.632,110.89,108.323,110.438,1282
2013-09-08,110.344,110.344,109.944,110.088,57
2013-09-09,110.093,110.619,108.313,108.676,1358
2013-09-10,108.671,109.077,106.668,107.503,1374
2013-09-11,107.498,108.209,106.747,107.835,1349
2013-09-12,107.84,109.31,107.468,108.95,1322
2013-09-13,108.955,109.01,107.475,108.885,1242
2013-09-15,107.968,108.019,107.07,107.629,60
2013-09-16,107.624,108.254,106.509,106.594,1359
2013-09-17,106.589,106.873,105.294,105.66,1354
2013-09-18,105.655,108.671,105.427,108.372,1336
2013-09-19,108.367,109.036,106.419,106.647,1334
2013-09-20,106.642,106.959,105.326,105.681,1262
2013-09-22,105.558,105.588,105.2,105.295,58
2013-09-23,105.303,105.873,103.864,104.116,1325
2013-09-24,104.111,104.369,103.012,103.99,1319
2013-09-25,103.995,104.653,102.88,103.024,1326
2013-09-26,103.019,103.951,102.876,103.452,1279
2013-09-27,103.457,104.408,103.003,103.463,1259
2013-09-29,103.013,103.013,102.381,102.637,60
2013-09-30,102.632,103.315,101.606,102.903,1351
2013-10-01,102.902,103.112,101.577,102.902,1300
2013-10-02,102.114,104.738,101.945,104.34,1283
2013-10-03,104.335,104.868,103.352,103.536,1323
2013-10-04,103.531,104.65,103.49,104.101,1211
2013-10-06,103.798,103.888,103.723,103.83,42
2013-10-07,103.825,104.12,102.246,103.511,1200
2013-10-08,103.516,104.438,103.23,103.952,1307
2013-10-09,103.947,104.09,101.525,101.854,1322
2013-10-10,101.858,103.854,101.49,102.987,1340
2013-10-11,102.992,103.283,101.086,102.298,1283
2013-10-13,101.776,101.982,101.716,101.886,52
2013-10-14,101.891,103.113,101.578,102.854,1322
2013-10-15,102.859,102.98,101.502,101.672,1258
2013-10-16,101.667,103.57,101.373,102.759,1324
2013-10-17,102.764,102.944,100.622,101.437,1348
2013-10-18,101.442,102.374,101.146,101.547,1238
2013-10-20,101.322,101.452,101.302,101.432,55
2013-10-21,101.427,101.586,99.674,99.819,1324
2013-10-22,99.824,100.64,98.388,98.518,1311
2013-10-23,98.513,98.612,96.484,97.433,1344
2013-10-24,97.428,98.001,96.262,97.462,1323
2013-10-25,97.466,98.355,97.297,98.174,1269
2013-10-27,98.02,98.025,97.844,97.899,46
2013-10-28,97.894,99.084,97.637,98.76,1263
2013-10-29,98.755,98.778,97.656,97.781,1244
2013-10-30,97.776,98.072,96.802,96.862,1278
2013-10-31,96.867,97.261,96.263,96.55,1281
2013-11-01,96.555,96.867,94.576,94.831,1223
2013-11-04,94.703,95.254,94.236,94.617,1306
2013-11-05,94.664,95.076,93.272,93.881,1284
2013-11-06,93.921,95.587,93.842,95.098,1272
2013-11-07,95.063,95.489,94.002,94.562,1296
2013-11-08,94.57,95.12,94.095,94.566,1289
2013-11-11,94.653,95.564,94.306,95.206,1297
2013-11-12,95.198,95.408,93.172,93.447,1283
2013-11-13,93.424,94.933,93.307,93.95,1322
2013-11-14,93.95,94.906,93.038,94.392,1295
2013-11-15,94.393,95.019,94.111,94.261,1262
2013-11-18,94.296,94.82,93.272,93.518,1307
2013-11-19,93.518,94.015,93.115,93.786,1276
2013-11-20,93.774,94.368,93.149,93.63,1293
2013-11-21,93.597,95.495,93.361,95.141,1268
2013-11-22,95.164,95.463,93.955,94.725,1266
2013-11-25,93.774,94.406,92.987,94.104,1336
2013-11-26,94.104,94.598,93.351,93.391,1284
2013-11-27,93.401,93.521,91.685,92.285,1240
2013-11-28,92.258,92.282,91.988,92.158,971
2013-11-29,92.217,93.83,92.04,92.706,1036
2013-12-02,92.619,94.011,92.501,93.862,1314
2013-12-03,93.819,96.77,93.604,96.745,1272
2013-12-04,96.72,97.473,96.247,97.185,1334
2013-12-05,97.225,97.883,96.921,97.331,1307
2013-12-06,97.332,98.009,97.017,97.702,1258
2013-12-09,97.666,97.903,96.989,97.084,1232
2013-12-10,97.159,98.603,97.159,98.521,1260
2013-12-11,98.542,98.632,97.161,97.421,1276
2013-12-12,97.558,98.159,97.318,97.538,1216
2013-12-13,97.57,97.619,96.296,96.497,1256
2013-12-16,96.653,97.743,96.286,97.345,1295
2013-12-17,97.283,97.908,97.034,97.371,1229
2013-12-18,97.319,98.037,97.055,97.657,1228
2013-12-19,97.72,99.259,97.538,98.532,1286
2013-12-20,98.453,99.176,98.327,98.933,1252
2013-12-23,98.974,99.112,98.447,98.494,1221
2013-12-24,98.415,99.114,98.34,99.024,893
2013-12-26,98.99,99.517,98.876,99.463,1126
2013-12-27,99.463,100.572,99.19,99.954,1194
2013-12-30,99.985,100.269,98.985,99.071,1229
2013-12-31,99.108,99.236,98.012,98.482,947
2014-01-02,98.443,98.832,95.22,95.296,1216
2014-01-03,95.334,95.611,93.749,94.099,1268
2014-01-06,94.082,94.485,93.109,93.544,1288
2014-01-07,93.507,94.123,93.263,93.885,1211
2014-01-08,93.833,94.087,92.209,92.454,1244
2014-01-09,92.526,92.891,91.227,92.28,1245
2014-01-10,92.275,93.301,91.971,92.8,1296
2014-01-13,92.837,92.862,91.426,91.536,1248
2014-01-14,91.509,92.865,91.509,92.631,1280
2014-01-15,92.631,94.59,92.408,94.271,1258
2014-01-16,94.244,94.566,93.522,94.043,1225
2014-01-17,94.058,94.855,93.845,94.104,1225
2014-01-20,94.086,94.181,93.467,93.817,1047
2014-01-21,93.768,95.279,93.738,95.036,1242
2014-01-22,95.022,96.703,94.942,96.535,1269
2014-01-23,96.515,97.658,96.236,97.2,1321
2014-01-24,97.188,97.622,96.087,96.717,1256
2014-01-27,96.784,97.023,95.062,95.497,1259
2014-01-28,95.528,97.509,95.493,97.021,1251
2014-01-29,97.039,97.586,96.19,97.297,1273
2014-01-30,97.31,98.45,97.21,97.925,1294
2014-01-31,97.84,98.258,96.978,97.342,1247
2014-02-03,97.34,97.826,96.158,96.527,1333
2014-02-04,96.45,97.666,96.271,97.588,1261
2014-02-05,97.488,98.08,96.788,97.29,1324
2014-02-06,97.264,98.788,97.264,98.1,1304
2014-02-07,98.116,100.268,97.314,100.114,1278
2014-02-10,100.14,100.476,99.16,99.928,1294
2014-02-11,99.892,100.548,99.616,100.392,1282
2014-02-12,100.406,101.352,100.18,100.354,1256
2014-02-13,100.368,100.8,99.496,100.594,1297
2014-02-14,100.568,100.786,99.784,100.658,1286
2014-02-17,100.614,101.35,100.55,101.084,1064
2014-02-18,101.05,103.124,100.772,103.096,1263
2014-02-19,103.036,103.742,102.424,103.322,1289
2014-02-20,103.33,103.472,102.716,103.296,1289
2014-02-21,103.34,103.35,102.116,102.77,1188
2014-02-24,102.756,103.83,102.354,103.22,1282
2014-02-25,103.21,103.21,101.382,102.41,1241
2014-02-26,102.422,103.244,101.934,102.926,1310
2014-02-27,102.92,103.414,102.204,102.478,1145
2014-02-28,102.472,103.27,102.124,102.972,1260
2014-03-03,103.516,105.5,103.446,105.138,1337
2014-03-04,105.172,105.224,103.112,103.576,1312
2014-03-05,103.614,103.774,101.154,101.294,1325
2014-03-06,101.356,102.32,100.528,102.264,1327
2014-03-07,102.22,103.156,101.852,102.896,1272
2014-03-09,102.974,102.974,102.658,102.698,55
2014-03-10,102.696,102.766,101.1,101.182,1332
2014-03-11,101.184,101.736,99.63,99.794,1301
2014-03-12,99.786,99.852,97.89,98.508,1326
2014-03-13,98.514,98.964,98.107,98.593,1297
2014-03-14,98.591,99.63,98.433,99.272,1210
2014-03-16,99.556,99.556,99.262,99.337,55
2014-03-17,99.332,99.407,97.624,98.146,1237
2014-03-18,98.144,99.588,97.898,99.15,1261
2014-03-19,99.146,99.846,98.938,99.728,1284
2014-03-20,99.732,100.034,98.658,99.186,1268
2014-03-21,99.188,100.824,98.82,100.074,1185
2014-03-23,99.878,100.008,99.678,99.79,58
2014-03-24,99.79,100.812,99.572,99.86,1306
2014-03-25,99.866,100.744,99.296,99.732,1256
2014-03-26,99.738,100.934,99.618,100.675,1220
2014-03-27,100.677,102.164,100.501,101.657,1283
2014-03-28,101.661,102.69,101.661,102.052,1189
2014-03-30,101.998,102.015,101.824,101.882,56
2014-03-31,101.879,102.368,101.285,101.793,1240
2014-04-01,101.793,101.855,99.647,99.992,1227
2014-04-02,99.994,100.189,99.217,99.635,1291
2014-04-03,99.63,100.828,99.415,100.721,1232
2014-04-04,100.722,101.951,100.629,101.435,1128
2014-04-06,101.223,101.308,101.183,101.25,57
2014-04-07,101.248,101.587,100.191,101.009,1244
2014-04-08,101.014,102.885,101.014,102.495,1246
2014-04-09,102.488,103.744,102.185,103.313,1265
2014-04-10,103.318,103.75,103.018,103.192,1273
2014-04-11,103.187,104.099,102.881,103.162,1202
2014-04-13,103.318,103.841,103.298,103.763,58
2014-04-14,103.763,104.294,103.17,103.547,1316
2014-04-15,103.536,104.046,102.968,103.872,1263
2014-04-16,103.867,104.874,103.196,103.827,1254
2014-04-17,103.827,104.665,103.5,104.408,1255
2014-04-20,104.417,104.417,104.157,104.182,57
2014-04-21,104.18,104.495,103.621,104.185,1227
2014-04-22,104.182,104.212,102.127,102.598,1216
2014-04-23,102.595,102.68,101.808,102.126,1271
2014-04-24,102.131,102.938,101.985,102.43,1186
2014-04-25,102.43,102.624,101.037,101.191,1132
2014-04-27,101.159,101.385,101.146,101.329,54
2014-04-28,101.331,102.011,100.817,101.337,1221
2014-04-29,101.332,102.677,101.122,101.167,1209
2014-04-30,101.164,101.164,99.79,100.196,1249
2014-05-01,100.201,100.301,99.159,99.722,1154
2014-05-02,99.725,100.528,99.659,100.305,1169
2014-05-04,100.326,100.351,100.052,100.099,58
2014-05-05,100.094,100.763,99.25,99.714,1221
2014-05-06,99.719,100.725,99.654,100.146,1234
2014-05-07,100.151,101.275,100.082,101.135,1261
2014-05-08,101.14,101.174,100.142,100.524,1208
2014-05-09,100.519,101.418,99.965,100.301,1153
2014-05-11,100.247,100.277,100.132,100.211,38
2014-05-12,100.211,101.095,100.18,100.75,1261
2014-05-13,100.748,102.227,100.565,102.059,1297
2014-05-14,102.057,102.8,102.029,102.194,1269
2014-05-15,102.198,102.534,101.618,101.986,1234
2014-05-16,101.986,102.546,101.758,102.46,1191
2014-05-18,102.408,102.418,102.256,102.298,55
2014-05-19,102.294,103.208,102.288,102.726,1227
2014-05-20,102.729,103.702,102.39,103.598,1246
2014-05-21,103.593,104.974,103.477,104.471,1218
2014-05-22,104.468,104.882,104.204,104.343,1242
2014-05-23,104.345,105.138,104.301,105.021,1084
2014-05-25,104.894,104.921,104.831,104.848,40
2014-05-26,104.843,104.999,104.506,104.817,828
2014-05-27,104.822,105.057,104.125,104.616,1218
2014-05-28,104.621,104.93,103.163,103.52,1219
2014-05-29,103.525,104.438,103.116,103.993,1165
2014-05-30,103.993,104.02,102.879,103.339,1166
2014-06-01,103.336,103.415,103.26,103.35,40
2014-06-02,103.355,103.765,102.499,103.016,1145
2014-06-03,103.011,103.356,102.625,103.275,1230
2014-06-04,103.282,104.048,102.55,102.58,1167
2014-06-05,102.57,103.016,101.945,102.772,1256
2014-06-06,102.776,103.39,102.59,103.024,1108
2014-06-08,102.922,102.995,102.839,102.863,54
2014-06-09,102.858,104.664,102.852,104.623,1214
2014-06-10,104.617,105.159,104.035,104.389,1249
2014-06-11,104.384,104.893,104.307,104.606,1165
2014-06-12,104.604,107.108,104.476,107.052,1264
2014-06-13,107.057,107.747,106.52,106.88,1303
2014-06-15,107.036,107.59,107.021,107.423,57
2014-06-16,107.428,107.618,106.837,106.937,1329
2014-06-17,106.932,107.47,106.253,106.801,1256
2014-06-18,106.804,107.236,106.128,106.675,1268
2014-06-19,106.68,107.133,105.856,106.847,1265
2014-06-20,106.839,107.652,106.543,107.392,1144
2014-06-22,107.864,108.04,107.666,107.866,57
2014-06-23,107.868,108.038,106.569,106.679,1263
2014-06-24,106.681,108.11,105.898,107.597,1241
2014-06-25,107.592,107.852,106.083,107.368,1322
2014-06-26,107.37,107.41,105.617,106.206,1256
2014-06-27,106.211,106.754,105.897,106.304,1170
2014-06-29,106.233,106.261,105.923,105.996,58
2014-06-30,105.991,106.245,105.156,105.989,1224
2014-07-01,105.991,106.562,105.072,105.74,1169
2014-07-02,105.745,105.977,104.546,104.621,1164
2014-07-03,104.628,104.686,104.097,104.519,1214
2014-07-04,104.519,104.533,104.048,104.163,864
2014-07-06,104.07,104.203,104.065,104.137,43
2014-07-07,104.141,104.432,103.522,103.731,1149
2014-07-08,103.736,104.52,103.323,103.759,1170
2014-07-09,103.762,103.894,102.086,102.12,1123
2014-07-10,102.125,103.258,101.812,103.068,1199
2014-07-11,103.076,103.171,100.678,100.899,1110
2014-07-13,100.663,101.146,100.663,101.052,55
2014-07-14,101.05,101.436,100.389,101.163,1240
2014-07-15,101.168,101.28,99.319,100.332,1224
2014-07-16,100.337,101.549,100.238,101.384,1255
2014-07-17,101.381,103.594,101.231,103.549,1235
2014-07-18,103.543,103.543,102.25,102.368,1257
2014-07-20,102.378,102.378,102.162,102.172,36
2014-07-21,102.166,103.514,102.035,103.289,1197
2014-07-22,103.287,103.964,102.47,102.47,1254
2014-07-23,102.465,103.849,102.314,103.714,1187
2014-07-24,103.707,103.707,102.373,102.48,1186
2014-07-25,102.483,103.0,101.474,102.44,1132
2014-07-27,102.305,102.443,102.184,102.207,46
2014-07-28,102.202,102.522,101.308,101.915,1202
2014-07-29,101.91,102.228,100.769,101.337,1201
2014-07-30,101.335,102.046,99.541,99.761,1257
2014-07-31,99.759,100.212,97.953,98.078,1275
2014-08-01,98.075,98.434,97.425,97.95,1192
2014-08-03,97.93,98.07,97.912,98.007,42
2014-08-04,98.009,98.945,97.716,98.714,1202
2014-08-05,98.716,98.942,97.265,97.935,1191
2014-08-06,97.93,98.372,96.96,97.134,1236
2014-08-07,97.129,97.942,96.784,97.658,1211
2014-08-08,97.662,98.658,97.37,97.742,1191
2014-08-10,97.662,97.901,97.547,97.884,53
2014-08-11,97.886,98.737,97.626,98.002,1245
2014-08-12,97.997,98.088,96.972,97.379,1268
2014-08-13,97.371,97.912,96.854,97.452,1285
2014-08-14,97.447,97.682,94.823,95.053,1214
2014-08-15,95.061,96.335,94.867,96.035,1200
2014-08-17,95.988,95.988,95.705,95.755,54
2014-08-18,95.75,95.854,94.293,94.801,1225
2014-08-19,94.796,95.226,93.465,93.694,1250
2014-08-20,93.692,94.5,93.554,94.429,1210
2014-08-21,94.424,95.248,93.324,94.661,1236
2014-08-22,94.656,94.83,93.69,94.14,1173
2014-08-24,94.17,94.174,94.094,94.114,2
2014-08-25,94.162,94.66,93.748,94.104,1075
2014-08-26,94.1,95.024,94.026,94.524,1184
2014-08-27,94.52,94.89,94.01,94.386,1120
2014-08-28,94.39,95.346,94.084,95.176,1169
2014-08-29,95.182,96.606,95.104,96.43,1112
2014-08-31,96.39,96.39,96.268,96.318,44
2014-09-01,96.314,96.462,96.058,96.364,882
2014-09-02,96.358,96.4,93.168,93.614,1225
2014-09-03,93.62,96.308,93.552,95.634,1250
2014-09-04,95.63,95.848,94.604,94.992,1224
2014-09-05,94.986,95.422,93.284,93.844,1184
2014-09-07,93.894,93.984,93.722,93.848,57
2014-09-08,93.846,93.916,92.14,93.476,1273
2014-09-09,93.472,94.276,92.846,93.328,1271
2014-09-10,93.33,93.338,91.516,92.18,1300
2014-09-11,92.178,93.708,90.706,93.302,1300
2014-09-12,93.308,93.924,92.208,92.488,1230
2014-09-14,92.14,92.484,91.966,92.09,60
2014-09-15,92.092,93.186,90.918,92.98,1317
2014-09-16,92.974,95.21,92.614,94.738,1284
2014-09-17,94.744,95.098,93.738,93.792,1273
2014-09-18,93.788,94.644,92.856,92.98,1272
2014-09-19,92.976,93.246,92.142,92.693,1211
2014-09-21,92.567,92.648,92.435,92.548,48
2014-09-22,92.543,92.823,91.302,91.788,1305
2014-09-23,91.782,92.946,91.628,92.496,1315
2014-09-24,92.498,94.134,91.962,93.744,1271
2014-09-25,93.74,94.362,92.862,93.28,1246
2014-09-26,93.274,94.648,93.028,94.168,1157
2014-09-28,94.074,94.13,93.684,93.78,58
2014-09-29,93.776,95.338,93.446,94.968,1257
2014-09-30,94.962,95.58,91.508,92.124,1305
2014-10-01,92.07,93.596,91.086,92.066,1312
2014-10-02,91.472,92.13,88.76,91.662,1346
2014-10-03,91.658,92.36,89.911,90.249,1257
2014-10-05,90.205,90.205,89.883,89.942,58
2014-10-06,89.945,91.193,89.219,90.86,1309
2014-10-07,90.854,91.007,88.799,88.958,1287
2014-10-08,88.962,89.044,87.221,88.2,1307
2014-10-09,88.198,88.314,84.433,85.013,1346
2014-10-10,85.018,86.607,83.923,85.83,1311
2014-10-12,85.581,85.751,84.527,84.732,59
2014-10-13,84.726,86.109,84.317,85.16,1385
2014-10-14,85.154,85.816,81.518,82.56,1350
2014-10-15,82.556,82.608,80.186,81.056,1377
2014-10-16,81.05,84.968,79.96,83.102,1372
2014-10-17,83.108,84.598,82.594,83.124,1297
2014-10-19,83.252,83.516,83.16,83.486,59
2014-10-20,83.488,83.518,81.544,82.66,1352
2014-10-21,82.656,84.012,82.314,83.504,1341
2014-10-22,83.498,83.872,80.926,81.096,1355
2014-10-23,81.093,83.063,80.746,82.541,1368
2014-10-24,82.546,82.566,81.013,81.956,1285
2014-10-26,81.846,81.849,81.657,81.679,57
2014-10-27,81.679,81.854,80.025,81.257,1305
2014-10-28,81.252,82.228,80.936,82.061,1306
2014-10-29,82.056,83.428,81.999,82.522,1321
2014-10-30,82.517,82.621,81.236,81.468,1301
2014-10-31,81.462,81.762,80.039,81.122,1233
2014-11-03,81.086,81.397,78.493,78.593,1353
2014-11-04,78.592,78.8,76.28,77.74,1361
2014-11-05,77.669,79.712,76.821,79.367,1331
2014-11-06,79.266,79.336,77.455,78.141,1307
2014-11-07,78.178,79.71,77.787,78.894,1300
2014-11-10,78.71,80.096,77.366,77.438,1344
2014-11-11,77.436,78.248,76.654,77.746,1312
2014-11-12,77.712,78.208,76.884,77.164,1303
2014-11-13,77.154,77.366,74.288,74.494,1337
2014-11-14,74.582,76.534,73.486,76.194,1354
2014-11-17,76.154,76.388,74.996,75.72,1349
2014-11-18,75.738,76.694,74.4,74.458,1324
2014-11-19,74.468,75.638,74.144,74.53,1347
2014-11-20,74.506,76.536,74.424,76.494,1338
2014-11-21,76.52,78.03,75.836,76.888,1353
2014-11-24,76.906,77.212,75.646,75.696,1361
2014-11-25,75.67,76.764,73.898,74.02,1320
2014-11-26,74.01,74.63,73.48,73.67,1367
2014-11-27,73.652,73.738,67.9,69.185,1115
2014-11-28,68.996,69.768,65.888,66.244,1177
2014-12-01,66.086,69.668,63.86,69.46,1391
2014-12-02,69.388,69.396,66.796,67.732,1375
2014-12-03,67.68,68.332,66.92,67.518,1354
2014-12-04,67.5,68.34,66.22,66.904,1365
2014-12-05,66.894,67.004,65.282,65.724,1324
2014-12-08,65.612,65.618,62.856,63.068,1357
2014-12-09,63.06,64.266,62.354,63.364,1382
2014-12-10,63.306,63.514,60.512,61.212,1366
2014-12-11,61.144,61.736,59.032,59.164,1380
2014-12-12,59.2,59.616,57.402,57.538,1368
2014-12-15,56.598,58.788,55.228,55.552,1386
2014-12-16,55.546,57.23,53.767,55.718,1369
2014-12-17,55.518,59.065,54.42,55.982,1371
2014-12-18,55.956,58.836,54.103,54.941,1384
2014-12-19,55.105,58.221,54.248,57.673,1380
2014-12-22,57.574,58.35,54.977,55.222,1382
2014-12-23,55.372,57.386,54.934,56.556,1386
2014-12-24,56.624,56.988,54.928,55.718,1179
2014-12-26,55.732,56.449,54.38,54.969,1352
2014-12-29,54.953,55.604,52.79,53.591,1380
2014-12-30,53.606,54.196,52.584,53.804,1373
2014-12-31,53.714,53.802,52.41,52.777,1170
2015-01-02,53.69,55.01,51.946,52.548,1367
2015-01-05,52.538,52.598,49.606,49.904,1385
2015-01-06,49.924,50.297,47.489,47.956,1387
2015-01-07,47.889,49.24,46.776,48.716,1381
2015-01-08,48.682,49.582,47.68,48.9,1377
2015-01-09,48.87,49.546,47.113,48.145,1364
2015-01-12,48.107,48.127,45.632,45.697,1393
2015-01-13,45.653,46.699,44.124,46.064,1387
2015-01-14,46.04,48.695,44.988,48.433,1391
2015-01-15,48.311,51.014,45.886,46.0,1384
2015-01-16,46.139,48.666,45.77,48.25,1377
2015-01-19,48.412,48.586,47.218,47.31,1137
2015-01-20,47.38,47.667,45.805,46.084,1375
2015-01-21,46.127,47.639,46.02,46.769,1373
2015-01-22,46.772,48.532,45.366,46.008,1347
2015-01-23,46.13,47.226,44.806,44.806,1370
2015-01-26,44.716,45.926,43.914,44.662,1371
2015-01-27,44.678,46.126,44.384,45.348,1338
2015-01-28,45.326,45.344,43.696,44.018,1357
2015-01-29,44.036,44.582,43.214,44.22,1345
2015-01-30,44.248,47.956,43.956,47.352,1322
2015-02-02,47.38,50.174,46.328,49.542,1380
2015-02-03,49.458,53.876,49.354,51.252,1386
2015-02-04,51.352,52.23,47.654,48.286,1390
2015-02-05,48.354,51.78,47.096,50.624,1379
2015-02-06,50.638,52.866,50.436,51.876,1369
2015-02-09,52.386,53.744,51.426,52.206,1391
2015-02-10,52.212,52.424,49.672,50.738,1368
2015-02-11,50.88,50.89,47.978,49.306,1378
2015-02-12,49.328,51.498,49.07,51.236,1367
2015-02-13,51.249,53.318,50.95,52.5,1351
2015-02-16,52.828,53.489,51.986,52.62,1127
2015-02-17,52.587,53.98,50.76,53.114,1361
2015-02-18,53.122,53.306,50.186,50.342,1367
2015-02-19,50.412,51.888,49.024,51.368,1379
2015-02-20,51.276,51.66,49.934,50.002,1336
2015-02-23,50.046,50.272,48.014,48.75,1365
2015-02-24,48.742,49.662,48.048,48.516,1360
2015-02-25,48.496,50.632,47.864,50.428,1360
2015-02-26,50.503,50.548,47.236,48.358,1385
2015-02-27,48.398,49.35,47.918,48.848,1352
2015-03-02,48.95,50.53,48.226,49.342,1357
2015-03-03,49.34,50.34,48.984,50.208,1349
2015-03-04,50.174,51.532,49.168,51.212,1351
2015-03-05,51.198,51.964,50.238,50.561,1361
2015-03-06,50.538,50.888,48.752,49.473,1308
2015-03-08,49.487,49.595,49.37,49.458,50
2015-03-09,49.462,50.45,49.122,49.764,1299
2015-03-10,49.766,50.068,48.132,48.602,1297
2015-03-11,48.598,48.934,47.396,48.423,1362
2015-03-12,48.421,48.9,47.16,47.275,1342
2015-03-13,47.285,47.741,45.354,45.648,1285
2015-03-15,45.585,45.698,44.387,44.644,60
2015-03-16,44.649,45.64,43.658,44.483,1359
2015-03-17,44.488,44.788,43.028,43.142,1351
2015-03-18,43.148,46.054,42.708,45.239,1341
2015-03-19,45.234,45.256,43.465,44.173,1365
2015-03-20,44.167,46.07,43.546,45.146,1271
2015-03-22,45.132,45.21,44.855,44.904,58
2015-03-23,44.9,46.394,44.156,46.226,1324
2015-03-24,46.231,47.342,45.496,46.35,1337
2015-03-25,46.352,48.268,45.862,47.642,1336
2015-03-26,47.636,51.246,47.612,49.902,1379
2015-03-27,49.896,49.966,47.15,47.39,1305
2015-03-29,47.592,47.604,46.997,47.2,53
2015-03-30,47.204,48.186,46.684,47.638,1372
2015-03-31,47.64,47.75,46.392,46.808,1376
2015-04-01,46.802,49.556,46.202,48.644,1355
2015-04-02,48.638,49.396,47.3,48.672,1316
2015-04-05,48.9,49.371,48.894,49.008,58
2015-04-06,49.01,51.536,48.962,51.22,1343
2015-04-07,51.216,53.448,50.524,52.212,1358
2015-04-08,52.216,52.504,49.788,50.328,1356
2015-04-09,50.336,51.502,49.974,50.16,1336
2015-04-10,50.166,51.298,49.582,51.136,1249
2015-04-12,51.391,51.394,51.073,51.151,57
2015-04-13,51.147,52.549,51.096,51.564,1351
2015-04-14,51.559,53.13,51.555,52.798,1345
2015-04-15,52.804,55.668,52.691,55.122,1333
2015-04-16,55.126,56.6,54.412,55.834,1360
2015-04-17,55.839,56.192,54.772,55.478,1288
2015-04-19,55.766,55.907,55.68,55.84,56
2015-04-20,55.836,56.654,54.511,55.864,1358
2015-04-21,55.86,56.155,54.309,54.51,1323
2015-04-22,54.515,55.378,53.956,54.533,1330
2015-04-23,54.538,56.64,54.058,55.855,1335
2015-04-24,55.86,56.234,54.852,55.636,1261
2015-04-26,55.85,55.906,55.576,55.68,52
2015-04-27,55.685,56.374,55.068,55.196,1318
2015-04-28,55.202,56.382,54.659,55.522,1344
2015-04-29,55.528,57.922,55.186,57.212,1267
2015-04-30,57.216,58.556,57.016,58.47,1327
2015-05-01,58.474,58.564,57.058,57.918,1245
2015-05-03,58.174,58.209,57.976,58.05,54
2015-05-04,58.042,58.622,57.396,57.934,1279
2015-05-05,57.936,60.046,57.622,59.754,1293
2015-05-06,59.758,61.568,59.462,59.472,1337
2015-05-07,59.468,60.386,57.634,58.17,1337
2015-05-08,58.18,59.066,57.344,58.604,1294
2015-05-10,58.705,58.716,58.528,58.58,53
2015-05-11,58.584,59.228,58.18,58.771,1316
2015-05-12,58.766,61.152,58.584,60.64,1293
2015-05-13,60.636,61.202,59.364,59.6,1338
2015-05-14,59.594,60.33,58.95,59.25,1302
2015-05-15,59.254,59.406,57.956,59.388,1261
2015-05-17,59.323,59.46,59.29,59.31,57
2015-05-18,59.304,60.38,58.584,59.022,1274
2015-05-19,59.014,59.144,56.736,57.198,1283
2015-05-20,57.194,57.854,56.924,57.566,1322
2015-05-21,57.562,59.744,57.536,59.572,1283
2015-05-22,59.568,59.61,58.236,58.756,1219
2015-05-24,58.95,58.955,58.728,58.88,44
2015-05-25,58.886,59.206,58.084,58.877,1039
2015-05-26,58.883,58.917,56.766,57.492,1299
2015-05-27,57.49,57.998,56.466,56.828,1341
2015-05-28,56.824,57.448,55.644,57.312,1327
2015-05-29,57.318,59.808,56.874,59.432,1245
2015-05-31,59.492,59.492,59.108,59.15,41
2015-06-01,59.146,59.852,58.57,59.436,1334
2015-06-02,59.432,60.822,59.336,60.196,1320
2015-06-03,60.202,60.667,58.656,58.97,1291
2015-06-04,58.964,59.268,57.198,57.31,1289
2015-06-05,57.312,58.62,56.246,58.346,1247
2015-06-07,58.32,58.35,58.196,58.236,48
2015-06-08,58.242,58.6,57.366,57.776,1327
2015-06-09,57.778,60.19,57.756,60.078,1288
2015-06-10,60.074,61.362,60.03,60.622,1346
2015-06-11,60.626,61.102,59.82,60.152,1240
2015-06-12,60.158,60.216,59.386,59.668,1203
2015-06-14,59.546,59.56,59.354,59.374,54
2015-06-15,59.37,59.662,58.472,59.322,1322
2015-06-16,59.326,60.082,59.164,59.766,1307
2015-06-17,59.76,61.092,58.654,59.474,1244
2015-06-18,59.47,60.62,58.996,60.182,1307
2015-06-19,60.176,60.244,58.6,59.122,1231
2015-06-21,59.156,59.19,58.96,59.104,51
2015-06-22,59.102,60.026,58.688,59.564,1262
2015-06-23,59.568,60.886,58.976,60.556,1296
2015-06-24,60.55,60.994,59.256,59.666,1237
2015-06-25,59.67,59.912,58.896,59.136,1237
2015-06-26,59.14,59.454,58.26,59.13,1170
2015-06-28,58.534,58.552,58.178,58.348,57
2015-06-29,58.352,58.826,57.6,57.834,1308
2015-06-30,57.832,59.258,57.52,58.634,1255
2015-07-01,58.488,58.546,56.298,56.58,1199
2015-07-02,56.584,57.566,56.056,56.192,1287
2015-07-03,56.196,56.432,55.072,55.158,976
2015-07-05,54.328,54.846,54.15,54.628,60
2015-07-06,54.634,55.038,52.146,52.622,1359
2015-07-07,52.626,53.18,50.332,52.532,1363
2015-07-08,52.536,52.614,50.686,51.692,1322
2015-07-09,51.696,53.32,51.318,52.606,1347
2015-07-10,52.602,53.628,51.758,52.642,1283
2015-07-12,52.03,52.12,51.618,51.752,60
2015-07-13,51.762,53.016,51.12,51.854,1342
2015-07-14,51.86,53.354,50.764,53.202,1349
2015-07-15,53.196,53.254,51.042,51.49,1337
2015-07-16,51.486,51.992,50.641,50.793,1341
2015-07-17,50.798,51.027,50.0,50.624,1250
2015-07-19,50.624,50.846,50.598,50.748,56
2015-07-20,50.744,51.1,49.702,49.862,1304
2015-07-21,49.856,50.95,49.64,50.154,1240
2015-07-22,50.158,50.178,48.63,48.83,1277
2015-07-23,48.834,49.216,47.808,48.338,1248
2015-07-24,48.334,48.639,47.347,47.696,1229
2015-07-26,47.606,47.774,47.586,47.737,58
2015-07-27,47.745,47.849,46.591,46.741,1326
2015-07-28,46.746,48.116,46.372,47.406,1318
2015-07-29,47.41,49.193,47.078,48.656,1295
2015-07-30,48.661,49.05,48.042,48.248,1280
2015-07-31,48.253,48.326,46.432,46.526,1262
2015-08-02,46.539,46.544,46.117,46.5,56
2015-08-03,46.505,46.692,44.862,45.18,1305
2015-08-04,45.176,46.006,45.1,45.662,1285
2015-08-05,45.666,46.486,44.636,44.996,1238
2015-08-06,44.998,45.073,44.017,44.608,1199
2015-08-07,44.603,44.97,43.538,43.618,1158
2015-08-09,43.34,43.47,43.226,43.436,57
2015-08-10,43.432,44.872,43.406,44.678,1272
2015-08-11,44.672,45.208,42.581,43.152,1297
2015-08-12,43.156,43.767,42.696,43.294,1338
2015-08-13,43.289,43.618,41.382,41.976,1311
2015-08-14,41.971,42.774,41.872,41.984,1268
2015-08-16,42.077,42.098,41.876,41.954,57
2015-08-17,41.96,42.51,41.568,41.704,1311
2015-08-18,41.698,42.688,41.278,42.148,1277
2015-08-19,42.143,42.514,40.179,40.442,1283
2015-08-20,40.437,41.183,39.898,40.475,1327
2015-08-21,40.47,40.792,39.286,39.644,1279
2015-08-23,39.74,39.925,39.619,39.773,52
2015-08-24,39.782,39.795,37.257,37.866,1382
2015-08-25,37.871,39.374,37.702,39.017,1375
2015-08-26,39.021,39.362,38.053,38.622,1377
2015-08-27,38.617,42.351,38.6,42.145,1347
2015-08-28,42.136,45.372,41.302,44.734,1300
2015-08-30,44.666,44.794,44.122,44.252,55
2015-08-31,44.25,48.832,43.166,47.268,1379
2015-09-01,47.276,48.39,43.494,43.604,1374
2015-09-02,43.602,46.34,42.82,45.728,1385
2015-09-03,45.724,47.993,45.256,46.275,1354
2015-09-04,46.28,46.822,45.292,45.302,1290
2015-09-06,45.314,45.534,45.236,45.432,57
2015-09-07,45.434,45.598,43.853,44.189,1104
2015-09-08,44.191,46.106,43.885,45.308,1374
2015-09-09,45.302,45.966,43.795,43.909,1358
2015-09-10,43.909,45.792,43.119,45.291,1361
2015-09-11,45.284,45.625,43.94,44.546,1253
2015-09-13,44.578,44.782,44.578,44.668,54
2015-09-14,44.664,44.754,43.426,43.904,1353
2015-09-15,43.91,44.961,43.703,44.756,1335
2015-09-16,44.758,47.244,44.552,47.124,1318
2015-09-17,47.118,47.392,46.056,46.49,1353
2015-09-18,46.485,46.692,44.004,44.658,1213
2015-09-20,44.726,44.726,44.47,44.584,56
2015-09-21,44.582,46.442,44.49,45.998,1324
2015-09-22,45.994,46.107,44.836,45.992,1322
2015-09-23,45.988,46.616,43.9,44.176,1353
2015-09-24,44.18,44.688,43.232,44.516,1349
2015-09-25,44.511,45.856,44.368,44.89,1276
2015-09-27,44.932,45.048,44.926,44.978,50
2015-09-28,44.98,45.054,43.894,44.108,1299
2015-09-29,44.11,45.3,43.952,44.488,1332
2015-09-30,44.496,45.454,44.294,44.894,1314
2015-10-01,44.964,46.702,44.276,44.958,1312
2015-10-02,44.788,45.456,43.642,45.302,1256
2015-10-04,45.23,45.24,44.912,44.942,57
2015-10-05,44.932,46.614,44.922,45.972,1326
2015-10-06,45.968,48.78,45.456,48.486,1325
2015-10-07,48.48,49.422,47.442,48.064,1369
2015-10-08,48.06,49.79,47.52,49.344,1351
2015-10-09,49.342,50.68,48.945,49.283,1304
2015-10-11,49.343,49.697,49.301,49.638,54
2015-10-12,49.634,49.954,46.874,47.433,1333
2015-10-13,47.426,48.287,46.312,46.564,1328
2015-10-14,46.559,46.823,45.848,46.209,1341
2015-10-15,46.204,46.904,45.188,46.806,1336
2015-10-16,46.806,47.352,46.048,47.1,1273
2015-10-18,47.102,47.334,47.076,47.304,51
2015-10-19,47.294,47.328,45.696,45.98,1325
2015-10-20,45.984,46.392,45.208,45.438,1280
2015-10-21,45.434,45.562,44.372,44.82,1304
2015-10-22,44.826,45.606,44.42,44.892,1289
2015-10-23,44.892,45.27,43.75,44.288,1230
2015-10-25,44.326,44.352,44.156,44.176,52
2015-10-26,44.178,44.52,43.248,43.483,1275
2015-10-27,43.478,43.518,42.21,43.008,1283
2015-10-28,43.004,45.828,42.702,45.668,1240
2015-10-29,45.666,46.386,44.796,45.284,1262
2015-10-30,45.284,46.67,45.134,46.038,1234
2015-11-02,46.088,46.42,45.266,45.782,1293
2015-11-03,45.794,48.054,45.672,47.36,1283
2015-11-04,47.476,47.988,45.904,46.29,1317
2015-11-05,46.344,46.382,44.868,45.122,1282
2015-11-06,45.174,45.4,43.887,44.321,1235
2015-11-09,44.311,44.92,43.466,43.904,1273
2015-11-10,43.9,44.588,43.412,43.508,1219
2015-11-11,43.442,43.956,42.528,42.837,1267
2015-11-12,42.858,43.144,41.536,41.606,1286
2015-11-13,41.606,42.206,40.296,40.741,1324
2015-11-16,40.917,42.034,40.066,41.906,1326
2015-11-17,41.776,41.946,40.5,41.004,1331
2015-11-18,41.003,41.514,40.198,40.896,1309
2015-11-19,40.974,41.262,40.194,40.812,1290
2015-11-20,40.816,41.694,40.332,40.444,1233
2015-11-23,40.56,41.776,39.496,41.06,1269
2015-11-24,41.066,42.506,40.936,41.724,1275
2015-11-25,41.754,42.33,40.846,42.324,1309
2015-11-26,42.315,42.4,41.438,41.626,1075
2015-11-27,41.748,41.89,40.864,40.958,1112
2015-11-30,41.094,41.87,40.78,40.976,1269
2015-12-01,40.967,41.534,40.494,40.954,1232
2015-12-02,40.988,41.316,39.224,39.508,1239
2015-12-03,39.52,41.154,39.46,40.686,1315
2015-12-04,40.698,41.398,39.042,39.574,1276
2015-12-07,39.594,39.642,37.064,37.206,1248
2015-12-08,37.23,38.158,36.228,37.438,1269
2015-12-09,37.432,38.584,36.488,36.82,1193
2015-12-10,36.892,37.168,36.05,36.214,1210
2015-12-11,36.294,36.504,34.868,35.038,1211
2015-12-14,35.182,36.312,34.31,35.903,1217
2015-12-15,35.902,37.456,35.724,36.392,1232
2015-12-16,36.413,36.918,35.032,35.446,1318
2015-12-17,35.53,35.556,34.52,34.67,1247
2015-12-18,34.686,35.486,34.288,34.457,1275
2015-12-21,34.568,34.808,34.088,34.49,1290
2015-12-22,34.535,35.275,34.422,35.179,1228
2015-12-23,35.21,36.686,35.046,36.613,1167
2015-12-24,36.6,37.042,36.17,36.88,1028
2015-12-28,36.948,36.992,35.609,35.634,1154
2015-12-29,35.694,36.938,35.66,36.392,1016
2015-12-30,36.396,36.418,35.474,35.882,1123
2015-12-31,35.882,36.87,35.346,36.64,935
2016-01-01,36.228,36.228,36.228,36.228,2
2016-01-04,36.85,37.638,35.634,36.186,1305
2016-01-05,36.198,36.396,35.102,35.508,1238
2016-01-06,35.524,35.712,33.204,33.486,1273
2016-01-07,33.528,33.712,31.582,32.748,1350
2016-01-08,32.774,33.798,32.168,32.402,1335
2016-01-11,32.53,32.832,30.546,30.788,1342
2016-01-12,30.784,31.882,29.644,30.266,1354
2016-01-13,30.228,31.432,29.842,30.306,1336
2016-01-14,30.344,31.526,30.036,30.948,1327
2016-01-15,30.922,30.952,28.954,29.484,1341
2016-01-18,29.09,29.758,28.269,28.892,1127
2016-01-19,29.014,30.236,28.348,28.426,1341
2016-01-20,28.444,28.708,26.614,27.369,1364
2016-01-21,27.418,29.244,26.932,28.843,1370
2016-01-22,28.873,31.31,28.57,31.206,1359
2016-01-25,31.186,31.768,28.818,28.964,1359
2016-01-26,28.958,31.498,28.424,29.626,1336
2016-01-27,29.676,31.948,29.32,31.287,1348
2016-01-28,31.308,33.905,30.905,32.835,1358
2016-01-29,32.816,33.542,31.838,32.904,1365
2016-02-01,32.906,33.394,30.6,30.644,1366
2016-02-02,30.689,30.834,28.962,29.082,1342
2016-02-03,29.125,32.1,28.8,32.09,1363
2016-02-04,32.058,32.958,30.942,31.104,1347
2016-02-05,31.059,31.846,30.092,30.448,1340
2016-02-08,30.459,30.9,29.134,29.686,1312
2016-02-09,29.702,30.174,27.362,27.918,1354
2016-02-10,27.982,28.832,26.91,26.988,1346
2016-02-11,26.958,27.152,25.754,26.894,1347
2016-02-12,26.917,29.352,26.658,28.758,1369
2016-02-15,28.838,29.91,28.714,29.548,1106
2016-02-16,29.832,31.294,28.518,28.938,1349
2016-02-17,28.96,31.312,28.566,31.29,1352
2016-02-18,31.205,31.869,30.256,30.516,1353
2016-02-19,30.495,30.783,29.271,29.889,1329
2016-02-22,29.978,31.798,29.72,31.355,1328
2016-02-23,31.332,31.564,29.423,29.584,1349
2016-02-24,29.495,30.597,28.834,30.412,1329
2016-02-25,30.395,31.68,29.391,31.281,1312
2016-02-26,31.261,32.871,30.97,31.172,1320
2016-02-29,31.193,32.424,30.818,32.358,1352
2016-03-01,32.358,33.238,31.9,32.394,1330
2016-03-02,32.412,33.668,32.134,33.287,1295
2016-03-03,33.275,33.902,32.822,33.324,1284
2016-03-04,33.286,34.974,33.084,34.936,1303
2016-03-07,35.034,36.9,34.94,36.776,1307
2016-03-08,36.774,37.246,35.091,35.253,1331
2016-03-09,35.298,37.442,35.19,37.172,1335
2016-03-10,37.137,37.48,36.262,37.05,1300
2016-03-11,37.042,38.092,36.976,37.594,1329
2016-03-13,37.609,37.974,37.511,37.548,57
2016-03-14,37.544,37.746,36.042,36.722,1260
2016-03-15,36.726,36.786,35.418,36.386,1273
2016-03-16,36.39,38.222,36.106,38.058,1288
2016-03-17,38.062,39.926,37.994,39.776,1339
2016-03-18,39.782,40.826,38.847,38.986,1283
2016-03-20,38.99,39.112,38.862,39.004,57
2016-03-21,39.0,39.924,38.488,39.688,1287
2016-03-22,39.692,40.072,39.006,39.399,1294
2016-03-23,39.394,39.534,37.824,37.88,1291
2016-03-24,37.884,38.132,36.784,37.997,1241
2016-03-27,38.17,38.456,38.17,38.324,54
2016-03-28,38.314,38.732,37.522,38.097,1251
2016-03-29,38.1,38.107,36.662,37.35,1268
2016-03-30,37.351,38.584,36.83,36.88,1313
2016-03-31,36.875,37.856,36.436,37.12,1301
2016-04-01,37.13,37.344,35.592,35.631,1283
2016-04-03,35.673,35.766,35.308,35.42,60
2016-04-04,35.424,36.304,34.558,34.622,1312
2016-04-05,34.612,35.934,34.426,35.74,1326
2016-04-06,35.75,37.104,35.632,37.018,1299
2016-04-07,37.022,37.494,35.97,36.88,1306
2016-04-08,36.876,39.114,36.732,38.918,1250
2016-04-10,39.116,39.86,39.112,39.65,59
2016-04-11,39.648,40.176,38.69,39.668,1338
2016-04-12,39.662,41.73,39.574,41.188,1317
2016-04-13,41.194,41.952,40.764,41.212,1295
2016-04-14,41.222,41.752,40.436,41.02,1303
2016-04-15,41.026,41.37,39.668,40.12,1249
2016-04-17,38.213,38.323,37.452,37.987,60
2016-04-18,37.997,40.086,37.87,39.87,1346
2016-04-19,39.872,41.308,39.368,40.386,1344
2016-04-20,40.392,42.696,39.814,42.338,1351
2016-04-21,42.342,42.96,41.578,41.914,1334
2016-04-22,41.911,42.972,41.668,42.295,1275
2016-04-24,42.389,42.389,42.169,42.22,49
2016-04-25,42.216,42.726,41.334,41.718,1303
2016-04-26,41.728,43.56,41.278,43.279,1335
2016-04-27,43.274,44.371,42.57,43.966,1301
2016-04-28,43.966,44.934,43.75,44.498,1320
2016-04-29,44.494,45.602,44.12,44.888,1241
2016-05-01,44.888,44.924,44.55,44.562,54
2016-05-02,44.564,45.148,43.59,43.898,1255
2016-05-03,43.902,44.416,42.45,42.872,1294
2016-05-04,42.876,44.012,42.4,43.512,1282
2016-05-05,43.516,45.23,43.178,43.672,1318
2016-05-06,43.662,44.578,42.798,43.862,1279
2016-05-08,44.526,45.286,44.472,45.136,60
2016-05-09,45.142,45.168,42.644,42.768,1335
2016-05-10,42.774,44.258,42.482,44.06,1297
2016-05-11,44.052,45.854,43.468,45.46,1268
2016-05-12,45.47,46.56,45.16,45.93,1303
2016-05-13,45.94,46.068,45.354,46.004,1263
2016-05-15,46.002,46.172,45.872,45.984,50
2016-05-16,45.974,47.744,45.95,47.622,1279
2016-05-17,47.626,48.58,47.334,48.346,1295
2016-05-18,48.356,48.794,47.578,47.786,1291
2016-05-19,47.782,48.34,46.56,48.154,1328
2016-05-20,48.16,48.56,47.26,47.754,1231
2016-05-22,47.838,47.84,47.576,47.588,50
2016-05-23,47.582,47.678,46.782,47.47,1241
2016-05-24,47.466,48.666,47.034,48.598,1202
2016-05-25,48.59,49.15,48.06,49.024,1232
2016-05-26,49.03,49.612,48.636,48.762,1205
2016-05-27,48.754,49.028,48.142,49.028,1180
2016-05-29,49.144,49.202,49.106,49.184,47
2016-05-30,49.174,49.264,48.58,48.974,1001
2016-05-31,48.976,49.626,48.31,48.456,1222
2016-06-01,48.452,48.812,47.32,48.498,1283
2016-06-02,48.494,49.04,47.558,48.618,1243
2016-06-03,48.614,48.994,47.932,48.456,1153
2016-06-05,48.6,48.6,48.498,48.516,33
2016-06-06,48.512,49.552,48.368,49.292,1138
2016-06-07,49.288,50.206,49.118,50.07,1207
2016-06-08,50.076,51.312,50.018,51.216,1194
2016-06-09,51.22,51.366,49.956,50.244,1210
2016-06-10,50.24,50.456,48.562,48.658,1173
2016-06-12,48.682,48.682,48.402,48.526,51
2016-06-13,48.532,49.092,47.974,48.322,1283
2016-06-14,48.316,48.534,47.576,47.652,1265
2016-06-15,47.658,48.578,47.15,47.498,1296
2016-06-16,47.493,47.62,45.734,45.966,1309
2016-06-17,45.968,48.198,45.926,48.154,1266
2016-06-19,48.188,48.384,48.098,48.228,55
2016-06-20,48.222,49.34,48.14,49.226,1204
2016-06-21,49.23,49.764,48.232,49.652,1232
2016-06-22,49.648,49.908,47.812,48.778,1255
2016-06-23,48.784,49.848,48.524,49.548,1271
2016-06-24,49.542,49.542,46.192,47.026,1316
2016-06-26,47.294,47.294,46.792,46.832,60
2016-06-27,46.842,47.462,45.372,46.258,1350
2016-06-28,46.254,47.904,46.092,47.87,1342
2016-06-29,47.864,49.534,47.582,48.984,1316
2016-06-30,48.988,49.15,47.752,48.016,1289
2016-07-01,48.02,48.868,47.498,48.856,1214
2016-07-03,48.824,48.86,48.572,48.722,53
2016-07-04,48.726,48.992,48.198,48.248,1056
2016-07-05,48.242,48.356,46.018,46.43,1287
2016-07-06,46.44,47.642,45.642,47.564,1337
2016-07-07,47.56,47.974,44.624,45.0,1316
2016-07-08,44.99,45.718,44.534,44.918,1256
2016-07-10,44.838,45.088,44.69,45.004,56
2016-07-11,45.008,45.578,44.25,44.48,1300
2016-07-12,44.476,46.758,44.382,46.284,1304
2016-07-13,46.288,46.536,44.426,44.978,1303
2016-07-14,44.968,45.68,44.826,45.298,1264
2016-07-15,45.302,46.19,44.94,46.108,1266
2016-07-17,46.02,46.025,45.582,45.794,60
2016-07-18,45.79,46.01,44.772,45.192,1307
2016-07-19,45.188,45.622,44.563,44.772,1212
2016-07-20,44.776,45.386,43.848,44.93,1165
2016-07-21,44.94,45.37,43.846,43.996,1220
2016-07-22,43.986,44.294,43.098,43.586,1192
2016-07-24,43.596,43.64,43.418,43.53,57
2016-07-25,43.53,43.756,42.388,42.65,1239
2016-07-26,42.64,42.706,41.814,42.168,1237
2016-07-27,42.162,42.654,41.156,41.496,1199
2016-07-28,41.5,41.704,40.468,40.528,1213
2016-07-29,40.524,41.186,40.102,40.966,1214
2016-07-31,40.832,41.012,40.832,40.942,53
2016-08-01,40.932,41.446,39.424,39.724,1261
2016-08-02,39.734,40.508,38.878,39.318,1202
2016-08-03,39.312,40.822,38.851,40.774,1239
2016-08-04,40.77,41.71,40.08,41.418,1202
2016-08-05,41.424,41.746,40.716,41.644,1164
2016-08-07,41.66,41.686,41.536,41.606,53
2016-08-08,41.6,43.092,41.52,42.58,1236
2016-08-09,42.57,43.238,42.21,42.442,1217
2016-08-10,42.452,43.13,41.176,41.278,1193
2016-08-11,41.274,43.62,40.878,43.388,1219
2016-08-12,43.384,44.56,43.09,44.502,1241
2016-08-14,44.53,44.54,44.366,44.466,39
2016-08-15,44.462,45.77,44.228,45.494,1173
2016-08-16,45.488,46.574,45.202,46.174,1228
2016-08-17,46.17,46.866,45.746,46.768,1283
2016-08-18,46.762,48.262,46.514,48.138,1213
2016-08-19,48.148,48.588,47.784,48.298,1171
2016-08-21,48.192,48.237,47.926,47.98,55
2016-08-22,47.984,48.228,46.672,46.734,1248
2016-08-23,46.724,47.656,45.958,46.894,1230
2016-08-24,46.904,47.092,45.834,46.186,1239
2016-08-25,46.19,46.856,45.832,46.752,1174
2016-08-26,46.758,47.864,46.362,46.748,1063
2016-08-28,46.676,46.69,46.536,46.574,57
2016-08-29,46.584,46.752,46.122,46.566,1143
2016-08-30,46.562,46.994,45.316,45.718,1135
2016-08-31,45.722,45.94,44.072,44.442,1138
2016-09-01,44.452,44.648,42.608,43.146,1153
2016-09-02,43.148,44.284,42.768,43.83,1152
2016-09-04,43.784,44.032,43.75,43.874,46
2016-09-05,43.87,46.186,43.728,44.76,977
2016-09-06,44.754,45.288,43.54,44.434,1187
2016-09-07,44.43,45.924,44.256,45.836,1229
2016-09-08,45.834,47.464,45.502,47.032,1224
2016-09-09,47.022,47.072,45.322,45.472,1133
2016-09-11,45.412,45.456,44.89,45.128,60
2016-09-12,45.124,46.33,44.542,45.838,1281
2016-09-13,45.834,45.948,44.618,45.092,1217
2016-09-14,45.098,45.19,43.296,43.6,1195
2016-09-15,43.61,44.224,43.154,43.486,1202
2016-09-16,43.48,43.604,42.668,43.102,1132
2016-09-18,43.14,43.464,43.08,43.398,55
2016-09-19,43.4,44.05,42.956,43.198,1217
2016-09-20,43.188,44.498,42.462,44.26,1258
2016-09-21,44.254,45.064,44.098,44.986,1252
2016-09-22,44.982,45.912,44.916,45.342,1155
2016-09-23,45.336,45.954,43.66,44.072,1113
2016-09-25,44.198,44.426,44.06,44.382,53
2016-09-26,44.378,45.686,43.93,45.184,1176
2016-09-27,45.182,45.45,43.71,44.478,1189
2016-09-28,44.468,46.978,43.898,46.656,1212
2016-09-29,46.652,47.84,46.14,47.322,1259
2016-09-30,47.318,47.844,46.598,47.6,1173
2016-10-02,47.62,47.63,47.448,47.478,50
2016-10-03,47.472,48.626,47.388,48.402,1159
2016-10-04,48.398,48.932,47.894,48.83,1182
2016-10-05,48.834,49.614,48.756,49.322,1143
2016-10-06,49.332,50.296,48.992,50.204,1116
2016-10-07,50.206,50.426,49.102,49.26,1116
2016-10-09,49.362,49.496,49.114,49.174,55
2016-10-10,49.17,51.348,48.9,51.008,1210
2016-10-11,51.014,51.306,50.178,50.544,1190
2016-10-12,50.554,50.97,49.582,49.662,1202
2016-10-13,49.658,50.566,49.198,50.448,1245
2016-10-14,50.444,50.99,49.75,50.174,1191
2016-10-16,50.144,50.162,49.984,49.994,49
2016-10-17,49.988,50.496,49.4,50.044,1184
2016-10-18,50.05,50.702,49.648,50.624,1213
2016-10-19,50.626,51.732,50.526,51.26,1121
2016-10-20,51.262,51.34,49.984,50.186,1117
2016-10-21,50.18,50.57,49.768,50.536,1132
2016-10-23,50.478,50.534,50.098,50.246,55
2016-10-24,50.252,50.57,49.226,50.048,1194
2016-10-25,50.046,50.526,48.894,48.974,1186
2016-10-26,48.98,49.728,48.508,48.882,1170
2016-10-27,48.876,49.694,48.646,49.284,1139
2016-10-28,49.288,49.46,48.08,48.33,1045
2016-10-30,48.038,48.118,47.884,48.006,56
2016-10-31,48.004,48.432,46.35,46.65,1229
2016-11-01,46.64,47.066,45.936,46.146,1250
2016-11-02,46.142,46.198,44.718,45.394,1153
2016-11-03,45.398,45.654,44.13,44.472,1184
2016-11-04,44.466,44.632,43.354,43.89,1112
2016-11-07,44.29,44.818,43.92,44.768,1243
2016-11-08,44.794,45.208,44.24,44.646,1134
2016-11-09,44.652,45.778,42.916,45.188,1360
2016-11-10,45.188,45.474,44.128,44.134,1294
2016-11-11,44.218,44.482,42.912,42.994,1260
2016-11-14,43.128,43.708,42.11,43.628,1279
2016-11-15,43.628,45.996,43.46,45.686,1317
2016-11-16,45.676,46.324,44.96,45.244,1264
2016-11-17,45.26,46.454,44.842,44.882,1250
2016-11-18,44.902,45.822,44.556,45.66,1231
2016-11-21,45.977,47.908,45.878,47.728,1280
2016-11-22,47.824,48.604,46.614,47.348,1283
2016-11-23,47.39,47.868,46.858,47.408,1237
2016-11-24,47.416,47.718,47.268,47.464,972
2016-11-25,47.468,47.506,45.398,45.494,1012
2016-11-28,45.088,47.198,44.708,46.444,1369
2016-11-29,46.48,46.542,44.428,44.858,1287
2016-11-30,44.856,49.47,44.844,48.581,1305
2016-12-01,48.615,51.374,48.582,50.5,1354
2016-12-02,50.666,51.328,49.794,51.268,1328
2016-12-05,51.252,52.066,50.616,50.676,1331
2016-12-06,50.648,51.278,49.98,50.618,1267
2016-12-07,50.648,50.902,49.444,49.556,1299
2016-12-08,49.582,50.716,49.35,50.714,1304
2016-12-09,50.682,51.408,50.606,51.25,1256
2016-12-12,52.55,54.294,52.004,52.21,1324
2016-12-13,52.33,53.236,52.182,52.318,1324
2016-12-14,52.22,52.634,50.544,50.644,1298
2016-12-15,50.656,51.29,49.83,50.886,1282
2016-12-16,50.96,51.934,50.366,51.868,1263
2016-12-19,52.09,52.434,51.46,51.995,1296
2016-12-20,52.08,52.674,51.746,52.422,1228
2016-12-21,52.478,52.706,51.29,51.5,1158
2016-12-22,51.512,52.164,51.08,51.668,1154
2016-12-23,51.664,52.29,51.292,52.261,1147
2016-12-27,52.436,53.238,52.168,53.02,1144
2016-12-28,53.066,53.538,52.742,52.814,1110
2016-12-29,52.83,53.412,52.658,53.06,1195
2016-12-30,53.076,53.318,52.666,53.15,1175
2017-01-03,53.538,54.598,51.542,51.89,1166
2017-01-04,51.932,52.86,51.594,52.802,1232
2017-01-05,52.794,53.57,52.264,53.238,1207
2017-01-06,53.184,53.802,52.824,53.204,1224
2017-01-09,53.34,53.404,51.388,51.398,1165
2017-01-10,51.444,52.004,50.38,50.43,1222
2017-01-11,50.49,52.456,50.434,52.054,1177
2017-01-12,52.034,53.2,51.82,52.76,1208
2017-01-13,52.766,52.898,52.024,52.302,1227
2017-01-16,52.398,52.558,51.962,52.5,941
2017-01-17,52.392,53.398,52.108,52.432,1170
2017-01-18,52.434,52.71,50.872,51.346,1156
2017-01-19,51.368,51.818,50.974,51.332,1155
2017-01-20,51.388,52.828,51.312,52.362,1145
2017-01-23,52.516,52.688,51.474,52.098,1179
2017-01-24,52.112,52.824,51.95,52.212,1140
2017-01-25,52.208,52.77,51.866,52.282,1135
2017-01-26,52.264,53.368,52.108,53.058,1139
2017-01-27,53.05,53.404,51.942,52.53,1113
2017-01-30,52.538,52.882,51.85,52.028,1111
2017-01-31,52.03,53.012,51.698,52.248,1160
2017-02-01,52.218,53.39,52.114,53.03,1093
2017-02-02,53.036,53.822,52.856,53.176,1136
2017-02-03,53.196,53.734,52.93,53.39,1148
2017-02-06,53.442,53.714,52.526,52.704,1112
2017-02-07,52.748,52.85,51.284,51.338,1140
2017-02-08,51.076,52.326,50.878,52.064,1197
2017-02-09,52.05,52.896,52.046,52.824,1138
2017-02-10,52.822,53.83,52.608,53.54,1089
2017-02-13,53.606,53.71,52.554,52.66,1154
2017-02-14,52.678,53.524,52.67,52.844,1120
2017-02-15,52.816,53.352,52.566,52.838,1110
2017-02-16,52.842,53.446,52.526,53.238,1131
2017-02-17,53.234,53.32,52.702,53.148,1095
2017-02-20,53.412,53.692,53.182,53.452,866
2017-02-21,53.446,54.496,53.396,53.72,1063
2017-02-22,53.732,54.086,52.878,53.402,1110
2017-02-23,53.406,54.446,53.402,53.878,1080
2017-02-24,53.874,54.03,53.294,53.548,1017
2017-02-27,53.61,54.196,53.524,53.632,1110
2017-02-28,53.612,53.826,52.802,53.6,1104
2017-03-01,53.592,54.06,53.272,53.3,1156
2017-03-02,53.326,53.438,52.216,52.236,1139
2017-03-03,52.234,53.068,52.226,52.904,1148
2017-03-06,53.0,53.282,52.486,52.914,1130
2017-03-07,52.91,53.534,52.47,52.534,1095
2017-03-08,52.526,52.666,49.832,49.974,1112
2017-03-09,49.98,50.618,48.406,49.404,1235
2017-03-10,49.404,49.922,48.132,48.214,1222
2017-03-12,48.298,48.396,47.984,48.028,57
2017-03-13,48.022,48.538,47.77,48.258,1213
2017-03-14,48.26,48.68,46.978,48.32,1148
2017-03-15,48.316,48.998,48.062,48.96,1194
2017-03-16,48.964,49.45,48.34,48.632,1135
2017-03-17,48.624,49.038,48.442,48.606,1031
2017-03-19,48.66,48.664,48.58,48.622,31
2017-03-20,48.614,48.752,47.872,48.414,1001
2017-03-21,48.408,48.886,47.424,47.562,1027
2017-03-22,47.558,47.766,46.526,47.68,1112
2017-03-23,47.67,47.936,47.058,47.214,1025
2017-03-24,47.22,47.684,47.038,47.614,1015
2017-03-26,47.688,47.802,47.504,47.694,48
2017-03-27,47.698,47.724,46.636,47.396,1112
2017-03-28,47.4,48.3,47.366,48.068,1066
2017-03-29,48.064,49.196,47.96,49.158,1014
2017-03-30,49.148,50.048,48.86,49.844,1056
2017-03-31,49.848,50.424,49.504,50.396,1045
2017-04-02,50.336,50.394,50.218,50.258,45
2017-04-03,50.262,50.488,49.784,49.94,989
2017-04-04,49.936,50.972,49.56,50.796,1064
2017-04-05,50.802,51.564,50.444,50.646,1093
2017-04-06,50.654,51.526,50.508,51.43,1076
2017-04-07,51.434,52.648,51.224,52.018,1201
2017-04-09,52.114,52.388,52.08,52.28,44
2017-04-10,52.274,52.992,52.092,52.938,1116
2017-04-11,52.932,53.254,52.512,53.186,1089
2017-04-12,53.178,53.576,52.548,52.78,1087
2017-04-13,52.784,53.232,52.68,52.758,1107
2017-04-16,52.812,52.992,52.812,52.894,49
2017-04-17,52.89,53.134,52.48,52.624,1080
2017-04-18,52.628,52.796,52.044,52.25,1179
2017-04-19,52.244,52.558,50.048,50.596,1094
2017-04-20,50.6,50.93,50.062,50.352,1125
2017-04-21,50.356,50.488,48.782,49.176,1053
2017-04-23,49.302,49.55,49.292,49.412,50
2017-04-24,49.416,49.826,48.654,48.912,1110
2017-04-25,48.92,49.456,48.512,48.962,1141
2017-04-26,48.958,49.834,48.592,48.986,1143
2017-04-27,48.994,49.076,47.884,48.82,1086
2017-04-28,48.824,49.424,48.482,48.9,1115
2017-04-30,48.88,48.96,48.85,48.87,37
2017-05-01,48.86,49.022,48.302,48.45,1021
2017-05-02,48.452,49.01,47.094,47.804,1126
2017-05-03,47.808,47.968,47.056,47.388,1121
2017-05-04,47.394,47.51,45.07,45.312,1171
2017-05-05,45.316,46.456,43.552,46.284,1195
2017-05-07,46.15,46.424,46.146,46.306,49
2017-05-08,46.302,46.784,45.548,46.358,1264
2017-05-09,46.362,46.602,45.362,45.972,1223
2017-05-10,45.968,47.616,45.856,47.23,1196
2017-05-11,47.226,48.066,47.2,47.672,1154
2017-05-12,47.668,47.936,47.222,47.71,1054
2017-05-14,47.746,47.77,47.652,47.664,37
2017-05-15,47.672,49.556,47.642,48.82,1245
2017-05-16,48.812,49.29,48.096,48.196,1251
2017-05-17,48.192,49.424,47.958,49.034,1237
2017-05-18,49.028,49.518,47.988,49.264,1210
2017-05-19,49.254,50.466,49.254,50.43,1157
2017-05-21,50.6,50.74,50.56,50.736,53
2017-05-22,50.742,51.056,50.38,50.752,1210
2017-05-23,50.756,51.424,50.22,51.092,1180
2017-05-24,51.09,51.524,50.694,51.184,1179
2017-05-25,51.188,51.656,48.144,48.554,1219
2017-05-26,48.558,49.628,47.874,49.548,1227
2017-05-28,49.648,49.752,49.564,49.614,55
2017-05-29,49.608,50.01,49.232,49.636,952
2017-05-30,49.64,49.786,48.778,49.298,1196
2017-05-31,49.302,49.45,47.498,48.556,1237
2017-06-01,48.56,48.932,47.682,47.868,1251
2017-06-02,47.864,47.972,46.532,47.514,1212
2017-06-04,47.502,47.648,47.482,47.508,52
2017-06-05,47.512,48.228,46.69,47.268,1259
2017-06-06,47.264,48.228,46.764,47.84,1288
2017-06-07,47.836,48.062,45.498,45.68,1211
2017-06-08,45.684,46.034,45.068,45.57,1257
2017-06-09,45.576,46.048,45.136,45.788,1165
2017-06-11,45.654,45.914,45.634,45.874,49
2017-06-12,45.864,46.61,45.568,46.006,1186
2017-06-13,46.0,46.484,45.484,45.924,1196
2017-06-14,45.916,46.414,44.476,44.63,1195
2017-06-15,44.64,44.744,44.178,44.298,1214
2017-06-16,44.308,44.91,44.29,44.644,1158
2017-06-18,44.62,44.7,44.59,44.606,38
2017-06-19,44.6,45.022,44.022,44.202,1132
2017-06-20,44.206,44.442,42.704,43.204,1124
2017-06-21,43.208,43.966,41.838,42.418,1180
2017-06-22,42.414,43.098,42.05,42.596,1195
2017-06-23,42.598,42.996,42.328,42.928,1053
2017-06-25,42.952,43.084,42.924,43.014,48
2017-06-26,43.022,43.464,42.442,43.29,1175
2017-06-27,43.28,44.262,43.142,43.626,1130
2017-06-28,43.636,44.72,43.596,44.68,1178
2017-06-29,44.67,45.274,44.488,44.768,1175
2017-06-30,44.772,46.19,44.758,46.16,1121
2017-07-02,46.162,46.162,46.058,46.142,39
2017-07-03,46.138,46.952,45.772,46.904,1155
2017-07-04,46.894,47.178,46.604,46.992,984
2017-07-05,47.002,47.104,44.416,45.524,1163
2017-07-06,45.528,46.408,45.072,45.252,1240
2017-07-07,45.242,45.252,43.672,44.252,1192
2017-07-09,44.608,44.608,44.278,44.328,54
2017-07-10,44.338,44.754,43.564,44.446,1213
2017-07-11,44.45,45.812,43.762,45.752,1222
2017-07-12,45.756,46.398,45.048,45.284,1254
2017-07-13,45.286,46.206,44.924,46.042,1183
2017-07-14,46.048,46.688,45.746,46.658,1167
2017-07-16,46.662,46.692,46.622,46.63,34
2017-07-17,46.628,46.874,45.9,46.02,1178
2017-07-18,46.026,46.93,45.824,46.276,1220
2017-07-19,46.274,47.266,46.128,47.108,1142
2017-07-20,47.104,47.54,46.624,46.716,1119
2017-07-21,46.726,47.026,45.366,45.426,1108
2017-07-23,45.452,45.596,45.442,45.576,41
2017-07-24,45.58,46.358,45.23,46.26,1158
2017-07-25,46.256,48.498,46.22,48.258,1119
2017-07-26,48.262,48.702,47.704,48.494,1162
2017-07-27,48.499,49.077,48.098,48.978,1122
2017-07-28,48.983,49.652,48.71,49.647,1104
2017-07-30,49.744,49.891,49.714,49.804,42
2017-07-31,49.8,50.268,49.05,50.01,1196
2017-08-01,50.007,50.291,48.239,48.629,1182
2017-08-02,48.634,49.522,48.432,49.424,1198
2017-08-03,49.419,49.837,48.67,48.861,1121
2017-08-04,48.857,49.524,48.395,49.42,1118
2017-08-06,49.493,49.617,49.428,49.498,45
2017-08-07,49.494,49.578,48.444,49.182,1177
2017-08-08,49.175,49.696,48.779,48.971,1146
2017-08-09,48.966,49.635,48.822,49.526,1171
2017-08-10,49.516,50.139,48.273,48.491,1182
2017-08-11,48.496,48.904,47.918,48.696,1211
2017-08-13,48.704,48.732,48.667,48.732,33
2017-08-14,48.727,49.099,47.382,47.547,1195
2017-08-15,47.538,47.846,46.988,47.652,1157
2017-08-16,47.65,47.935,46.661,46.798,1173
2017-08-17,46.803,47.154,46.446,46.936,1161
2017-08-18,46.926,48.714,46.75,48.684,1121
2017-08-20,48.683,48.715,48.586,48.596,35
2017-08-21,48.592,48.708,47.056,47.425,1179
2017-08-22,47.43,48.047,47.199,47.57,1121
2017-08-23,47.56,48.352,47.383,48.224,1072
2017-08-24,48.234,48.275,46.922,47.581,1091
2017-08-25,47.591,47.765,47.255,47.72,1058
2017-08-27,47.841,48.035,47.767,47.767,59
2017-08-28,47.762,47.796,46.035,46.625,1205
2017-08-29,46.615,46.846,45.651,46.111,1168
2017-08-30,46.116,46.604,45.486,45.618,1111
2017-08-31,45.613,47.358,45.608,46.93,1217
2017-09-01,46.935,47.244,46.464,47.224,1121
2017-09-03,47.285,47.355,47.219,47.305,49
2017-09-04,47.295,47.568,47.067,47.33,942
2017-09-05,47.32,48.901,47.261,48.534,1146
2017-09-06,48.529,49.336,48.444,49.108,1070
2017-09-07,49.118,49.25,48.562,49.054,1085
2017-09-08,49.05,49.185,47.211,47.491,1083
2017-09-10,47.539,47.672,47.522,47.622,38
2017-09-11,47.627,48.215,46.956,48.052,1083
2017-09-12,48.047,48.391,47.689,48.262,1044
2017-09-13,48.257,49.356,48.084,49.244,1003
2017-09-14,49.237,50.459,49.119,49.722,1032
2017-09-15,49.732,50.105,49.384,49.797,1034
2017-09-17,49.833,49.838,49.698,49.734,39
2017-09-18,49.739,50.316,49.185,49.868,1081
2017-09-19,49.878,50.323,49.256,49.784,1075
2017-09-20,49.777,50.635,49.666,50.285,1021
2017-09-21,50.29,50.345,49.619,50.261,984
2017-09-22,50.265,50.326,49.854,50.206,950
2017-09-24,50.268,50.278,50.189,50.229,24
2017-09-25,50.224,51.869,49.996,51.693,999
2017-09-26,51.697,52.024,51.038,51.732,1173
2017-09-27,51.725,51.952,51.263,51.695,1100
2017-09-28,51.7,52.487,50.873,51.215,1060
2017-09-29,51.211,51.425,50.917,51.296,1020
2017-10-01,51.337,51.401,51.312,51.362,25
2017-10-02,51.352,51.373,49.787,50.244,1015
2017-10-03,50.249,50.453,49.653,49.765,1027
2017-10-04,49.76,50.409,49.521,49.639,983
2017-10-05,49.634,50.983,49.6,50.52,959
2017-10-06,50.524,50.586,48.878,49.001,976
2017-10-08,49.077,49.272,49.077,49.242,42
2017-10-09,49.238,49.613,48.95,49.387,1017
2017-10-10,49.397,50.893,49.367,50.728,994
2017-10-11,50.728,51.264,50.462,50.923,1095
2017-10-12,50.928,50.984,50.028,50.65,982
2017-10-13,50.648,51.597,50.581,51.273,980
2017-10-15,51.311,51.905,51.311,51.758,54
2017-10-16,51.753,52.294,51.541,51.797,1109
2017-10-17,51.802,52.154,51.133,51.911,1073
2017-10-18,51.913,52.215,51.59,51.968,1070
2017-10-19,51.973,52.061,50.953,51.265,984
2017-10-20,51.257,51.751,50.563,51.741,988
2017-10-22,51.803,51.94,51.8,51.841,38
2017-10-23,51.847,52.003,51.4,51.604,994
2017-10-24,51.598,52.337,51.278,52.228,991
2017-10-25,52.233,52.233,51.628,51.9,948
2017-10-26,51.893,52.595,51.657,52.467,1001
2017-10-27,52.457,53.934,51.995,53.919,978
2017-10-29,53.932,53.94,53.821,53.861,33
2017-10-30,53.856,54.226,53.527,53.851,967
2017-10-31,53.841,54.627,53.715,54.362,960
2017-11-01,54.369,55.001,53.69,54.011,998
2017-11-02,54.015,54.828,53.786,54.729,1025
2017-11-03,54.724,55.565,54.217,55.535,1025
2017-11-06,55.801,57.441,55.494,57.093,1178
2017-11-07,57.113,57.526,56.685,56.784,1137
2017-11-08,56.825,57.771,56.276,56.705,1122
2017-11-09,56.716,57.392,56.551,56.886,1049
2017-11-10,56.881,57.223,56.426,56.767,1016
2017-11-13,56.834,57.065,56.218,56.649,1028
2017-11-14,56.645,56.68,54.742,54.912,1052
2017-11-15,54.983,55.488,54.851,55.251,1131
2017-11-16,55.253,55.585,54.91,55.218,1015
2017-11-17,55.228,56.579,55.149,56.554,1037
2017-11-20,56.534,56.706,55.533,56.162,1039
2017-11-21,56.163,57.004,56.113,56.882,999
2017-11-22,56.937,57.94,56.827,57.851,1163
2017-11-23,57.811,58.375,57.555,58.335,819
2017-11-24,58.297,58.848,58.157,58.766,877
2017-11-27,58.787,58.802,57.377,57.648,1126
2017-11-28,57.678,57.942,57.263,57.575,1038
2017-11-29,57.546,58.146,56.609,57.233,1024
2017-11-30,57.254,57.826,56.718,57.28,1132
2017-12-01,57.191,58.742,57.151,58.156,1091
2017-12-04,58.158,58.181,57.229,57.329,1127
2017-12-05,57.32,57.804,56.974,57.376,1043
2017-12-06,57.357,57.469,55.776,55.876,1056
2017-12-07,55.917,56.681,55.719,56.542,1097
2017-12-08,56.54,57.695,56.455,57.251,1036
2017-12-11,57.173,58.009,56.847,57.939,1113
2017-12-12,57.959,58.492,56.797,57.397,1177
2017-12-13,57.387,57.771,56.461,56.606,1111
2017-12-14,56.626,57.202,56.043,57.142,1188
2017-12-15,57.092,57.443,56.923,57.303,1147
2017-12-18,57.357,57.738,56.809,57.279,1052
2017-12-19,57.259,57.73,57.14,57.626,1031
2017-12-20,57.621,58.052,57.402,57.992,945
2017-12-21,57.962,58.323,57.574,58.194,950
2017-12-22,58.114,58.445,57.815,58.336,983
2017-12-26,58.381,59.952,58.272,59.762,1036
2017-12-27,59.739,59.873,59.284,59.539,1048
2017-12-28,59.484,59.886,59.396,59.846,991
2017-12-29,59.831,60.457,59.766,60.068,1097
2018-01-02,60.139,60.694,60.068,60.305,1150
2018-01-03,60.345,61.916,60.246,61.861,1017
2018-01-04,61.906,62.167,61.558,61.888,1153
2018-01-05,61.858,62.009,61.06,61.531,1076
2018-01-08,61.68,61.936,61.306,61.887,1068
2018-01-09,61.887,63.438,61.768,63.428,1167
2018-01-10,63.418,63.649,63.06,63.46,1147
2018-01-11,63.46,64.741,63.411,63.522,1103
2018-01-12,63.542,64.474,63.043,64.384,1183
2018-01-15,64.41,64.884,64.089,64.819,1024
2018-01-16,64.784,64.784,63.406,63.886,1251
2018-01-17,63.886,64.195,63.315,64.085,1258
2018-01-18,64.09,64.335,63.493,63.748,1219
2018-01-19,63.733,63.778,62.841,63.536,1251
2018-01-22,63.532,64.176,63.105,63.968,1215
2018-01-23,63.976,64.925,63.755,64.514,1185
2018-01-24,64.479,66.094,64.392,65.934,1168
2018-01-25,65.919,66.703,65.132,65.281,1272
2018-01-26,65.271,66.391,64.966,66.283,1192
2018-01-29,66.297,66.507,65.015,65.562,1216
2018-01-30,65.552,65.594,63.932,64.024,1273
2018-01-31,64.044,64.981,63.712,64.813,1255
2018-02-01,64.758,66.28,64.67,66.007,1236
2018-02-02,66.062,66.329,64.507,65.105,1264
2018-02-05,65.073,65.433,63.451,63.478,1324
2018-02-06,63.418,64.32,63.15,63.912,1368
2018-02-07,63.909,64.199,61.267,61.78,1332
2018-02-08,61.71,62.106,60.295,60.447,1345
2018-02-09,60.495,60.784,58.093,59.085,1335
2018-02-12,59.127,60.842,59.117,59.378,1310
2018-02-13,59.38,59.748,58.407,58.994,1252
2018-02-14,58.979,60.905,58.215,60.757,1298
2018-02-15,60.662,61.644,59.729,61.436,1332
2018-02-16,61.401,61.998,60.89,61.646,1304
2018-02-19,61.624,62.61,61.619,62.517,1028
2018-02-20,62.454,62.759,61.544,61.676,1307
2018-02-21,61.716,61.968,61.021,61.419,1253
2018-02-22,61.416,63.189,60.858,62.735,1218
2018-02-23,62.735,63.826,62.435,63.672,1231
2018-02-26,63.679,64.325,63.143,64.074,1252
2018-02-27,64.091,64.173,62.718,62.901,1218
2018-02-28,62.865,63.506,61.442,61.612,1235
2018-03-01,61.635,61.909,60.258,61.423,1276
2018-03-02,61.431,61.665,60.204,61.537,1247
2018-03-05,61.624,62.845,61.164,62.671,1300
2018-03-06,62.651,63.332,62.231,62.412,1203
2018-03-07,62.337,62.627,60.635,61.395,1268
2018-03-08,61.39,61.442,60.003,60.348,1187
2018-03-09,60.353,62.218,60.187,62.191,1210
2018-03-11,62.098,62.188,62.06,62.117,52
2018-03-12,62.122,62.37,60.696,61.366,1176
2018-03-13,61.363,61.999,60.293,60.922,1147
2018-03-14,60.919,61.35,60.139,60.938,1219
2018-03-15,60.933,61.566,60.836,61.177,1191
2018-03-16,61.172,62.559,61.097,62.263,1126
2018-03-18,62.22,62.288,62.153,62.2,49
2018-03-19,62.2,62.358,61.379,62.159,1229
2018-03-20,62.164,63.899,62.129,63.64,1160
2018-03-21,63.642,65.66,63.51,65.37,1182
2018-03-22,65.375,65.41,64.041,64.134,1226
2018-03-23,64.138,65.922,64.094,65.764,1255
2018-03-25,65.817,66.022,65.58,65.787,58
2018-03-26,65.787,66.479,65.012,65.582,1336
2018-03-27,65.58,66.353,64.476,64.753,1257
2018-03-28,64.76,65.067,63.668,64.658,1244
2018-03-29,64.663,65.21,64.11,64.858,1173
2018-04-01,64.875,65.048,64.858,64.998,55
2018-04-02,64.995,65.369,62.772,62.902,1168
2018-04-03,62.899,63.813,62.872,63.534,1251
2018-04-04,63.529,63.656,62.026,63.594,1202
2018-04-05,63.599,64.087,63.038,63.469,1218
2018-04-06,63.466,63.64,61.782,61.884,1257
2018-04-08,61.934,62.167,61.934,62.107,53
2018-04-09,62.109,63.588,62.007,63.239,1262
2018-04-10,63.234,65.834,63.179,65.59,1268
2018-04-11,65.592,67.421,65.131,66.795,1245
2018-04-12,66.788,67.302,65.984,66.972,1286
2018-04-13,66.972,67.735,66.679,67.302,1248
2018-04-15,67.311,67.696,66.996,67.153,59
2018-04-16,67.153,67.166,66.125,66.414,1300
2018-04-17,66.417,66.744,65.624,66.611,1256
2018-04-18,66.616,68.924,66.574,68.714,1278
2018-04-19,68.709,69.584,68.033,68.378,1280
2018-04-20,68.373,68.692,67.512,68.124,1253
2018-04-22,68.203,68.418,68.198,68.318,47
2018-04-23,68.323,69.09,67.159,68.96,1298
2018-04-24,68.97,69.399,67.568,67.866,1275
2018-04-25,67.871,68.268,67.138,68.228,1252
2018-04-26,68.223,68.797,67.737,68.149,1229
2018-04-27,68.149,68.376,67.666,68.008,1166
2018-04-29,68.079,68.197,68.034,68.052,35
2018-04-30,68.052,69.354,67.191,68.536,1204
2018-05-01,68.541,68.913,66.872,67.472,1239
2018-05-02,67.475,68.152,66.942,67.772,1252
2018-05-03,67.767,68.661,67.231,68.471,1209
2018-05-04,68.476,69.981,68.143,69.8,1180
2018-05-06,69.879,69.889,69.779,69.809,53
2018-05-07,69.811,70.848,69.528,70.065,1321
2018-05-08,70.058,70.407,67.637,70.024,1309
2018-05-09,70.032,71.377,70.032,71.256,1323
2018-05-10,71.251,71.896,70.576,71.556,1282
2018-05-11,71.56,71.636,70.465,70.532,1219
2018-05-13,70.503,70.713,70.438,70.663,53
2018-05-14,70.66,71.262,70.272,71.149,1270
2018-05-15,71.149,71.922,70.431,70.951,1260
2018-05-16,70.946,71.62,70.711,71.575,1299
2018-05-17,71.573,72.311,71.187,71.687,1297
2018-05-18,71.692,71.822,71.043,71.433,1176
2018-05-20,71.428,71.928,71.406,71.736,52
2018-05-21,71.731,72.636,71.286,72.496,1235
2018-05-22,72.504,72.867,71.813,72.138,1195
2018-05-23,72.133,72.218,71.149,71.839,1256
2018-05-24,71.837,71.879,70.491,70.721,1257
2018-05-25,70.716,70.741,67.394,67.474,1184
2018-05-27,67.421,67.496,66.976,67.276,58
2018-05-28,67.284,67.376,65.777,66.658,1083
2018-05-29,66.663,67.318,65.889,66.829,1306
2018-05-30,66.827,68.639,66.329,68.1,1321
2018-05-31,68.102,68.19,66.561,67.129,1313
2018-06-01,67.129,67.312,65.483,65.74,1233
2018-06-03,65.613,65.755,65.555,65.623,55
2018-06-04,65.623,66.016,64.556,64.984,1292
2018-06-05,64.989,65.598,64.207,65.508,1258
2018-06-06,65.513,65.948,64.264,65.156,1299
2018-06-07,65.161,66.049,64.799,65.967,1297
2018-06-08,65.967,66.218,65.141,65.569,1237
2018-06-10,65.523,65.561,65.303,65.551,47
2018-06-11,65.548,66.334,64.842,66.127,1258
2018-06-12,66.129,66.685,65.516,65.831,1260
2018-06-13,65.828,66.876,65.796,66.644,1230
2018-06-14,66.649,67.147,66.348,66.948,1226
2018-06-15,66.946,67.078,64.289,64.359,1189
2018-06-17,64.374,64.544,64.177,64.272,59
2018-06-18,64.274,65.983,63.592,65.77,1322
2018-06-19,65.765,65.838,64.389,65.169,1323
2018-06-20,65.174,66.509,64.946,65.615,1269
2018-06-21,65.605,66.363,64.491,65.989,1301
2018-06-22,65.994,69.524,65.871,69.366,1295
2018-06-24,68.892,68.982,68.481,68.799,59
2018-06-25,68.794,69.56,67.916,68.315,1335
2018-06-26,68.323,71.031,67.862,70.745,1311
2018-06-27,70.747,73.185,70.694,72.462,1322
2018-06-28,72.467,74.151,72.329,73.421,1321
2018-06-29,73.416,74.583,73.057,74.402,1268
2018-07-01,73.7,73.775,72.666,73.634,60
2018-07-02,73.629,74.448,73.21,74.077,1340
2018-07-03,74.079,75.365,72.831,74.684,1320
2018-07-04,74.684,74.852,73.598,74.246,1088
2018-07-05,74.243,74.893,72.619,73.211,1295
2018-07-06,73.214,74.085,72.224,74.007,1268
2018-07-08,74.025,74.293,73.903,73.993,52
2018-07-09,73.988,74.311,73.048,74.09,1299
2018-07-10,74.082,74.754,73.713,74.091,1314
2018-07-11,74.087,74.116,70.064,70.631,1349
2018-07-12,70.636,71.281,69.279,70.258,1328
2018-07-13,70.262,71.694,69.875,70.59,1267
2018-07-15,70.519,70.882,70.519,70.762,52
2018-07-16,70.764,70.901,67.736,68.05,1307
2018-07-17,68.047,68.62,67.361,67.863,1330
2018-07-18,67.861,68.999,67.277,68.758,1243
2018-07-19,68.75,69.764,67.577,68.982,1261
2018-07-20,68.987,69.861,68.629,69.054,1271
2018-07-22,69.017,69.204,68.916,69.148,55
2018-07-23,69.153,70.172,68.437,68.68,1264
2018-07-24,68.673,69.877,68.403,69.494,1281
2018-07-25,69.498,70.505,68.999,70.18,1264
2018-07-26,70.18,70.698,69.699,70.312,1281
2018-07-27,70.307,70.518,68.988,69.746,1172
2018-07-29,69.699,69.729,69.589,69.629,52
2018-07-30,69.634,71.105,69.463,70.7,1230
2018-07-31,70.697,70.868,68.642,68.988,1260
2018-08-01,68.99,69.108,67.892,68.431,1276
2018-08-02,68.427,69.922,67.48,69.481,1270
2018-08-03,69.476,69.778,68.402,69.189,1235
2018-08-05,69.114,69.122,68.96,69.017,46
2018-08-06,69.022,70.369,68.988,69.353,1244
2018-08-07,69.348,70.251,69.241,69.565,1228
2018-08-08,69.567,69.773,66.695,67.135,1193
2018-08-09,67.135,67.768,66.85,67.064,1244
2018-08-10,67.066,68.19,66.47,68.093,1215
2018-08-12,68.066,68.193,67.853,68.163,49
2018-08-13,68.165,68.2,65.943,67.662,1301
2018-08-14,67.657,68.578,66.765,66.964,1241
2018-08-15,66.959,67.083,64.676,65.056,1258
2018-08-16,65.056,65.657,64.588,65.542,1311
2018-08-17,65.54,66.504,65.466,65.948,1225
2018-08-19,65.888,65.914,65.807,65.842,47
2018-08-20,65.837,66.297,65.522,66.106,1241
2018-08-21,66.113,67.151,65.973,66.705,1252
2018-08-22,66.705,68.795,66.636,68.644,1223
2018-08-23,68.649,68.701,67.954,68.491,1205
2018-08-24,68.496,69.94,68.409,69.161,1231
2018-08-26,69.165,69.22,69.1,69.189,43
2018-08-27,69.194,69.57,68.898,69.519,1216
2018-08-28,69.524,69.73,68.737,69.093,1206
2018-08-29,69.096,70.262,68.874,70.149,1190
2018-08-30,70.159,70.986,70.048,70.518,1226
2018-08-31,70.513,70.843,70.115,70.361,1189
2018-09-02,70.329,70.409,70.309,70.348,43
2018-09-03,70.353,70.605,69.943,70.446,1032
2018-09-04,70.436,71.782,69.441,69.759,1257
2018-09-05,69.754,69.938,68.904,68.972,1286
2018-09-06,68.98,69.341,67.318,68.186,1268
2018-09-07,68.191,68.389,67.158,68.095,1263
2018-09-09,68.08,68.401,68.08,68.322,55
2018-09-10,68.327,68.752,67.561,67.836,1263
2018-09-11,67.831,70.223,67.692,70.06,1237
2018-09-12,70.055,71.458,69.689,70.388,1268
2018-09-13,70.384,70.418,68.515,68.952,1221
2018-09-14,68.947,70.048,68.086,69.131,1198
2018-09-16,69.093,69.148,68.924,68.947,52
2018-09-17,68.942,69.792,68.607,68.721,1241
2018-09-18,68.728,70.449,68.598,69.836,1295
2018-09-19,69.829,71.349,69.632,71.103,1230
2018-09-20,71.11,71.621,70.3,70.469,1258
2018-09-21,70.472,72.06,70.243,70.996,1194
2018-09-23,71.471,71.91,71.471,71.719,60
2018-09-24,71.721,72.977,71.686,72.46,1244
2018-09-25,72.465,72.989,72.093,72.163,1217
2018-09-26,72.158,72.602,71.695,72.356,1205
2018-09-27,72.358,72.824,71.929,72.347,1238
2018-09-28,72.357,73.935,72.091,73.701,1132
2018-09-30,73.545,73.733,73.485,73.615,48
2018-10-01,73.687,75.958,73.128,73.675,1238
2018-10-02,75.611,76.089,75.114,75.342,1255
2018-10-03,75.346,77.069,74.484,76.435,1238
2018-10-04,76.44,76.632,74.043,74.833,1264
2018-10-05,74.828,75.367,74.001,74.449,1180
2018-10-07,74.566,74.707,73.664,74.025,60
2018-10-08,74.03,74.47,73.199,74.367,1292
2018-10-09,74.362,75.387,74.121,74.829,1269
2018-10-10,74.839,75.195,72.488,72.737,1253
2018-10-11,72.742,72.857,70.582,71.198,1362
2018-10-12,71.203,72.109,70.677,71.494,1310
2018-10-14,71.964,72.726,71.808,72.249,60
2018-10-15,72.254,72.427,70.902,71.702,1361
2018-10-16,71.697,72.479,71.069,72.258,1341
2018-10-17,72.248,72.348,69.56,70.062,1330
2018-10-18,70.057,70.117,68.71,69.019,1320
2018-10-19,69.017,70.069,68.797,69.701,1229
2018-10-21,69.71,69.835,69.464,69.484,54
2018-10-22,69.474,69.991,68.619,69.68,1306
2018-10-23,69.675,69.79,65.898,66.417,1293
2018-10-24,66.413,67.857,66.185,66.562,1337
2018-10-25,66.558,67.781,66.145,67.098,1331
2018-10-26,67.103,68.006,66.325,67.73,1281
2018-10-28,67.609,67.744,67.594,67.674,56
2018-10-29,67.67,68.064,66.407,66.787,1305
2018-10-30,66.783,67.367,65.442,66.572,1323
2018-10-31,66.579,67.101,64.915,65.095,1307
2018-11-01,65.092,65.482,63.208,63.688,1303
2018-11-02,63.683,64.047,62.723,62.922,1254
2018-11-05,63.042,64.21,62.601,62.732,1314
2018-11-06,62.797,63.385,61.382,61.821,1284
2018-11-07,61.826,63.25,61.267,61.656,1343
2018-11-08,61.721,62.475,60.466,60.821,1278
2018-11-09,60.801,60.833,59.316,59.886,1312
2018-11-12,60.652,61.325,58.711,58.871,1356
2018-11-13,58.906,59.38,54.785,55.275,1351
2018-11-14,55.27,57.374,55.173,56.064,1377
2018-11-15,56.054,57.309,55.642,56.617,1361
2018-11-16,56.622,58.001,55.958,56.871,1327
2018-11-19,56.91,57.428,55.133,57.219,1323
2018-11-20,57.229,57.299,52.644,53.224,1305
2018-11-21,53.279,55.721,53.274,54.465,1341
2018-11-22,54.51,54.695,53.392,53.74,1092
2018-11-23,53.741,53.988,50.043,50.278,1158
2018-11-26,50.661,52.141,50.002,51.473,1364
2018-11-27,51.454,52.275,50.209,52.032,1342
2018-11-28,51.972,52.457,49.974,50.214,1346
2018-11-29,50.234,52.094,49.328,51.187,1352
2018-11-30,51.222,51.697,49.572,50.632,1349
2018-12-03,51.981,53.766,51.582,53.031,1366
2018-12-04,53.021,54.481,52.371,52.536,1360
2018-12-05,52.511,54.367,52.087,52.88,1371
2018-12-06,52.835,53.231,50.026,51.661,1372
2018-12-07,51.696,54.161,50.549,52.074,1366
2018-12-10,52.163,52.753,50.513,50.858,1365
2018-12-11,50.913,52.375,50.665,51.922,1325
2018-12-12,51.967,52.824,50.917,51.171,1354
2018-12-13,51.211,53.232,50.324,52.79,1311
2018-12-14,52.79,52.917,50.848,51.214,1344
2018-12-17,51.335,51.906,49.107,49.231,1314
2018-12-18,49.272,49.66,45.903,46.008,1353
2018-12-19,46.12,48.138,46.12,47.184,1358
2018-12-20,47.154,47.294,45.476,46.005,1350
2018-12-21,46.112,46.564,44.943,45.165,1363
2018-12-24,45.296,46.049,42.206,42.537,1175
2018-12-26,42.932,46.828,42.37,46.435,1374
2018-12-27,46.44,46.53,44.213,45.245,1360
2018-12-28,45.305,46.06,44.278,44.957,1369
2018-12-31,45.213,46.388,44.604,45.703,1333
2019-01-02,45.649,47.648,44.233,46.193,1361
2019-01-03,46.059,47.369,45.246,46.708,1372
2019-01-04,46.718,49.107,46.532,48.191,1369
2019-01-07,48.039,49.685,48.024,48.639,1359
2019-01-08,48.679,49.852,48.217,49.678,1350
2019-01-09,49.644,52.484,49.634,52.086,1355
2019-01-10,52.066,52.691,51.292,52.198,1338
2019-01-11,52.228,53.224,51.099,51.64,1352
2019-01-14,51.764,52.044,50.341,50.732,1352
2019-01-15,50.742,52.246,50.582,51.962,1321
2019-01-16,51.932,52.47,51.223,52.299,1334
2019-01-17,52.274,52.55,50.95,52.171,1315
2019-01-18,52.186,53.851,52.061,53.678,1346
2019-01-21,53.761,54.234,53.292,53.877,1115
2019-01-22,53.924,54.049,51.795,52.753,1324
2019-01-23,52.724,53.395,51.615,52.105,1337
2019-01-24,52.215,53.227,51.842,52.93,1325
2019-01-25,52.947,53.698,52.676,53.307,1331
2019-01-28,53.409,53.424,51.139,51.898,1323
2019-01-29,51.944,53.728,51.65,53.063,1336
2019-01-30,53.083,54.734,52.907,54.048,1343
2019-01-31,54.044,55.181,53.44,53.833,1316
2019-02-01,53.863,55.474,53.204,55.172,1339
2019-02-04,55.146,55.594,53.153,54.701,1331
2019-02-05,54.701,55.065,53.342,53.573,1248
2019-02-06,53.603,54.168,52.739,53.776,1243
2019-02-07,53.796,54.095,51.683,52.483,1238
2019-02-08,52.513,52.888,51.977,52.606,1301
2019-02-11,52.629,52.684,51.157,52.367,1325
2019-02-12,52.358,53.971,52.218,53.255,1328
2019-02-13,53.285,54.53,53.211,53.893,1319
2019-02-14,53.933,54.626,53.04,54.421,1315
2019-02-15,54.422,55.779,54.196,55.754,1343
2019-02-18,55.773,56.313,55.698,56.035,1121
2019-02-19,56.022,56.232,55.283,56.046,1330
2019-02-20,56.017,57.218,55.409,56.879,1303
2019-02-21,56.874,57.229,56.288,56.499,1291
2019-02-22,56.5,57.452,56.366,56.751,1258
2019-02-25,56.828,57.207,54.789,55.13,1305
2019-02-26,55.16,55.794,54.734,55.719,1314
2019-02-27,55.71,57.112,55.447,56.727,1147
2019-02-28,56.698,57.155,56.16,56.999,1207
2019-03-01,56.93,57.607,55.327,55.509,1263
2019-03-04,55.645,56.79,55.601,56.246,1312
2019-03-05,56.226,56.982,55.886,56.059,1293
2019-03-06,56.08,56.209,55.267,56.008,1294
2019-03-07,55.925,56.809,55.905,56.245,1188
2019-03-08,56.236,56.336,54.37,55.869,1296
2019-03-10,55.882,56.055,55.83,56.045,51
2019-03-11,56.05,56.873,55.919,56.767,1276
2019-03-12,56.771,57.434,56.647,57.05,1262
2019-03-13,57.054,58.389,56.912,58.281,1211
2019-03-14,58.286,58.659,57.918,58.484,1261
2019-03-15,58.477,58.869,57.673,58.347,1198
2019-03-17,58.395,58.525,58.375,58.455,54
2019-03-18,58.46,59.203,58.021,58.947,1254
2019-03-19,58.952,59.533,58.576,58.887,1198
2019-03-20,58.883,59.959,58.26,59.672,1185
2019-03-21,59.677,60.087,59.361,59.602,1248
2019-03-22,59.598,59.765,57.987,58.665,1204
2019-03-24,58.719,58.886,58.533,58.595,54
2019-03-25,58.6,59.08,57.914,58.848,1310
2019-03-26,58.853,60.114,58.806,59.62,1271
2019-03-27,59.615,59.968,58.566,59.061,1257
2019-03-28,59.051,59.359,57.971,59.25,1267
2019-03-29,59.24,60.491,59.19,59.966,1237
2019-03-31,59.975,60.225,59.965,60.165,55
2019-04-01,60.155,61.61,60.106,61.49,1258
2019-04-02,61.495,62.545,61.396,62.317,1271
2019-04-03,62.322,62.79,61.866,62.288,1230
2019-04-04,62.292,62.592,61.716,61.899,1226
2019-04-05,61.894,63.164,61.643,63.104,1182
2019-04-07,63.195,63.325,63.16,63.265,46
2019-04-08,63.272,64.336,62.989,64.273,1214
2019-04-09,64.275,64.646,63.541,64.043,1226
2019-04-10,64.048,64.57,63.925,64.253,1235
2019-04-11,64.249,64.324,63.203,63.555,1204
2019-04-12,63.565,64.539,63.545,63.679,1173
2019-04-14,63.684,63.757,63.438,63.485,52
2019-04-15,63.489,63.699,62.953,63.445,1232
2019-04-16,63.438,64.319,62.932,64.274,1238
2019-04-17,64.279,64.553,63.61,63.667,1248
2019-04-18,63.663,64.099,63.409,63.93,1171
2019-04-21,64.148,64.223,64.083,64.183,52
2019-04-22,64.178,65.851,64.178,65.665,1327
2019-04-23,65.669,66.466,65.448,65.989,1188
2019-04-24,65.999,66.301,65.533,65.624,1172
2019-04-25,65.619,66.155,64.789,64.92,1183
2019-04-26,64.924,64.951,62.167,62.747,1195
2019-04-28,62.766,62.924,62.716,62.796,60
2019-04-29,62.801,63.588,62.369,63.46,1253
2019-04-30,63.467,64.66,63.211,63.374,1213
2019-05-01,63.379,63.846,62.688,63.418,1200
2019-05-02,63.423,63.589,60.865,61.605,1219
2019-05-03,61.61,62.437,61.227,61.789,1196
2019-05-05,61.096,61.143,60.284,60.679,60
2019-05-06,60.681,62.88,59.98,62.062,1365
2019-05-07,62.067,62.432,60.606,61.556,1328
2019-05-08,61.551,62.308,61.009,61.94,1296
2019-05-09,61.93,62.152,60.874,61.655,1318
2019-05-10,61.65,62.434,61.378,61.713,1309
2019-05-12,61.605,61.777,61.227,61.328,57
2019-05-13,61.323,63.289,60.611,60.942,1316
2019-05-14,60.937,62.084,60.664,61.266,1323
2019-05-15,61.261,62.308,60.818,62.2,1331
2019-05-16,62.205,63.452,62.14,63.114,1300
2019-05-17,63.119,63.616,62.529,62.73,1267
2019-05-19,63.224,63.568,63.124,63.359,60
2019-05-20,63.364,63.792,62.444,63.254,1295
2019-05-21,63.259,63.626,62.629,62.81,1266
2019-05-22,62.806,62.81,60.879,61.249,1272
2019-05-23,61.244,61.27,57.198,57.982,1301
2019-05-24,57.977,58.974,57.376,58.879,1271
2019-05-26,58.824,58.904,58.55,58.705,57
2019-05-27,58.71,59.147,58.018,58.979,1074
2019-05-28,58.983,59.451,58.513,58.844,1315
2019-05-29,58.834,59.118,56.781,59.118,1325
2019-05-30,59.123,59.589,56.237,56.468,1322
2019-05-31,56.475,56.508,52.978,53.252,1299
2019-06-02,53.256,53.346,52.048,52.308,60
2019-06-03,52.318,54.54,52.311,53.071,1366
2019-06-04,53.075,53.703,52.354,52.918,1355
2019-06-05,52.923,53.336,50.542,51.427,1350
2019-06-06,51.432,53.234,51.115,52.937,1338
2019-06-07,52.944,54.256,52.567,53.977,1260
2019-06-09,54.241,54.766,54.231,54.516,58
2019-06-10,54.511,54.566,53.011,53.351,1345
2019-06-11,53.341,53.998,52.706,52.806,1310
2019-06-12,52.801,52.836,50.691,51.112,1320
2019-06-13,51.107,53.413,50.893,52.125,1350
2019-06-14,52.12,52.948,51.677,52.469,1297
2019-06-16,52.313,52.718,52.268,52.608,59
2019-06-17,52.613,52.719,51.572,51.933,1309
2019-06-18,51.938,54.306,51.485,54.004,1311
2019-06-19,53.999,54.433,53.296,54.274,1335
2019-06-20,54.264,57.568,54.254,57.135,1340
2019-06-21,57.125,57.761,56.444,57.38,1299
2019-06-23,57.743,57.743,57.419,57.529,54
2019-06-24,57.519,58.029,56.557,57.655,1296
2019-06-25,57.65,58.648,57.018,58.539,1346
2019-06-26,58.534,59.74,58.472,58.765,1338
2019-06-27,58.755,59.548,58.43,59.151,1327
2019-06-28,59.156,59.624,57.591,58.031,1252
2019-06-30,59.528,59.606,59.162,59.242,59
2019-07-01,59.237,60.122,58.19,58.77,1353
2019-07-02,58.765,59.291,55.952,56.462,1348
2019-07-03,56.457,57.336,55.919,57.108,1331
2019-07-04,57.103,57.437,56.346,56.795,1074
2019-07-05,56.8,57.689,56.179,57.61,1241
2019-07-07,57.733,57.748,57.504,57.624,58
2019-07-08,57.629,58.357,57.206,57.381,1309
2019-07-09,57.376,58.865,57.218,58.396,1310
2019-07-10,58.392,60.54,58.366,60.36,1310
2019-07-11,60.355,60.842,60.066,60.287,1333
2019-07-12,60.292,60.66,59.852,60.294,1246
2019-07-14,60.223,60.249,60.099,60.169,56
2019-07-15,60.179,60.862,59.136,59.297,1318
2019-07-16,59.302,60.02,57.048,57.597,1328
2019-07-17,57.592,58.348,56.229,56.598,1316
2019-07-18,56.593,57.324,54.731,55.794,1351
2019-07-19,55.799,56.358,55.004,55.788,1291
2019-07-21,56.225,56.299,55.99,56.16,60
2019-07-22,56.155,56.92,55.723,56.004,1335
2019-07-23,55.999,57.355,55.637,56.996,1300
2019-07-24,57.001,57.528,55.232,55.862,1290
2019-07-25,55.867,56.882,55.716,55.946,1260
2019-07-26,55.941,56.467,55.589,56.089,1206
2019-07-28,56.137,56.227,55.947,55.977,51
2019-07-29,55.987,57.124,55.73,57.069,1256
2019-07-30,57.074,58.376,56.882,58.067,1269
2019-07-31,58.072,58.733,57.726,57.846,1302
2019-08-01,57.851,57.917,53.53,54.25,1334
2019-08-02,54.245,55.975,54.225,55.142,1306
2019-08-04,55.2,55.305,55.045,55.265,60
2019-08-05,55.27,55.542,53.97,54.09,1367
2019-08-06,54.085,55.36,53.114,53.339,1375
2019-08-07,53.334,53.714,50.479,52.389,1370
2019-08-08,52.399,53.011,51.901,52.682,1367
2019-08-09,52.692,54.858,52.333,54.229,1276
2019-08-11,54.237,54.407,54.202,54.292,60
2019-08-12,54.297,55.154,53.524,54.73,1325
2019-08-13,54.735,57.431,54.188,56.653,1311
2019-08-14,56.658,56.818,53.952,54.703,1352
2019-08-15,54.708,55.304,53.745,54.827,1359
2019-08-16,54.837,55.653,54.256,54.892,1305
2019-08-18,55.005,55.14,54.825,55.035,60
2019-08-19,55.025,56.345,54.874,56.124,1322
2019-08-20,56.129,56.624,55.193,56.174,1308
2019-08-21,56.169,57.163,55.582,56.073,1290
2019-08-22,56.08,56.492,54.881,55.471,1306
2019-08-23,55.461,55.631,53.272,53.95,1253
2019-08-25,53.303,53.448,52.993,53.078,60
2019-08-26,53.083,55.288,53.083,53.917,1358
2019-08-27,53.912,55.737,53.716,55.567,1312
2019-08-28,55.562,56.752,55.366,55.886,1321
2019-08-29,55.891,56.916,55.456,56.615,1268
2019-08-30,56.61,56.745,54.574,55.149,1244
2019-09-01,54.997,55.017,54.557,54.862,60
2019-09-02,54.857,55.252,54.361,54.751,1088
2019-09-03,54.761,55.051,52.85,54.04,1313
2019-09-04,54.03,56.6,53.85,56.08,1321
2019-09-05,56.085,57.759,55.769,56.309,1344
2019-09-06,56.304,56.958,54.838,56.658,1281
2019-09-08,56.736,57.116,56.726,56.901,53
2019-09-09,56.896,58.243,56.586,58.135,1334
2019-09-10,58.13,58.775,57.204,57.874,1322
2019-09-11,57.879,58.304,55.613,55.953,1319
2019-09-12,55.958,56.353,54.012,55.262,1314
2019-09-13,55.267,55.692,54.442,54.836,1248
2019-09-15,60.255,62.855,60.11,61.15,59
2019-09-16,61.145,63.379,58.779,61.979,1380
2019-09-17,61.984,62.589,58.468,58.843,1374
2019-09-18,58.848,59.428,57.715,58.225,1362
2019-09-19,58.23,59.626,58.164,58.893,1315
2019-09-20,58.898,59.382,58.058,58.513,1272
2019-09-22,59.171,59.261,58.83,58.87,58
2019-09-23,58.875,58.99,57.508,58.438,1293
2019-09-24,58.445,58.615,56.803,56.978,1301
2019-09-25,56.973,57.128,55.673,56.774,1290
2019-09-26,56.769,56.942,55.519,56.459,1281
2019-09-27,56.454,56.857,54.854,56.245,1262
2019-09-29,56.502,56.502,56.137,56.217,58
2019-09-30,56.212,56.267,54.07,54.36,1324
2019-10-01,54.33,54.919,53.135,54.33,1262
2019-10-02,54.126,54.495,52.25,52.66,1267
2019-10-03,52.67,52.99,51.065,52.443,1307
2019-10-04,52.451,53.405,52.112,53.048,1241
2019-10-06,52.74,52.86,52.675,52.795,46
2019-10-07,52.79,54.114,52.644,52.941,1287
2019-10-08,52.936,53.321,51.868,52.447,1289
2019-10-09,52.437,53.786,51.452,51.833,1295
2019-10-10,51.837,54.171,51.793,54.021,1344
2019-10-11,54.016,54.968,53.688,54.928,1281
2019-10-13,54.895,54.91,54.73,54.76,58
2019-10-14,54.755,54.88,52.806,53.525,1324
2019-10-15,53.52,53.813,52.423,52.991,1284
2019-10-16,52.986,53.759,52.539,52.897,1291
2019-10-17,52.887,54.174,52.645,54.015,1270
2019-10-18,54.01,54.615,53.357,53.732,1204
2019-10-21,53.732,54.093,52.785,53.465,1195
2019-10-22,53.47,54.735,53.156,54.156,1213
2019-10-23,54.151,56.006,53.548,55.657,1219
2019-10-24,55.662,56.448,55.343,56.039,1213
2019-10-25,56.044,56.68,55.541,56.575,1152
2019-10-27,56.526,56.77,56.466,56.695,56
2019-10-28,56.69,56.867,55.528,55.759,1190
2019-10-29,55.764,55.851,54.551,55.462,1202
2019-10-30,55.457,55.683,54.374,54.9,1194
2019-10-31,54.895,55.535,53.667,54.078,1245
2019-11-01,54.083,56.278,54.018,56.118,1180
2019-11-04,56.313,57.384,55.794,56.525,1272
2019-11-05,56.52,57.457,56.256,57.217,1298
2019-11-06,57.202,57.8,56.08,56.36,1247
2019-11-07,56.341,57.841,56.241,57.052,1218
2019-11-08,57.058,57.445,55.735,57.405,1294
2019-11-11,57.255,57.31,56.222,56.898,1273
2019-11-12,56.84,57.524,56.53,56.775,1305
2019-11-13,56.74,57.507,56.187,57.357,1271
2019-11-14,57.357,57.769,56.62,56.87,1298
2019-11-15,56.88,57.962,56.421,57.872,1247
2019-11-18,57.797,58.078,56.54,56.85,1292
2019-11-19,56.885,57.111,55.085,55.175,1315
2019-11-20,55.16,57.294,54.777,57.01,1295
2019-11-21,56.911,58.586,56.527,58.246,1322
2019-11-22,58.216,58.658,57.43,57.855,1215
2019-11-25,57.845,58.077,57.148,57.848,1194
2019-11-26,57.828,58.493,57.699,58.255,1247
2019-11-27,58.2,58.611,57.453,58.078,1154
2019-11-28,58.043,58.235,57.575,58.22,926
2019-11-29,58.131,58.146,54.971,55.405,995
2019-12-02,55.446,56.626,55.446,55.918,1257
2019-12-03,55.913,56.75,55.31,56.24,1195
2019-12-04,56.365,58.611,56.232,58.312,1241
2019-12-05,58.292,59.073,58.054,58.284,1232
2019-12-06,58.304,59.805,57.666,59.111,1211
2019-12-09,59.111,59.214,58.204,58.88,1193
2019-12-10,58.865,59.487,58.497,59.082,1214
2019-12-11,59.038,59.189,58.09,58.82,1194
2019-12-12,58.86,59.692,58.732,59.193,1136
2019-12-13,59.336,60.454,59.255,59.765,1218
2019-12-16,59.851,60.333,59.741,60.187,1170
2019-12-17,60.201,61.006,60.016,60.546,1104
2019-12-18,60.526,61.145,60.285,60.845,1130
2019-12-19,60.805,61.434,60.734,61.104,1057
2019-12-20,61.139,61.233,60.062,60.407,1082
2019-12-23,60.375,60.799,60.139,60.679,1119
2019-12-24,60.654,61.188,60.508,61.178,911
2019-12-26,61.527,61.856,61.096,61.766,1062
2019-12-27,61.711,61.995,61.265,61.715,1066
2019-12-30,61.702,62.362,61.121,61.691,1092
2019-12-31,61.681,61.91,60.65,61.23,1148
2020-01-02,61.449,61.539,60.667,61.187,1190
2020-01-03,61.207,64.108,61.147,63.052,1300
2020-01-06,63.782,64.745,62.663,62.863,1358
2020-01-07,62.933,63.163,62.132,62.727,1330
2020-01-08,62.842,65.657,59.16,59.98,1376
2020-01-09,59.97,60.32,58.679,59.609,1321
2020-01-10,59.629,59.788,58.858,59.142,1264
2020-01-13,59.142,59.275,57.924,58.086,1037
2020-01-14,58.102,58.723,57.733,58.156,1273
2020-01-15,58.198,58.393,57.404,58.116,1245
2020-01-16,58.109,58.864,57.591,58.604,1251
2020-01-17,58.594,58.984,58.304,58.804,1189
2020-01-20,59.302,59.647,58.555,58.702,999
2020-01-21,58.86,58.865,57.705,58.245,1249
2020-01-22,58.245,58.365,56.056,56.126,1245
2020-01-23,56.141,56.256,54.767,55.689,1327
2020-01-24,55.681,55.947,53.852,54.164,1258
2020-01-27,53.578,53.658,52.138,52.798,1346
2020-01-28,52.768,54.048,52.668,53.951,1276
2020-01-29,53.983,54.358,52.809,53.086,1326
2020-01-30,53.084,53.189,51.659,52.944,1318
2020-01-31,52.909,53.349,50.969,51.589,1345
2020-02-03,50.8,51.96,49.8,49.898,1373
2020-02-04,49.893,51.55,49.313,49.436,1370
2020-02-05,49.496,51.871,49.491,51.198,1344
2020-02-06,51.226,52.178,50.231,51.091,1354
2020-02-07,51.131,51.468,50.081,50.346,1346
2020-02-10,49.982,50.479,49.422,49.655,1347
2020-02-11,49.627,50.682,49.62,49.943,1332
2020-02-12,50.02,51.723,50.02,51.665,1308
2020-02-13,51.708,51.953,50.603,51.523,1349
2020-02-14,51.548,52.323,51.323,52.208,1307
2020-02-17,52.204,52.379,51.814,52.322,1064
2020-02-18,52.114,52.184,50.905,52.113,1252
2020-02-19,52.098,53.608,51.915,53.464,1296
2020-02-20,53.395,54.401,53.199,53.463,1331
2020-02-21,53.488,53.603,52.324,53.197,1327
2020-02-24,53.197,53.197,50.248,51.145,1365
2020-02-25,51.081,51.816,49.509,49.883,1358
2020-02-26,49.918,50.252,48.131,48.436,1372
2020-02-27,48.491,48.586,45.726,46.196,1379
2020-02-28,46.172,46.864,43.71,45.117,1380
2020-03-02,43.502,47.402,43.494,47.375,1378
2020-03-03,47.612,48.52,46.356,46.988,1377
2020-03-04,46.871,48.292,46.537,47.09,1373
2020-03-05,47.053,47.448,45.548,45.913,1367
2020-03-06,46.058,46.268,40.965,41.522,1377
2020-03-08,29.954,33.268,29.954,32.544,58
2020-03-09,32.542,34.806,27.295,31.691,1380
2020-03-10,31.687,34.95,31.656,34.262,1379
2020-03-11,34.252,36.274,32.514,33.493,1380
2020-03-12,33.496,33.509,29.986,30.967,1379
2020-03-13,30.971,33.921,30.6,32.862,1318
2020-03-15,32.778,32.788,30.104,30.229,60
2020-03-16,30.225,31.499,28.131,28.984,1377
2020-03-17,28.986,30.217,26.668,26.958,1380
2020-03-18,26.962,27.234,20.275,23.201,1377
2020-03-19,23.211,27.945,21.513,25.292,1380
2020-03-20,25.287,28.155,22.141,23.355,1320
2020-03-22,22.378,22.495,20.586,21.221,60
2020-03-23,21.226,24.061,20.616,23.896,1380
2020-03-24,23.891,24.907,22.858,24.684,1380
2020-03-25,24.679,24.972,22.692,24.148,1377
2020-03-26,24.153,24.416,22.169,22.906,1377
2020-03-27,22.911,23.159,20.698,21.637,1317
2020-03-29,20.178,20.626,19.762,20.122,55
2020-03-30,20.129,20.686,19.121,20.28,1375
2020-03-31,20.275,21.72,19.858,20.049,1374
2020-04-01,20.044,21.391,19.771,21.104,1365
2020-04-02,21.111,27.162,20.618,24.677,1374
2020-04-03,24.682,28.937,23.361,28.6,1320
2020-04-05,25.941,26.274,25.295,26.021,58
2020-04-06,26.014,28.077,25.741,26.565,1379
2020-04-07,26.57,27.094,23.426,24.537,1377
2020-04-08,24.539,26.469,23.634,26.056,1368
2020-04-09,26.061,28.218,22.487,23.123,1320
2020-04-12,23.682,23.878,21.969,22.662,60
2020-04-13,22.667,24.487,22.243,22.678,1379
2020-04-14,22.683,22.92,20.952,21.561,1377
2020-04-15,21.556,21.661,19.992,20.426,1348
2020-04-16,20.422,20.955,19.44,20.649,1355
2020-04-17,20.671,20.924,19.3,19.776,1308
2020-04-19,19.821,19.876,19.51,19.631,60
2020-04-20,19.627,19.651,16.22,17.402,1378
2020-04-21,17.408,18.169,11.104,12.963,1377
2020-04-22,12.96,14.712,11.208,13.587,1380
2020-04-23,13.592,15.177,13.13,14.424,1379
2020-04-24,14.418,14.958,13.564,13.934,1317
2020-04-26,14.132,14.162,13.793,13.883,60
2020-04-27,13.878,13.984,11.885,12.401,1369
2020-04-28,12.4,13.197,11.621,11.919,1376
2020-04-29,11.924,13.783,11.868,13.408,1374
2020-04-30,13.413,15.53,13.25,15.434,1374
2020-05-01,15.438,15.918,14.316,15.369,1318
2020-05-03,15.238,15.412,14.822,14.935,60
2020-05-04,14.939,16.776,14.572,16.562,1376
2020-05-05,16.558,19.618,16.513,19.393,1380
2020-05-06,19.388,19.828,17.491,18.062,1380
2020-05-07,18.058,19.919,17.516,18.136,1378
2020-05-08,18.136,18.996,17.81,18.824,1320
2020-05-10,19.056,19.195,18.766,18.934,60
2020-05-11,18.935,19.71,18.323,18.876,1375
2020-05-12,18.881,19.977,18.623,19.207,1374
2020-05-13,19.207,20.184,18.926,19.588,1376
2020-05-14,19.594,19.85,19.213,19.75,534
