timestamp_utc,event_id,event_name,country,currency,impact,actual,forecast,previous,revision,source
2024-01-03T15:00:00,EH-20240103T1500-USD-JOLTS-Job-Openings,JOLTS Job Openings,US,USD,HIGH,8790000.0,8840000.0,8850000.0,,ehsanrs2/forexfactory-scraper:high_impact_events_calendar.csv
2024-01-03T15:00:00,EH-20240103T1500-USD-ISM-Manufacturing-PMI,ISM Manufacturing PMI,US,USD,HIGH,47.4,47.2,46.7,,ehsanrs2/forexfactory-scraper:high_impact_events_calendar.csv
2024-01-03T19:00:00,EH-20240103T1900-USD-FOMC-Meeting-Minutes,FOMC Meeting Minutes,US,USD,HIGH,,,,,ehsanrs2/forexfactory-scraper:high_impact_events_calendar.csv
2024-01-04T13:15:00,EH-20240104T1315-USD-ADP-Non-Farm-Employment-Change,ADP Non-Farm Employment Change,US,USD,HIGH,164000.0,120000.0,101000.0,,ehsanrs2/forexfactory-scraper:high_impact_events_calendar.csv
2024-01-04T13:30:00,EH-20240104T1330-USD-Unemployment-Claims,Unemployment Claims,US,USD,HIGH,202000.0,217000.0,220000.0,,ehsanrs2/forexfactory-scraper:high_impact_events_calendar.csv
2024-01-04T23:59:59,EH-20240104T2359-EUR-German-Prelim-CPI-m-m,German Prelim CPI m/m,EU,EUR,HIGH,0.1,0.2,-0.4,,ehsanrs2/forexfactory-scraper:high_impact_events_calendar.csv
2024-01-05T13:30:00,EH-20240105T1330-CAD-Employment-Change,Employment Change,CA,CAD,HIGH,100.0,12200.0,24900.0,,ehsanrs2/forexfactory-scraper:high_impact_events_calendar.csv
2024-01-05T13:30:00,EH-20240105T1330-CAD-Unemployment-Rate,Unemployment Rate,CA,CAD,HIGH,5.8,5.9,5.8,,ehsanrs2/forexfactory-scraper:high_impact_events_calendar.csv
2024-01-05T13:30:00,EH-20240105T1330-USD-Average-Hourly-Earnings-m-m,Average Hourly Earnings m/m,US,USD,HIGH,0.4,0.3,0.4,,ehsanrs2/forexfactory-scraper:high_impact_events_calendar.csv
2024-01-05T13:30:00,EH-20240105T1330-USD-Non-Farm-Employment-Change,Non-Farm Employment Change,US,USD,HIGH,216000.0,168000.0,173000.0,,ehsanrs2/forexfactory-scraper:high_impact_events_calendar.csv
2024-01-05T13:30:00,EH-20240105T1330-USD-Unemployment-Rate,Unemployment Rate,US,USD,HIGH,3.7,3.8,3.7,,ehsanrs2/forexfactory-scraper:high_impact_events_calendar.csv
2024-01-05T15:00:00,EH-20240105T1500-USD-ISM-Services-PMI,ISM Services PMI,US,USD,HIGH,50.6,52.5,52.7,,ehsanrs2/forexfactory-scraper:high_impact_events_calendar.csv
2024-01-08T07:30:00,EH-20240108T0730-CHF-CPI-m-m,CPI m/m,CH,CHF,HIGH,0.0,-0.1,-0.2,,ehsanrs2/forexfactory-scraper:high_impact_events_calendar.csv
2024-01-10T00:30:00,EH-20240110T0030-AUD-CPI-y-y,CPI y/y,AU,AUD,HIGH,4.3,4.4,4.9,,ehsanrs2/forexfactory-scraper:high_impact_events_calendar.csv
2024-01-10T14:15:00,EH-20240110T1415-GBP-BOE-Gov-Bailey-Speaks,BOE Gov Bailey Speaks,GB,GBP,HIGH,,,,,ehsanrs2/forexfactory-scraper:high_impact_events_calendar.csv
2024-01-11T13:30:00,EH-20240111T1330-USD-Core-CPI-m-m,Core CPI m/m,US,USD,HIGH,0.3,0.3,0.3,,ehsanrs2/forexfactory-scraper:high_impact_events_calendar.csv
2024-01-11T13:30:00,EH-20240111T1330-USD-CPI-m-m,CPI m/m,US,USD,HIGH,0.3,0.2,0.1,,ehsanrs2/forexfactory-scraper:high_impact_events_calendar.csv
2024-01-11T13:30:00,EH-20240111T1330-USD-CPI-y-y,CPI y/y,US,USD,HIGH,3.4,3.2,3.1,,ehsanrs2/forexfactory-scraper:high_impact_events_calendar.csv
2024-01-11T13:30:00,EH-20240111T1330-USD-Unemployment-Claims,Unemployment Claims,US,USD,HIGH,202000.0,209000.0,203000.0,,ehsanrs2/forexfactory-scraper:high_impact_events_calendar.csv
2024-01-12T01:30:00,EH-20240112T0130-CNY-CPI-y-y,CPI y/y,CN,CNY,HIGH,-0.3,-0.4,-0.5,,ehsanrs2/forexfactory-scraper:high_impact_events_calendar.csv
2024-01-12T07:00:00,EH-20240112T0700-GBP-GDP-m-m,GDP m/m,GB,GBP,HIGH,0.3,0.2,-0.3,,ehsanrs2/forexfactory-scraper:high_impact_events_calendar.csv
2024-01-12T13:30:00,EH-20240112T1330-USD-PPI-m-m,PPI m/m,US,USD,HIGH,-0.1,0.1,-0.1,,ehsanrs2/forexfactory-scraper:high_impact_events_calendar.csv
2024-01-12T13:30:00,EH-20240112T1330-USD-Core-PPI-m-m,Core PPI m/m,US,USD,HIGH,0.0,0.2,0.0,,ehsanrs2/forexfactory-scraper:high_impact_events_calendar.csv
2024-01-16T07:00:00,EH-20240116T0700-GBP-Claimant-Count-Change,Claimant Count Change,GB,GBP,HIGH,11700.0,18100.0,600.0,,ehsanrs2/forexfactory-scraper:high_impact_events_calendar.csv
2024-01-16T13:30:00,EH-20240116T1330-CAD-CPI-m-m,CPI m/m,CA,CAD,HIGH,-0.3,-0.3,0.1,,ehsanrs2/forexfactory-scraper:high_impact_events_calendar.csv
2024-01-16T13:30:00,EH-20240116T1330-CAD-Median-CPI-y-y,Median CPI y/y,CA,CAD,HIGH,3.6,3.3,3.6,,ehsanrs2/forexfactory-scraper:high_impact_events_calendar.csv
2024-01-16T13:30:00,EH-20240116T1330-CAD-Trimmed-CPI-y-y,Trimmed CPI y/y,CA,CAD,HIGH,3.7,3.4,3.5,,ehsanrs2/forexfactory-scraper:high_impact_events_calendar.csv
2024-01-16T13:30:00,EH-20240116T1330-USD-Empire-State-Manufacturing-Index,Empire State Manufacturing Index,US,USD,HIGH,-43.7,-4.9,-14.5,,ehsanrs2/forexfactory-scraper:high_impact_events_calendar.csv
2024-01-16T15:00:00,EH-20240116T1500-GBP-BOE-Gov-Bailey-Speaks,BOE Gov Bailey Speaks,GB,GBP,HIGH,,,,,ehsanrs2/forexfactory-scraper:high_impact_events_calendar.csv
2024-01-17T02:00:00,EH-20240117T0200-CNY-Industrial-Production-y-y,Industrial Production y/y,CN,CNY,HIGH,6.8,6.6,6.6,,ehsanrs2/forexfactory-scraper:high_impact_events_calendar.csv
2024-01-17T07:00:00,EH-20240117T0700-GBP-CPI-y-y,CPI y/y,GB,GBP,HIGH,4.0,3.8,3.9,,ehsanrs2/forexfactory-scraper:high_impact_events_calendar.csv
2024-01-17T13:30:00,EH-20240117T1330-USD-Core-Retail-Sales-m-m,Core Retail Sales m/m,US,USD,HIGH,0.4,0.2,0.2,,ehsanrs2/forexfactory-scraper:high_impact_events_calendar.csv
2024-01-17T13:30:00,EH-20240117T1330-USD-Retail-Sales-m-m,Retail Sales m/m,US,USD,HIGH,0.6,0.4,0.3,,ehsanrs2/forexfactory-scraper:high_impact_events_calendar.csv
2024-01-18T00:30:00,EH-20240118T0030-AUD-Employment-Change,Employment Change,AU,AUD,HIGH,-65099.99999999999,15400.0,72600.0,,ehsanrs2/forexfactory-scraper:high_impact_events_calendar.csv
2024-01-18T00:30:00,EH-20240118T0030-AUD-Unemployment-Rate,Unemployment Rate,AU,AUD,HIGH,3.9,3.9,3.9,,ehsanrs2/forexfactory-scraper:high_impact_events_calendar.csv
2024-01-18T13:30:00,EH-20240118T1330-USD-Unemployment-Claims,Unemployment Claims,US,USD,HIGH,187000.0,206000.0,203000.0,,ehsanrs2/forexfactory-scraper:high_impact_events_calendar.csv
2024-01-19T07:00:00,EH-20240119T0700-GBP-Retail-Sales-m-m,Retail Sales m/m,GB,GBP,HIGH,-3.2,-0.5,1.4,,ehsanrs2/forexfactory-scraper:high_impact_events_calendar.csv
2024-01-19T15:00:00,EH-20240119T1500-USD-Prelim-UoM-Consumer-Sentiment,Prelim UoM Consumer Sentiment,US,USD,HIGH,78.8,69.8,69.7,,ehsanrs2/forexfactory-scraper:high_impact_events_calendar.csv
2024-01-23T03:09:00,EH-20240123T0309-JPY-BOJ-Outlook-Report,BOJ Outlook Report,JP,JPY,HIGH,,,,,ehsanrs2/forexfactory-scraper:high_impact_events_calendar.csv
2024-01-23T03:09:00,EH-20240123T0309-JPY-Monetary-Policy-Statement,Monetary Policy Statement,JP,JPY,HIGH,,,,,ehsanrs2/forexfactory-scraper:high_impact_events_calendar.csv
2024-01-23T06:30:00,EH-20240123T0630-JPY-BOJ-Press-Conference,BOJ Press Conference,JP,JPY,HIGH,,,,,ehsanrs2/forexfactory-scraper:high_impact_events_calendar.csv
2024-01-23T21:45:00,EH-20240123T2145-NZD-CPI-q-q,CPI q/q,NZ,NZD,HIGH,0.5,0.5,1.8,,ehsanrs2/forexfactory-scraper:high_impact_events_calendar.csv
2024-01-24T08:15:00,EH-20240124T0815-EUR-French-Flash-Manufacturing-PMI,French Flash Manufacturing PMI,EU,EUR,HIGH,43.2,42.5,42.1,,ehsanrs2/forexfactory-scraper:high_impact_events_calendar.csv
2024-01-24T08:15:00,EH-20240124T0815-EUR-French-Flash-Services-PMI,French Flash Services PMI,EU,EUR,HIGH,45.0,46.1,45.7,,ehsanrs2/forexfactory-scraper:high_impact_events_calendar.csv
2024-01-24T08:30:00,EH-20240124T0830-EUR-German-Flash-Manufacturing-PMI,German Flash Manufacturing PMI,EU,EUR,HIGH,45.4,43.7,43.3,,ehsanrs2/forexfactory-scraper:high_impact_events_calendar.csv
2024-01-24T08:30:00,EH-20240124T0830-EUR-German-Flash-Services-PMI,German Flash Services PMI,EU,EUR,HIGH,47.6,49.3,49.3,,ehsanrs2/forexfactory-scraper:high_impact_events_calendar.csv
2024-01-24T09:30:00,EH-20240124T0930-GBP-Flash-Manufacturing-PMI,Flash Manufacturing PMI,GB,GBP,HIGH,47.3,46.7,46.2,,ehsanrs2/forexfactory-scraper:high_impact_events_calendar.csv
2024-01-24T09:30:00,EH-20240124T0930-GBP-Flash-Services-PMI,Flash Services PMI,GB,GBP,HIGH,53.8,53.1,53.4,,ehsanrs2/forexfactory-scraper:high_impact_events_calendar.csv
2024-01-24T14:45:00,EH-20240124T1445-CAD-BOC-Monetary-Policy-Report,BOC Monetary Policy Report,CA,CAD,HIGH,,,,,ehsanrs2/forexfactory-scraper:high_impact_events_calendar.csv
2024-01-24T14:45:00,EH-20240124T1445-CAD-BOC-Rate-Statement,BOC Rate Statement,CA,CAD,HIGH,,,,,ehsanrs2/forexfactory-scraper:high_impact_events_calendar.csv
2024-01-24T14:45:00,EH-20240124T1445-CAD-Overnight-Rate,Overnight Rate,CA,CAD,HIGH,5.0,5.0,5.0,,ehsanrs2/forexfactory-scraper:high_impact_events_calendar.csv
2024-01-24T14:45:00,EH-20240124T1445-USD-Flash-Manufacturing-PMI,Flash Manufacturing PMI,US,USD,HIGH,50.3,47.6,47.9,,ehsanrs2/forexfactory-scraper:high_impact_events_calendar.csv
2024-01-24T14:45:00,EH-20240124T1445-USD-Flash-Services-PMI,Flash Services PMI,US,USD,HIGH,52.9,51.4,51.4,,ehsanrs2/forexfactory-scraper:high_impact_events_calendar.csv
2024-01-24T15:30:00,EH-20240124T1530-CAD-BOC-Press-Conference,BOC Press Conference,CA,CAD,HIGH,,,,,ehsanrs2/forexfactory-scraper:high_impact_events_calendar.csv
2024-01-25T13:15:00,EH-20240125T1315-EUR-Main-Refinancing-Rate,Main Refinancing Rate,EU,EUR,HIGH,4.5,4.5,4.5,,ehsanrs2/forexfactory-scraper:high_impact_events_calendar.csv
2024-01-25T13:15:00,EH-20240125T1315-EUR-Monetary-Policy-Statement,Monetary Policy Statement,EU,EUR,HIGH,,,,,ehsanrs2/forexfactory-scraper:high_impact_events_calendar.csv
2024-01-25T13:30:00,EH-20240125T1330-USD-Unemployment-Claims,Unemployment Claims,US,USD,HIGH,214000.0,199000.0,189000.0,,ehsanrs2/forexfactory-scraper:high_impact_events_calendar.csv
2024-01-25T13:30:00,EH-20240125T1330-USD-Advance-GDP-q-q,Advance GDP q/q,US,USD,HIGH,3.3,2.0,4.9,,ehsanrs2/forexfactory-scraper:high_impact_events_calendar.csv
2024-01-25T13:45:00,EH-20240125T1345-EUR-ECB-Press-Conference,ECB Press Conference,EU,EUR,HIGH,,,,,ehsanrs2/forexfactory-scraper:high_impact_events_calendar.csv
2024-01-26T13:30:00,EH-20240126T1330-USD-Core-PCE-Price-Index-m-m,Core PCE Price Index m/m,US,USD,HIGH,0.2,0.2,0.1,,ehsanrs2/forexfactory-scraper:high_impact_events_calendar.csv
2024-01-30T15:00:00,EH-20240130T1500-USD-CB-Consumer-Confidence,CB Consumer Confidence,US,USD,HIGH,114.8,114.2,108.0,,ehsanrs2/forexfactory-scraper:high_impact_events_calendar.csv
2024-01-30T15:00:00,EH-20240130T1500-USD-JOLTS-Job-Openings,JOLTS Job Openings,US,USD,HIGH,9030000.0,8730000.0,8930000.0,,ehsanrs2/forexfactory-scraper:high_impact_events_calendar.csv
2024-01-31T00:30:00,EH-20240131T0030-AUD-CPI-m-m,CPI m/m,AU,AUD,HIGH,0.6,0.8,1.2,,ehsanrs2/forexfactory-scraper:high_impact_events_calendar.csv
2024-01-31T00:30:00,EH-20240131T0030-AUD-CPI-y-y,CPI y/y,AU,AUD,HIGH,3.4,3.7,4.3,,ehsanrs2/forexfactory-scraper:high_impact_events_calendar.csv
2024-01-31T00:30:00,EH-20240131T0030-AUD-Trimmed-Mean-CPI-m-m,Trimmed Mean CPI m/m,AU,AUD,HIGH,0.8,0.9,1.2,,ehsanrs2/forexfactory-scraper:high_impact_events_calendar.csv
2024-01-31T01:30:00,EH-20240131T0130-CNY-Manufacturing-PMI,Manufacturing PMI,CN,CNY,HIGH,49.2,49.3,49.0,,ehsanrs2/forexfactory-scraper:high_impact_events_calendar.csv
2024-01-31T13:15:00,EH-20240131T1315-USD-ADP-Non-Farm-Employment-Change,ADP Non-Farm Employment Change,US,USD,HIGH,107000.0,148000.0,158000.0,,ehsanrs2/forexfactory-scraper:high_impact_events_calendar.csv
2024-01-31T13:30:00,EH-20240131T1330-CAD-GDP-m-m,GDP m/m,CA,CAD,HIGH,0.2,0.1,0.0,,ehsanrs2/forexfactory-scraper:high_impact_events_calendar.csv
2024-01-31T13:30:00,EH-20240131T1330-USD-Employment-Cost-Index-q-q,Employment Cost Index q/q,US,USD,HIGH,0.9,1.0,1.1,,ehsanrs2/forexfactory-scraper:high_impact_events_calendar.csv
2024-01-31T19:00:00,EH-20240131T1900-USD-FOMC-Statement,FOMC Statement,US,USD,HIGH,,,,,ehsanrs2/forexfactory-scraper:high_impact_events_calendar.csv
2024-01-31T19:00:00,EH-20240131T1900-USD-Federal-Funds-Rate,Federal Funds Rate,US,USD,HIGH,5.5,5.5,5.5,,ehsanrs2/forexfactory-scraper:high_impact_events_calendar.csv
2024-01-31T19:30:00,EH-20240131T1930-USD-FOMC-Press-Conference,FOMC Press Conference,US,USD,HIGH,,,,,ehsanrs2/forexfactory-scraper:high_impact_events_calendar.csv
2024-01-31T23:59:59,EH-20240131T2359-EUR-German-Prelim-CPI-m-m,German Prelim CPI m/m,EU,EUR,HIGH,0.2,0.1,0.1,,ehsanrs2/forexfactory-scraper:high_impact_events_calendar.csv
2024-02-01T12:00:00,EH-20240201T1200-GBP-MPC-Official-Bank-Rate-Votes,MPC Official Bank Rate Votes,GB,GBP,HIGH,2.0,2.0,3.0,,ehsanrs2/forexfactory-scraper:high_impact_events_calendar.csv
2024-02-01T12:00:00,EH-20240201T1200-GBP-Official-Bank-Rate,Official Bank Rate,GB,GBP,HIGH,5.25,5.25,5.25,,ehsanrs2/forexfactory-scraper:high_impact_events_calendar.csv
2024-02-01T12:00:00,EH-20240201T1200-GBP-BOE-Monetary-Policy-Report,BOE Monetary Policy Report,GB,GBP,HIGH,,,,,ehsanrs2/forexfactory-scraper:high_impact_events_calendar.csv
2024-02-01T12:00:00,EH-20240201T1200-GBP-Monetary-Policy-Summary,Monetary Policy Summary,GB,GBP,HIGH,,,,,ehsanrs2/forexfactory-scraper:high_impact_events_calendar.csv
2024-02-01T12:30:00,EH-20240201T1230-GBP-BOE-Gov-Bailey-Speaks,BOE Gov Bailey Speaks,GB,GBP,HIGH,,,,,ehsanrs2/forexfactory-scraper:high_impact_events_calendar.csv
2024-02-01T13:30:00,EH-20240201T1330-USD-Unemployment-Claims,Unemployment Claims,US,USD,HIGH,224000.0,213000.0,215000.0,,ehsanrs2/forexfactory-scraper:high_impact_events_calendar.csv
2024-02-01T15:00:00,EH-20240201T1500-USD-ISM-Manufacturing-PMI,ISM Manufacturing PMI,US,USD,HIGH,49.1,47.2,47.4,,ehsanrs2/forexfactory-scraper:high_impact_events_calendar.csv
2024-02-01T16:30:00,EH-20240201T1630-CAD-BOC-Gov-Macklem-Speaks,BOC Gov Macklem Speaks,CA,CAD,HIGH,,,,,ehsanrs2/forexfactory-scraper:high_impact_events_calendar.csv
2024-02-02T13:30:00,EH-20240202T1330-USD-Average-Hourly-Earnings-m-m,Average Hourly Earnings m/m,US,USD,HIGH,0.6,0.3,0.4,,ehsanrs2/forexfactory-scraper:high_impact_events_calendar.csv
2024-02-02T13:30:00,EH-20240202T1330-USD-Non-Farm-Employment-Change,Non-Farm Employment Change,US,USD,HIGH,353000.0,187000.0,333000.0,,ehsanrs2/forexfactory-scraper:high_impact_events_calendar.csv
2024-02-02T13:30:00,EH-20240202T1330-USD-Unemployment-Rate,Unemployment Rate,US,USD,HIGH,3.7,3.8,3.7,,ehsanrs2/forexfactory-scraper:high_impact_events_calendar.csv
2024-02-02T15:00:00,EH-20240202T1500-USD-Revised-UoM-Consumer-Sentiment,Revised UoM Consumer Sentiment,US,USD,HIGH,79.0,78.9,78.8,,ehsanrs2/forexfactory-scraper:high_impact_events_calendar.csv
2024-02-05T00:00:00,EH-20240205T0000-USD-Fed-Chair-Powell-Speaks,Fed Chair Powell Speaks,US,USD,HIGH,,,,,ehsanrs2/forexfactory-scraper:high_impact_events_calendar.csv
2024-02-05T15:00:00,EH-20240205T1500-USD-ISM-Services-PMI,ISM Services PMI,US,USD,HIGH,53.4,52.0,50.6,,ehsanrs2/forexfactory-scraper:high_impact_events_calendar.csv
2024-02-06T03:30:00,EH-20240206T0330-AUD-Cash-Rate,Cash Rate,AU,AUD,HIGH,4.35,4.35,4.35,,ehsanrs2/forexfactory-scraper:high_impact_events_calendar.csv
2024-02-06T03:30:00,EH-20240206T0330-AUD-RBA-Rate-Statement,RBA Rate Statement,AU,AUD,HIGH,,,,,ehsanrs2/forexfactory-scraper:high_impact_events_calendar.csv
2024-02-06T04:30:00,EH-20240206T0430-AUD-RBA-Press-Conference,RBA Press Conference,AU,AUD,HIGH,,,,,ehsanrs2/forexfactory-scraper:high_impact_events_calendar.csv
2024-02-06T17:45:00,EH-20240206T1745-CAD-BOC-Gov-Macklem-Speaks,BOC Gov Macklem Speaks,CA,CAD,HIGH,,,,,ehsanrs2/forexfactory-scraper:high_impact_events_calendar.csv
2024-02-06T21:45:00,EH-20240206T2145-NZD-Employment-Change-q-q,Employment Change q/q,NZ,NZD,HIGH,0.4,0.3,-0.1,,ehsanrs2/forexfactory-scraper:high_impact_events_calendar.csv
2024-02-06T21:45:00,EH-20240206T2145-NZD-Unemployment-Rate,Unemployment Rate,NZ,NZD,HIGH,4.0,4.3,3.9,,ehsanrs2/forexfactory-scraper:high_impact_events_calendar.csv
2024-02-08T13:30:00,EH-20240208T1330-USD-Unemployment-Claims,Unemployment Claims,US,USD,HIGH,218000.0,221000.0,227000.0,,ehsanrs2/forexfactory-scraper:high_impact_events_calendar.csv
2024-02-08T22:30:00,EH-20240208T2230-AUD-RBA-Gov-Bullock-Speaks,RBA Gov Bullock Speaks,AU,AUD,HIGH,,,,,ehsanrs2/forexfactory-scraper:high_impact_events_calendar.csv
2024-02-09T13:30:00,EH-20240209T1330-CAD-Unemployment-Rate,Unemployment Rate,CA,CAD,HIGH,5.7,5.9,5.8,,ehsanrs2/forexfactory-scraper:high_impact_events_calendar.csv
2024-02-09T13:30:00,EH-20240209T1330-CAD-Employment-Change,Employment Change,CA,CAD,HIGH,37300.0,16000.0,100.0,,ehsanrs2/forexfactory-scraper:high_impact_events_calendar.csv
2024-02-12T18:00:00,EH-20240212T1800-GBP-BOE-Gov-Bailey-Speaks,BOE Gov Bailey Speaks,GB,GBP,HIGH,,,,,ehsanrs2/forexfactory-scraper:high_impact_events_calendar.csv
2024-02-13T02:20:00,EH-20240213T0220-NZD-Inflation-Expectations-q-q,Inflation Expectations q/q,NZ,NZD,HIGH,2.5,,2.76,,ehsanrs2/forexfactory-scraper:high_impact_events_calendar.csv
2024-02-13T07:00:00,EH-20240213T0700-GBP-Claimant-Count-Change,Claimant Count Change,GB,GBP,HIGH,14100.0,15200.0,5500.0,,ehsanrs2/forexfactory-scraper:high_impact_events_calendar.csv
2024-02-13T07:30:00,EH-20240213T0730-CHF-CPI-m-m,CPI m/m,CH,CHF,HIGH,0.2,0.6,0.0,,ehsanrs2/forexfactory-scraper:high_impact_events_calendar.csv
2024-02-13T13:30:00,EH-20240213T1330-USD-Core-CPI-m-m,Core CPI m/m,US,USD,HIGH,0.4,0.3,0.3,,ehsanrs2/forexfactory-scraper:high_impact_events_calendar.csv
2024-02-13T13:30:00,EH-20240213T1330-USD-CPI-m-m,CPI m/m,US,USD,HIGH,0.3,0.2,0.3,,ehsanrs2/forexfactory-scraper:high_impact_events_calendar.csv
2024-02-13T13:30:00,EH-20240213T1330-USD-CPI-y-y,CPI y/y,US,USD,HIGH,3.1,2.9,3.4,,ehsanrs2/forexfactory-scraper:high_impact_events_calendar.csv
2024-02-14T07:00:00,EH-20240214T0700-GBP-CPI-y-y,CPI y/y,GB,GBP,HIGH,4.0,4.1,4.0,,ehsanrs2/forexfactory-scraper:high_impact_events_calendar.csv
2024-02-14T15:00:00,EH-20240214T1500-GBP-BOE-Gov-Bailey-Speaks,BOE Gov Bailey Speaks,GB,GBP,HIGH,,,,,ehsanrs2/forexfactory-scraper:high_impact_events_calendar.csv
2024-02-14T22:00:00,EH-20240214T2200-AUD-RBA-Gov-Bullock-Speaks,RBA Gov Bullock Speaks,AU,AUD,HIGH,,,,,ehsanrs2/forexfactory-scraper:high_impact_events_calendar.csv
2024-02-15T00:30:00,EH-20240215T0030-AUD-Employment-Change,Employment Change,AU,AUD,HIGH,500.0,26400.0,-62700.0,,ehsanrs2/forexfactory-scraper:high_impact_events_calendar.csv
2024-02-15T00:30:00,EH-20240215T0030-AUD-Unemployment-Rate,Unemployment Rate,AU,AUD,HIGH,4.1,4.0,3.9,,ehsanrs2/forexfactory-scraper:high_impact_events_calendar.csv
2024-02-15T07:00:00,EH-20240215T0700-GBP-GDP-m-m,GDP m/m,GB,GBP,HIGH,-0.1,-0.2,0.2,,ehsanrs2/forexfactory-scraper:high_impact_events_calendar.csv
2024-02-15T13:30:00,EH-20240215T1330-USD-Empire-State-Manufacturing-Index,Empire State Manufacturing Index,US,USD,HIGH,-2.4,-13.7,-43.7,,ehsanrs2/forexfactory-scraper:high_impact_events_calendar.csv
2024-02-15T13:30:00,EH-20240215T1330-USD-Retail-Sales-m-m,Retail Sales m/m,US,USD,HIGH,-0.8,-0.2,0.4,,ehsanrs2/forexfactory-scraper:high_impact_events_calendar.csv
2024-02-15T13:30:00,EH-20240215T1330-USD-Core-Retail-Sales-m-m,Core Retail Sales m/m,US,USD,HIGH,-0.6,0.2,0.4,,ehsanrs2/forexfactory-scraper:high_impact_events_calendar.csv
2024-02-15T13:30:00,EH-20240215T1330-USD-Unemployment-Claims,Unemployment Claims,US,USD,HIGH,212000.0,219000.0,220000.0,,ehsanrs2/forexfactory-scraper:high_impact_events_calendar.csv
2024-02-16T07:00:00,EH-20240216T0700-GBP-Retail-Sales-m-m,Retail Sales m/m,GB,GBP,HIGH,3.4,1.5,-3.3,,ehsanrs2/forexfactory-scraper:high_impact_events_calendar.csv
2024-02-16T13:30:00,EH-20240216T1330-USD-Core-PPI-m-m,Core PPI m/m,US,USD,HIGH,0.5,0.1,-0.1,,ehsanrs2/forexfactory-scraper:high_impact_events_calendar.csv
2024-02-16T13:30:00,EH-20240216T1330-USD-PPI-m-m,PPI m/m,US,USD,HIGH,0.3,0.1,-0.1,,ehsanrs2/forexfactory-scraper:high_impact_events_calendar.csv
2024-02-16T15:00:00,EH-20240216T1500-USD-Prelim-UoM-Consumer-Sentiment,Prelim UoM Consumer Sentiment,US,USD,HIGH,79.6,80.0,79.0,,ehsanrs2/forexfactory-scraper:high_impact_events_calendar.csv
2024-02-20T00:30:00,EH-20240220T0030-AUD-Monetary-Policy-Meeting-Minutes,Monetary Policy Meeting Minutes,AU,AUD,HIGH,,,,,ehsanrs2/forexfactory-scraper:high_impact_events_calendar.csv
2024-02-20T13:30:00,EH-20240220T1330-CAD-CPI-m-m,CPI m/m,CA,CAD,HIGH,0.0,0.4,-0.3,,ehsanrs2/forexfactory-scraper:high_impact_events_calendar.csv
2024-02-20T13:30:00,EH-20240220T1330-CAD-Median-CPI-y-y,Median CPI y/y,CA,CAD,HIGH,3.3,3.6,3.5,,ehsanrs2/forexfactory-scraper:high_impact_events_calendar.csv
2024-02-20T13:30:00,EH-20240220T1330-CAD-Trimmed-CPI-y-y,Trimmed CPI y/y,CA,CAD,HIGH,3.4,3.6,3.7,,ehsanrs2/forexfactory-scraper:high_impact_events_calendar.csv
2024-02-21T00:30:00,EH-20240221T0030-AUD-Wage-Price-Index-q-q,Wage Price Index q/q,AU,AUD,HIGH,0.9,0.9,1.3,,ehsanrs2/forexfactory-scraper:high_impact_events_calendar.csv
2024-02-21T19:00:00,EH-20240221T1900-USD-FOMC-Meeting-Minutes,FOMC Meeting Minutes,US,USD,HIGH,,,,,ehsanrs2/forexfactory-scraper:high_impact_events_calendar.csv
2024-02-22T08:15:00,EH-20240222T0815-EUR-French-Flash-Manufacturing-PMI,French Flash Manufacturing PMI,EU,EUR,HIGH,46.8,43.5,43.1,,ehsanrs2/forexfactory-scraper:high_impact_events_calendar.csv
2024-02-22T08:15:00,EH-20240222T0815-EUR-French-Flash-Services-PMI,French Flash Services PMI,EU,EUR,HIGH,48.0,45.7,45.4,,ehsanrs2/forexfactory-scraper:high_impact_events_calendar.csv
2024-02-22T08:30:00,EH-20240222T0830-EUR-German-Flash-Manufacturing-PMI,German Flash Manufacturing PMI,EU,EUR,HIGH,42.3,46.1,45.5,,ehsanrs2/forexfactory-scraper:high_impact_events_calendar.csv
2024-02-22T08:30:00,EH-20240222T0830-EUR-German-Flash-Services-PMI,German Flash Services PMI,EU,EUR,HIGH,48.2,48.0,47.7,,ehsanrs2/forexfactory-scraper:high_impact_events_calendar.csv
2024-02-22T09:30:00,EH-20240222T0930-GBP-Flash-Manufacturing-PMI,Flash Manufacturing PMI,GB,GBP,HIGH,47.1,47.5,47.0,,ehsanrs2/forexfactory-scraper:high_impact_events_calendar.csv
2024-02-22T09:30:00,EH-20240222T0930-GBP-Flash-Services-PMI,Flash Services PMI,GB,GBP,HIGH,54.3,54.2,54.3,,ehsanrs2/forexfactory-scraper:high_impact_events_calendar.csv
2024-02-22T13:30:00,EH-20240222T1330-USD-Unemployment-Claims,Unemployment Claims,US,USD,HIGH,201000.0,217000.0,213000.0,,ehsanrs2/forexfactory-scraper:high_impact_events_calendar.csv
2024-02-22T14:45:00,EH-20240222T1445-USD-Flash-Services-PMI,Flash Services PMI,US,USD,HIGH,51.3,52.4,52.5,,ehsanrs2/forexfactory-scraper:high_impact_events_calendar.csv
2024-02-22T14:45:00,EH-20240222T1445-USD-Flash-Manufacturing-PMI,Flash Manufacturing PMI,US,USD,HIGH,51.5,50.5,50.7,,ehsanrs2/forexfactory-scraper:high_impact_events_calendar.csv
2024-02-27T13:30:00,EH-20240227T1330-USD-Durable-Goods-Orders-m-m,Durable Goods Orders m/m,US,USD,HIGH,-6.1,-4.9,-0.3,,ehsanrs2/forexfactory-scraper:high_impact_events_calendar.csv
2024-02-27T15:00:00,EH-20240227T1500-USD-CB-Consumer-Confidence,CB Consumer Confidence,US,USD,HIGH,106.7,114.8,110.9,,ehsanrs2/forexfactory-scraper:high_impact_events_calendar.csv
2024-02-28T00:30:00,EH-20240228T0030-AUD-CPI-y-y,CPI y/y,AU,AUD,HIGH,3.4,3.6,3.4,,ehsanrs2/forexfactory-scraper:high_impact_events_calendar.csv
2024-02-28T01:00:00,EH-20240228T0100-NZD-Official-Cash-Rate,Official Cash Rate,NZ,NZD,HIGH,5.5,5.5,5.5,,ehsanrs2/forexfactory-scraper:high_impact_events_calendar.csv
2024-02-28T01:00:00,EH-20240228T0100-NZD-RBNZ-Monetary-Policy-Statement,RBNZ Monetary Policy Statement,NZ,NZD,HIGH,,,,,ehsanrs2/forexfactory-scraper:high_impact_events_calendar.csv
2024-02-28T01:00:00,EH-20240228T0100-NZD-RBNZ-Rate-Statement,RBNZ Rate Statement,NZ,NZD,HIGH,,,,,ehsanrs2/forexfactory-scraper:high_impact_events_calendar.csv
2024-02-28T13:30:00,EH-20240228T1330-USD-Prelim-GDP-q-q,Prelim GDP q/q,US,USD,HIGH,3.2,3.3,3.3,,ehsanrs2/forexfactory-scraper:high_impact_events_calendar.csv
2024-02-29T13:30:00,EH-20240229T1330-CAD-GDP-m-m,GDP m/m,CA,CAD,HIGH,0.0,0.2,0.2,,ehsanrs2/forexfactory-scraper:high_impact_events_calendar.csv
2024-02-29T13:30:00,EH-20240229T1330-USD-Unemployment-Claims,Unemployment Claims,US,USD,HIGH,215000.0,209000.0,202000.0,,ehsanrs2/forexfactory-scraper:high_impact_events_calendar.csv
2024-02-29T13:30:00,EH-20240229T1330-USD-Core-PCE-Price-Index-m-m,Core PCE Price Index m/m,US,USD,HIGH,0.4,0.4,0.1,,ehsanrs2/forexfactory-scraper:high_impact_events_calendar.csv
2024-02-29T23:59:59,EH-20240229T2359-EUR-German-Prelim-CPI-m-m,German Prelim CPI m/m,EU,EUR,HIGH,0.4,0.5,0.2,,ehsanrs2/forexfactory-scraper:high_impact_events_calendar.csv
2024-03-01T01:30:00,EH-20240301T0130-CNY-Manufacturing-PMI,Manufacturing PMI,CN,CNY,HIGH,49.1,49.1,49.2,,ehsanrs2/forexfactory-scraper:high_impact_events_calendar.csv
2024-03-01T15:00:00,EH-20240301T1500-USD-ISM-Manufacturing-PMI,ISM Manufacturing PMI,US,USD,HIGH,47.8,49.5,49.1,,ehsanrs2/forexfactory-scraper:high_impact_events_calendar.csv
2024-03-01T15:00:00,EH-20240301T1500-USD-Revised-UoM-Consumer-Sentiment,Revised UoM Consumer Sentiment,US,USD,HIGH,76.9,79.6,79.6,,ehsanrs2/forexfactory-scraper:high_impact_events_calendar.csv
2024-03-04T07:30:00,EH-20240304T0730-CHF-CPI-m-m,CPI m/m,CH,CHF,HIGH,0.6,0.5,0.2,,ehsanrs2/forexfactory-scraper:high_impact_events_calendar.csv
2024-03-05T04:00:00,EH-20240305T0400-JPY-BOJ-Gov-Ueda-Speaks,BOJ Gov Ueda Speaks,JP,JPY,HIGH,,,,,ehsanrs2/forexfactory-scraper:high_impact_events_calendar.csv
2024-03-05T15:00:00,EH-20240305T1500-USD-ISM-Services-PMI,ISM Services PMI,US,USD,HIGH,52.6,53.0,53.4,,ehsanrs2/forexfactory-scraper:high_impact_events_calendar.csv
2024-03-06T00:30:00,EH-20240306T0030-AUD-GDP-q-q,GDP q/q,AU,AUD,HIGH,0.2,0.2,0.3,,ehsanrs2/forexfactory-scraper:high_impact_events_calendar.csv
2024-03-06T12:34:00,EH-20240306T1234-GBP-Annual-Budget-Release,Annual Budget Release,GB,GBP,HIGH,,,,,ehsanrs2/forexfactory-scraper:high_impact_events_calendar.csv
2024-03-06T13:15:00,EH-20240306T1315-USD-ADP-Non-Farm-Employment-Change,ADP Non-Farm Employment Change,US,USD,HIGH,140000.0,149000.0,111000.0,,ehsanrs2/forexfactory-scraper:high_impact_events_calendar.csv
2024-03-06T14:45:00,EH-20240306T1445-CAD-BOC-Rate-Statement,BOC Rate Statement,CA,CAD,HIGH,,,,,ehsanrs2/forexfactory-scraper:high_impact_events_calendar.csv
2024-03-06T14:45:00,EH-20240306T1445-CAD-Overnight-Rate,Overnight Rate,CA,CAD,HIGH,5.0,5.0,5.0,,ehsanrs2/forexfactory-scraper:high_impact_events_calendar.csv
2024-03-06T15:00:00,EH-20240306T1500-USD-Fed-Chair-Powell-Testifies,Fed Chair Powell Testifies,US,USD,HIGH,,,,,ehsanrs2/forexfactory-scraper:high_impact_events_calendar.csv
2024-03-06T15:00:00,EH-20240306T1500-USD-JOLTS-Job-Openings,JOLTS Job Openings,US,USD,HIGH,8860000.0,8800000.0,8890000.0,,ehsanrs2/forexfactory-scraper:high_impact_events_calendar.csv
2024-03-06T15:30:00,EH-20240306T1530-CAD-BOC-Press-Conference,BOC Press Conference,CA,CAD,HIGH,,,,,ehsanrs2/forexfactory-scraper:high_impact_events_calendar.csv
2024-03-07T13:15:00,EH-20240307T1315-EUR-Main-Refinancing-Rate,Main Refinancing Rate,EU,EUR,HIGH,4.5,4.5,4.5,,ehsanrs2/forexfactory-scraper:high_impact_events_calendar.csv
2024-03-07T13:15:00,EH-20240307T1315-EUR-Monetary-Policy-Statement,Monetary Policy Statement,EU,EUR,HIGH,,,,,ehsanrs2/forexfactory-scraper:high_impact_events_calendar.csv
2024-03-07T13:30:00,EH-20240307T1330-USD-Unemployment-Claims,Unemployment Claims,US,USD,HIGH,217000.0,217000.0,217000.0,,ehsanrs2/forexfactory-scraper:high_impact_events_calendar.csv
2024-03-07T13:45:00,EH-20240307T1345-EUR-ECB-Press-Conference,ECB Press Conference,EU,EUR,HIGH,,,,,ehsanrs2/forexfactory-scraper:high_impact_events_calendar.csv
2024-03-07T15:00:00,EH-20240307T1500-USD-Fed-Chair-Powell-Testifies,Fed Chair Powell Testifies,US,USD,HIGH,,,,,ehsanrs2/forexfactory-scraper:high_impact_events_calendar.csv
2024-03-08T13:30:00,EH-20240308T1330-CAD-Employment-Change,Employment Change,CA,CAD,HIGH,40700.0,21100.0,37300.0,,ehsanrs2/forexfactory-scraper:high_impact_events_calendar.csv
2024-03-08T13:30:00,EH-20240308T1330-CAD-Unemployment-Rate,Unemployment Rate,CA,CAD,HIGH,5.8,5.8,5.7,,ehsanrs2/forexfactory-scraper:high_impact_events_calendar.csv
2024-03-08T13:30:00,EH-20240308T1330-USD-Average-Hourly-Earnings-m-m,Average Hourly Earnings m/m,US,USD,HIGH,0.1,0.2,0.5,,ehsanrs2/forexfactory-scraper:high_impact_events_calendar.csv
2024-03-08T13:30:00,EH-20240308T1330-USD-Non-Farm-Employment-Change,Non-Farm Employment Change,US,USD,HIGH,275000.0,198000.0,229000.0,,ehsanrs2/forexfactory-scraper:high_impact_events_calendar.csv
2024-03-08T13:30:00,EH-20240308T1330-USD-Unemployment-Rate,Unemployment Rate,US,USD,HIGH,3.9,3.7,3.7,,ehsanrs2/forexfactory-scraper:high_impact_events_calendar.csv
2024-03-12T07:00:00,EH-20240312T0700-GBP-Claimant-Count-Change,Claimant Count Change,GB,GBP,HIGH,16800.0,20300.0,3100.0,,ehsanrs2/forexfactory-scraper:high_impact_events_calendar.csv
2024-03-12T12:30:00,EH-20240312T1230-USD-CPI-y-y,CPI y/y,US,USD,HIGH,3.2,3.1,3.1,,ehsanrs2/forexfactory-scraper:high_impact_events_calendar.csv
2024-03-12T12:30:00,EH-20240312T1230-USD-Core-CPI-m-m,Core CPI m/m,US,USD,HIGH,0.4,0.3,0.4,,ehsanrs2/forexfactory-scraper:high_impact_events_calendar.csv
2024-03-12T12:30:00,EH-20240312T1230-USD-CPI-m-m,CPI m/m,US,USD,HIGH,0.4,0.4,0.3,,ehsanrs2/forexfactory-scraper:high_impact_events_calendar.csv
2024-03-12T17:01:00,EH-20240312T1701-USD-10-y-Bond-Auction,10-y Bond Auction,US,USD,HIGH,4.17,,4.09,,ehsanrs2/forexfactory-scraper:high_impact_events_calendar.csv
2024-03-13T07:00:00,EH-20240313T0700-GBP-GDP-m-m,GDP m/m,GB,GBP,HIGH,0.2,0.2,-0.1,,ehsanrs2/forexfactory-scraper:high_impact_events_calendar.csv
2024-03-13T17:01:00,EH-20240313T1701-USD-30-y-Bond-Auction,30-y Bond Auction,US,USD,HIGH,4.33,,4.36,,ehsanrs2/forexfactory-scraper:high_impact_events_calendar.csv
2024-03-14T12:30:00,EH-20240314T1230-USD-Core-PPI-m-m,Core PPI m/m,US,USD,HIGH,0.3,0.2,0.5,,ehsanrs2/forexfactory-scraper:high_impact_events_calendar.csv
2024-03-14T12:30:00,EH-20240314T1230-USD-Core-Retail-Sales-m-m,Core Retail Sales m/m,US,USD,HIGH,0.3,0.5,-0.8,,ehsanrs2/forexfactory-scraper:high_impact_events_calendar.csv
2024-03-14T12:30:00,EH-20240314T1230-USD-PPI-m-m,PPI m/m,US,USD,HIGH,0.6,0.3,0.3,,ehsanrs2/forexfactory-scraper:high_impact_events_calendar.csv
2024-03-14T12:30:00,EH-20240314T1230-USD-Retail-Sales-m-m,Retail Sales m/m,US,USD,HIGH,0.6,0.8,-1.1,,ehsanrs2/forexfactory-scraper:high_impact_events_calendar.csv
2024-03-14T12:30:00,EH-20240314T1230-USD-Unemployment-Claims,Unemployment Claims,US,USD,HIGH,209000.0,218000.0,210000.0,,ehsanrs2/forexfactory-scraper:high_impact_events_calendar.csv
2024-03-15T12:30:00,EH-20240315T1230-USD-Empire-State-Manufacturing-Index,Empire State Manufacturing Index,US,USD,HIGH,-20.9,-7.0,-2.4,,ehsanrs2/forexfactory-scraper:high_impact_events_calendar.csv
2024-03-15T14:00:00,EH-20240315T1400-USD-Prelim-UoM-Consumer-Sentiment,Prelim UoM Consumer Sentiment,US,USD,HIGH,76.5,77.1,76.9,,ehsanrs2/forexfactory-scraper:high_impact_events_calendar.csv
2024-03-18T02:00:00,EH-20240318T0200-CNY-Industrial-Production-y-y,Industrial Production y/y,CN,CNY,HIGH,7.0,5.3,6.8,,ehsanrs2/forexfactory-scraper:high_impact_events_calendar.csv
2024-03-19T03:30:00,EH-20240319T0330-AUD-Cash-Rate,Cash Rate,AU,AUD,HIGH,4.35,4.35,4.35,,ehsanrs2/forexfactory-scraper:high_impact_events_calendar.csv
2024-03-19T03:30:00,EH-20240319T0330-AUD-RBA-Rate-Statement,RBA Rate Statement,AU,AUD,HIGH,,,,,ehsanrs2/forexfactory-scraper:high_impact_events_calendar.csv
2024-03-19T03:36:00,EH-20240319T0336-JPY-BOJ-Policy-Rate,BOJ Policy Rate,JP,JPY,HIGH,,-0.1,-0.1,,ehsanrs2/forexfactory-scraper:high_impact_events_calendar.csv
2024-03-19T03:36:00,EH-20240319T0336-JPY-Monetary-Policy-Statement,Monetary Policy Statement,JP,JPY,HIGH,,,,,ehsanrs2/forexfactory-scraper:high_impact_events_calendar.csv
2024-03-19T04:30:00,EH-20240319T0430-AUD-RBA-Press-Conference,RBA Press Conference,AU,AUD,HIGH,,,,,ehsanrs2/forexfactory-scraper:high_impact_events_calendar.csv
2024-03-19T06:30:00,EH-20240319T0630-JPY-BOJ-Press-Conference,BOJ Press Conference,JP,JPY,HIGH,,,,,ehsanrs2/forexfactory-scraper:high_impact_events_calendar.csv
2024-03-19T12:30:00,EH-20240319T1230-CAD-CPI-m-m,CPI m/m,CA,CAD,HIGH,0.3,0.6,0.0,,ehsanrs2/forexfactory-scraper:high_impact_events_calendar.csv
2024-03-19T12:30:00,EH-20240319T1230-CAD-Median-CPI-y-y,Median CPI y/y,CA,CAD,HIGH,3.1,3.3,3.3,,ehsanrs2/forexfactory-scraper:high_impact_events_calendar.csv
2024-03-19T12:30:00,EH-20240319T1230-CAD-Trimmed-CPI-y-y,Trimmed CPI y/y,CA,CAD,HIGH,3.2,3.4,3.4,,ehsanrs2/forexfactory-scraper:high_impact_events_calendar.csv
2024-03-20T07:00:00,EH-20240320T0700-GBP-CPI-y-y,CPI y/y,GB,GBP,HIGH,3.4,3.5,4.0,,ehsanrs2/forexfactory-scraper:high_impact_events_calendar.csv
2024-03-20T18:00:00,EH-20240320T1800-USD-Federal-Funds-Rate,Federal Funds Rate,US,USD,HIGH,5.5,5.5,5.5,,ehsanrs2/forexfactory-scraper:high_impact_events_calendar.csv
2024-03-20T18:00:00,EH-20240320T1800-USD-FOMC-Economic-Projections,FOMC Economic Projections,US,USD,HIGH,,,,,ehsanrs2/forexfactory-scraper:high_impact_events_calendar.csv
2024-03-20T18:00:00,EH-20240320T1800-USD-FOMC-Statement,FOMC Statement,US,USD,HIGH,,,,,ehsanrs2/forexfactory-scraper:high_impact_events_calendar.csv
2024-03-20T18:30:00,EH-20240320T1830-USD-FOMC-Press-Conference,FOMC Press Conference,US,USD,HIGH,,,,,ehsanrs2/forexfactory-scraper:high_impact_events_calendar.csv
2024-03-20T21:45:00,EH-20240320T2145-NZD-GDP-q-q,GDP q/q,NZ,NZD,HIGH,-0.1,0.1,-0.3,,ehsanrs2/forexfactory-scraper:high_impact_events_calendar.csv
2024-03-21T00:30:00,EH-20240321T0030-AUD-Employment-Change,Employment Change,AU,AUD,HIGH,116500.0,39700.0,15300.0,,ehsanrs2/forexfactory-scraper:high_impact_events_calendar.csv
2024-03-21T00:30:00,EH-20240321T0030-AUD-Unemployment-Rate,Unemployment Rate,AU,AUD,HIGH,3.7,4.0,4.1,,ehsanrs2/forexfactory-scraper:high_impact_events_calendar.csv
2024-03-21T08:15:00,EH-20240321T0815-EUR-French-Flash-Manufacturing-PMI,French Flash Manufacturing PMI,EU,EUR,HIGH,45.8,47.5,47.1,,ehsanrs2/forexfactory-scraper:high_impact_events_calendar.csv
2024-03-21T08:15:00,EH-20240321T0815-EUR-French-Flash-Services-PMI,French Flash Services PMI,EU,EUR,HIGH,47.8,48.8,48.4,,ehsanrs2/forexfactory-scraper:high_impact_events_calendar.csv
2024-03-21T08:30:00,EH-20240321T0830-EUR-German-Flash-Manufacturing-PMI,German Flash Manufacturing PMI,EU,EUR,HIGH,41.6,43.1,42.5,,ehsanrs2/forexfactory-scraper:high_impact_events_calendar.csv
2024-03-21T08:30:00,EH-20240321T0830-EUR-German-Flash-Services-PMI,German Flash Services PMI,EU,EUR,HIGH,49.8,48.8,48.3,,ehsanrs2/forexfactory-scraper:high_impact_events_calendar.csv
2024-03-21T08:30:00,EH-20240321T0830-CHF-SNB-Monetary-Policy-Assessment,SNB Monetary Policy Assessment,CH,CHF,HIGH,,,,,ehsanrs2/forexfactory-scraper:high_impact_events_calendar.csv
2024-03-21T08:30:00,EH-20240321T0830-CHF-SNB-Policy-Rate,SNB Policy Rate,CH,CHF,HIGH,1.5,1.75,1.75,,ehsanrs2/forexfactory-scraper:high_impact_events_calendar.csv
2024-03-21T09:00:00,EH-20240321T0900-CHF-SNB-Press-Conference,SNB Press Conference,CH,CHF,HIGH,,,,,ehsanrs2/forexfactory-scraper:high_impact_events_calendar.csv
2024-03-21T09:30:00,EH-20240321T0930-GBP-Flash-Manufacturing-PMI,Flash Manufacturing PMI,GB,GBP,HIGH,49.9,47.9,47.5,,ehsanrs2/forexfactory-scraper:high_impact_events_calendar.csv
2024-03-21T09:30:00,EH-20240321T0930-GBP-Flash-Services-PMI,Flash Services PMI,GB,GBP,HIGH,53.4,53.8,53.8,,ehsanrs2/forexfactory-scraper:high_impact_events_calendar.csv
2024-03-21T12:00:00,EH-20240321T1200-GBP-Monetary-Policy-Summary,Monetary Policy Summary,GB,GBP,HIGH,,,,,ehsanrs2/forexfactory-scraper:high_impact_events_calendar.csv
2024-03-21T12:00:00,EH-20240321T1200-GBP-MPC-Official-Bank-Rate-Votes,MPC Official Bank Rate Votes,GB,GBP,HIGH,0.0,0.0,2.0,,ehsanrs2/forexfactory-scraper:high_impact_events_calendar.csv
2024-03-21T12:00:00,EH-20240321T1200-GBP-Official-Bank-Rate,Official Bank Rate,GB,GBP,HIGH,5.25,5.25,5.25,,ehsanrs2/forexfactory-scraper:high_impact_events_calendar.csv
2024-03-21T12:30:00,EH-20240321T1230-USD-Unemployment-Claims,Unemployment Claims,US,USD,HIGH,210000.0,212000.0,212000.0,,ehsanrs2/forexfactory-scraper:high_impact_events_calendar.csv
2024-03-21T13:45:00,EH-20240321T1345-USD-Flash-Services-PMI,Flash Services PMI,US,USD,HIGH,51.7,52.0,52.3,,ehsanrs2/forexfactory-scraper:high_impact_events_calendar.csv
2024-03-21T13:45:00,EH-20240321T1345-USD-Flash-Manufacturing-PMI,Flash Manufacturing PMI,US,USD,HIGH,52.5,51.8,52.2,,ehsanrs2/forexfactory-scraper:high_impact_events_calendar.csv
2024-03-22T07:00:00,EH-20240322T0700-GBP-Retail-Sales-m-m,Retail Sales m/m,GB,GBP,HIGH,0.0,-0.4,3.6,,ehsanrs2/forexfactory-scraper:high_impact_events_calendar.csv
2024-03-22T13:00:00,EH-20240322T1300-USD-Fed-Chair-Powell-Speaks,Fed Chair Powell Speaks,US,USD,HIGH,,,,,ehsanrs2/forexfactory-scraper:high_impact_events_calendar.csv
2024-03-22T23:59:59,EH-20240322T2359-EUR-Euro-Summit,Euro Summit,EU,EUR,HIGH,,,,,ehsanrs2/forexfactory-scraper:high_impact_events_calendar.csv
2024-03-26T14:00:00,EH-20240326T1400-USD-CB-Consumer-Confidence,CB Consumer Confidence,US,USD,HIGH,104.7,106.9,104.8,,ehsanrs2/forexfactory-scraper:high_impact_events_calendar.csv
2024-03-27T00:30:00,EH-20240327T0030-AUD-CPI-y-y,CPI y/y,AU,AUD,HIGH,3.4,3.5,3.4,,ehsanrs2/forexfactory-scraper:high_impact_events_calendar.csv
2024-03-27T22:00:00,EH-20240327T2200-USD-FOMC-Member-Waller-Speaks,FOMC Member Waller Speaks,US,USD,HIGH,,,,,ehsanrs2/forexfactory-scraper:high_impact_events_calendar.csv
2024-03-28T12:30:00,EH-20240328T1230-CAD-GDP-m-m,GDP m/m,CA,CAD,HIGH,0.6,0.4,-0.1,,ehsanrs2/forexfactory-scraper:high_impact_events_calendar.csv
2024-03-28T12:30:00,EH-20240328T1230-USD-Final-GDP-q-q,Final GDP q/q,US,USD,HIGH,3.4,3.2,3.2,,ehsanrs2/forexfactory-scraper:high_impact_events_calendar.csv
2024-03-28T12:30:00,EH-20240328T1230-USD-Unemployment-Claims,Unemployment Claims,US,USD,HIGH,210000.0,212000.0,212000.0,,ehsanrs2/forexfactory-scraper:high_impact_events_calendar.csv
2024-03-28T14:00:00,EH-20240328T1400-USD-Revised-UoM-Consumer-Sentiment,Revised UoM Consumer Sentiment,US,USD,HIGH,79.4,76.5,76.5,,ehsanrs2/forexfactory-scraper:high_impact_events_calendar.csv
2024-03-28T14:00:00,EH-20240328T1400-USD-Pending-Home-Sales-m-m,Pending Home Sales m/m,US,USD,HIGH,1.6,1.4,-4.7,,ehsanrs2/forexfactory-scraper:high_impact_events_calendar.csv
2024-03-29T12:30:00,EH-20240329T1230-USD-Core-PCE-Price-Index-m-m,Core PCE Price Index m/m,US,USD,HIGH,0.3,0.3,0.5,,ehsanrs2/forexfactory-scraper:high_impact_events_calendar.csv
2024-03-29T15:30:00,EH-20240329T1530-USD-Fed-Chair-Powell-Speaks,Fed Chair Powell Speaks,US,USD,HIGH,,,,,ehsanrs2/forexfactory-scraper:high_impact_events_calendar.csv
2024-03-31T01:30:00,EH-20240331T0130-CNY-Manufacturing-PMI,Manufacturing PMI,CN,CNY,HIGH,50.8,50.1,49.1,,ehsanrs2/forexfactory-scraper:high_impact_events_calendar.csv
2024-04-01T14:00:00,EH-20240401T1400-USD-ISM-Manufacturing-PMI,ISM Manufacturing PMI,US,USD,HIGH,50.3,48.5,47.8,,ehsanrs2/forexfactory-scraper:high_impact_events_calendar.csv
2024-04-02T14:00:00,EH-20240402T1400-USD-JOLTS-Job-Openings,JOLTS Job Openings,US,USD,HIGH,8760000.0,8760000.0,8750000.0,,ehsanrs2/forexfactory-scraper:high_impact_events_calendar.csv
2024-04-02T22:59:59,EH-20240402T2259-EUR-German-Prelim-CPI-m-m,German Prelim CPI m/m,EU,EUR,HIGH,0.4,0.5,0.4,,ehsanrs2/forexfactory-scraper:high_impact_events_calendar.csv
2024-04-03T12:15:00,EH-20240403T1215-USD-ADP-Non-Farm-Employment-Change,ADP Non-Farm Employment Change,US,USD,HIGH,184000.0,148000.0,155000.0,,ehsanrs2/forexfactory-scraper:high_impact_events_calendar.csv
2024-04-03T14:00:00,EH-20240403T1400-USD-ISM-Services-PMI,ISM Services PMI,US,USD,HIGH,51.4,52.8,52.6,,ehsanrs2/forexfactory-scraper:high_impact_events_calendar.csv
2024-04-03T16:10:00,EH-20240403T1610-USD-Fed-Chair-Powell-Speaks,Fed Chair Powell Speaks,US,USD,HIGH,,,,,ehsanrs2/forexfactory-scraper:high_impact_events_calendar.csv
2024-04-04T06:30:00,EH-20240404T0630-CHF-CPI-m-m,CPI m/m,CH,CHF,HIGH,0.0,0.3,0.6,,ehsanrs2/forexfactory-scraper:high_impact_events_calendar.csv
2024-04-04T12:30:00,EH-20240404T1230-USD-Unemployment-Claims,Unemployment Claims,US,USD,HIGH,221000.0,213000.0,212000.0,,ehsanrs2/forexfactory-scraper:high_impact_events_calendar.csv
2024-04-05T12:30:00,EH-20240405T1230-CAD-Employment-Change,Employment Change,CA,CAD,HIGH,-2200.0,25900.0,40700.0,,ehsanrs2/forexfactory-scraper:high_impact_events_calendar.csv
2024-04-05T12:30:00,EH-20240405T1230-CAD-Unemployment-Rate,Unemployment Rate,CA,CAD,HIGH,6.1,5.9,5.8,,ehsanrs2/forexfactory-scraper:high_impact_events_calendar.csv
2024-04-05T12:30:00,EH-20240405T1230-USD-Average-Hourly-Earnings-m-m,Average Hourly Earnings m/m,US,USD,HIGH,0.3,0.3,0.2,,ehsanrs2/forexfactory-scraper:high_impact_events_calendar.csv
2024-04-05T12:30:00,EH-20240405T1230-USD-Non-Farm-Employment-Change,Non-Farm Employment Change,US,USD,HIGH,303000.0,212000.0,270000.0,,ehsanrs2/forexfactory-scraper:high_impact_events_calendar.csv
2024-04-05T12:30:00,EH-20240405T1230-USD-Unemployment-Rate,Unemployment Rate,US,USD,HIGH,3.8,3.9,3.9,,ehsanrs2/forexfactory-scraper:high_impact_events_calendar.csv
2024-04-10T02:00:00,EH-20240410T0200-NZD-RBNZ-Rate-Statement,RBNZ Rate Statement,NZ,NZD,HIGH,,,,,ehsanrs2/forexfactory-scraper:high_impact_events_calendar.csv
2024-04-10T02:00:00,EH-20240410T0200-NZD-Official-Cash-Rate,Official Cash Rate,NZ,NZD,HIGH,5.5,5.5,5.5,,ehsanrs2/forexfactory-scraper:high_impact_events_calendar.csv
2024-04-10T12:30:00,EH-20240410T1230-USD-Core-CPI-m-m,Core CPI m/m,US,USD,HIGH,0.4,0.3,0.4,,ehsanrs2/forexfactory-scraper:high_impact_events_calendar.csv
2024-04-10T12:30:00,EH-20240410T1230-USD-CPI-m-m,CPI m/m,US,USD,HIGH,0.4,0.3,0.4,,ehsanrs2/forexfactory-scraper:high_impact_events_calendar.csv
2024-04-10T12:30:00,EH-20240410T1230-USD-CPI-y-y,CPI y/y,US,USD,HIGH,3.5,3.4,3.2,,ehsanrs2/forexfactory-scraper:high_impact_events_calendar.csv
2024-04-10T13:45:00,EH-20240410T1345-CAD-BOC-Monetary-Policy-Report,BOC Monetary Policy Report,CA,CAD,HIGH,,,,,ehsanrs2/forexfactory-scraper:high_impact_events_calendar.csv
2024-04-10T13:45:00,EH-20240410T1345-CAD-BOC-Rate-Statement,BOC Rate Statement,CA,CAD,HIGH,,,,,ehsanrs2/forexfactory-scraper:high_impact_events_calendar.csv
2024-04-10T13:45:00,EH-20240410T1345-CAD-Overnight-Rate,Overnight Rate,CA,CAD,HIGH,5.0,5.0,5.0,,ehsanrs2/forexfactory-scraper:high_impact_events_calendar.csv
2024-04-10T14:30:00,EH-20240410T1430-CAD-BOC-Press-Conference,BOC Press Conference,CA,CAD,HIGH,,,,,ehsanrs2/forexfactory-scraper:high_impact_events_calendar.csv
2024-04-10T18:00:00,EH-20240410T1800-USD-FOMC-Meeting-Minutes,FOMC Meeting Minutes,US,USD,HIGH,,,,,ehsanrs2/forexfactory-scraper:high_impact_events_calendar.csv
2024-04-11T12:15:00,EH-20240411T1215-EUR-Monetary-Policy-Statement,Monetary Policy Statement,EU,EUR,HIGH,,,,,ehsanrs2/forexfactory-scraper:high_impact_events_calendar.csv
2024-04-11T12:15:00,EH-20240411T1215-EUR-Main-Refinancing-Rate,Main Refinancing Rate,EU,EUR,HIGH,4.5,4.5,4.5,,ehsanrs2/forexfactory-scraper:high_impact_events_calendar.csv
2024-04-11T12:30:00,EH-20240411T1230-USD-Core-PPI-m-m,Core PPI m/m,US,USD,HIGH,0.2,0.2,0.3,,ehsanrs2/forexfactory-scraper:high_impact_events_calendar.csv
2024-04-11T12:30:00,EH-20240411T1230-USD-PPI-m-m,PPI m/m,US,USD,HIGH,0.2,0.3,0.6,,ehsanrs2/forexfactory-scraper:high_impact_events_calendar.csv
2024-04-11T12:30:00,EH-20240411T1230-USD-Unemployment-Claims,Unemployment Claims,US,USD,HIGH,211000.0,216000.0,222.0,,ehsanrs2/forexfactory-scraper:high_impact_events_calendar.csv
2024-04-11T12:45:00,EH-20240411T1245-EUR-ECB-Press-Conference,ECB Press Conference,EU,EUR,HIGH,,,,,ehsanrs2/forexfactory-scraper:high_impact_events_calendar.csv
2024-04-11T17:01:00,EH-20240411T1701-USD-30-y-Bond-Auction,30-y Bond Auction,US,USD,HIGH,4.67,,4.33,,ehsanrs2/forexfactory-scraper:high_impact_events_calendar.csv
2024-04-12T06:00:00,EH-20240412T0600-GBP-GDP-m-m,GDP m/m,GB,GBP,HIGH,0.1,0.1,0.3,,ehsanrs2/forexfactory-scraper:high_impact_events_calendar.csv
2024-04-12T14:00:00,EH-20240412T1400-USD-Prelim-UoM-Consumer-Sentiment,Prelim UoM Consumer Sentiment,US,USD,HIGH,77.9,79.0,79.4,,ehsanrs2/forexfactory-scraper:high_impact_events_calendar.csv
2024-04-15T12:30:00,EH-20240415T1230-USD-Retail-Sales-m-m,Retail Sales m/m,US,USD,HIGH,0.7,0.4,0.9,,ehsanrs2/forexfactory-scraper:high_impact_events_calendar.csv
2024-04-15T12:30:00,EH-20240415T1230-USD-Core-Retail-Sales-m-m,Core Retail Sales m/m,US,USD,HIGH,1.1,0.5,0.6,,ehsanrs2/forexfactory-scraper:high_impact_events_calendar.csv
2024-04-15T12:30:00,EH-20240415T1230-USD-Empire-State-Manufacturing-Index,Empire State Manufacturing Index,US,USD,HIGH,-14.3,-5.2,-20.9,,ehsanrs2/forexfactory-scraper:high_impact_events_calendar.csv
2024-04-16T02:00:00,EH-20240416T0200-CNY-Industrial-Production-y-y,Industrial Production y/y,CN,CNY,HIGH,4.5,6.0,7.0,,ehsanrs2/forexfactory-scraper:high_impact_events_calendar.csv
2024-04-16T06:00:00,EH-20240416T0600-GBP-Claimant-Count-Change,Claimant Count Change,GB,GBP,HIGH,10900.0,17200.0,4100.0,,ehsanrs2/forexfactory-scraper:high_impact_events_calendar.csv
2024-04-16T12:30:00,EH-20240416T1230-CAD-CPI-m-m,CPI m/m,CA,CAD,HIGH,0.6,0.7,0.3,,ehsanrs2/forexfactory-scraper:high_impact_events_calendar.csv
2024-04-16T12:30:00,EH-20240416T1230-CAD-Median-CPI-y-y,Median CPI y/y,CA,CAD,HIGH,2.8,3.0,3.0,,ehsanrs2/forexfactory-scraper:high_impact_events_calendar.csv
2024-04-16T12:30:00,EH-20240416T1230-CAD-Trimmed-CPI-y-y,Trimmed CPI y/y,CA,CAD,HIGH,3.1,3.2,3.2,,ehsanrs2/forexfactory-scraper:high_impact_events_calendar.csv
2024-04-16T17:00:00,EH-20240416T1700-GBP-BOE-Gov-Bailey-Speaks,BOE Gov Bailey Speaks,GB,GBP,HIGH,,,,,ehsanrs2/forexfactory-scraper:high_impact_events_calendar.csv
2024-04-16T17:15:00,EH-20240416T1715-USD-Fed-Chair-Powell-Speaks,Fed Chair Powell Speaks,US,USD,HIGH,,,,,ehsanrs2/forexfactory-scraper:high_impact_events_calendar.csv
2024-04-16T17:15:00,EH-20240416T1715-CAD-BOC-Gov-Macklem-Speaks,BOC Gov Macklem Speaks,CA,CAD,HIGH,,,,,ehsanrs2/forexfactory-scraper:high_impact_events_calendar.csv
2024-04-16T22:45:00,EH-20240416T2245-NZD-CPI-q-q,CPI q/q,NZ,NZD,HIGH,0.6,0.6,0.5,,ehsanrs2/forexfactory-scraper:high_impact_events_calendar.csv
2024-04-17T06:00:00,EH-20240417T0600-GBP-CPI-y-y,CPI y/y,GB,GBP,HIGH,3.2,3.1,3.4,,ehsanrs2/forexfactory-scraper:high_impact_events_calendar.csv
2024-04-17T16:00:00,EH-20240417T1600-GBP-BOE-Gov-Bailey-Speaks,BOE Gov Bailey Speaks,GB,GBP,HIGH,,,,,ehsanrs2/forexfactory-scraper:high_impact_events_calendar.csv
2024-04-18T01:30:00,EH-20240418T0130-AUD-Employment-Change,Employment Change,AU,AUD,HIGH,-6600.0,7200.0,117600.0,,ehsanrs2/forexfactory-scraper:high_impact_events_calendar.csv
2024-04-18T01:30:00,EH-20240418T0130-AUD-Unemployment-Rate,Unemployment Rate,AU,AUD,HIGH,3.8,3.9,3.7,,ehsanrs2/forexfactory-scraper:high_impact_events_calendar.csv
2024-04-18T12:30:00,EH-20240418T1230-USD-Unemployment-Claims,Unemployment Claims,US,USD,HIGH,212000.0,215000.0,212000.0,,ehsanrs2/forexfactory-scraper:high_impact_events_calendar.csv
2024-04-19T06:00:00,EH-20240419T0600-GBP-Retail-Sales-m-m,Retail Sales m/m,GB,GBP,HIGH,0.0,0.3,0.1,,ehsanrs2/forexfactory-scraper:high_impact_events_calendar.csv
2024-04-23T07:15:00,EH-20240423T0715-EUR-French-Flash-Services-PMI,French Flash Services PMI,EU,EUR,HIGH,50.5,48.9,48.3,,ehsanrs2/forexfactory-scraper:high_impact_events_calendar.csv
2024-04-23T07:15:00,EH-20240423T0715-EUR-French-Flash-Manufacturing-PMI,French Flash Manufacturing PMI,EU,EUR,HIGH,44.9,46.9,46.2,,ehsanrs2/forexfactory-scraper:high_impact_events_calendar.csv
2024-04-23T07:30:00,EH-20240423T0730-EUR-German-Flash-Manufacturing-PMI,German Flash Manufacturing PMI,EU,EUR,HIGH,42.2,42.8,41.9,,ehsanrs2/forexfactory-scraper:high_impact_events_calendar.csv
2024-04-23T07:30:00,EH-20240423T0730-EUR-German-Flash-Services-PMI,German Flash Services PMI,EU,EUR,HIGH,53.3,50.6,50.1,,ehsanrs2/forexfactory-scraper:high_impact_events_calendar.csv
2024-04-23T08:30:00,EH-20240423T0830-GBP-Flash-Manufacturing-PMI,Flash Manufacturing PMI,GB,GBP,HIGH,48.7,50.3,50.3,,ehsanrs2/forexfactory-scraper:high_impact_events_calendar.csv
2024-04-23T08:30:00,EH-20240423T0830-GBP-Flash-Services-PMI,Flash Services PMI,GB,GBP,HIGH,54.9,53.0,53.1,,ehsanrs2/forexfactory-scraper:high_impact_events_calendar.csv
2024-04-23T13:45:00,EH-20240423T1345-USD-Flash-Manufacturing-PMI,Flash Manufacturing PMI,US,USD,HIGH,49.9,52.0,51.9,,ehsanrs2/forexfactory-scraper:high_impact_events_calendar.csv
2024-04-23T13:45:00,EH-20240423T1345-USD-Flash-Services-PMI,Flash Services PMI,US,USD,HIGH,50.9,52.0,51.7,,ehsanrs2/forexfactory-scraper:high_impact_events_calendar.csv
2024-04-24T01:30:00,EH-20240424T0130-AUD-CPI-m-m,CPI m/m,AU,AUD,HIGH,1.0,0.8,0.6,,ehsanrs2/forexfactory-scraper:high_impact_events_calendar.csv
2024-04-24T01:30:00,EH-20240424T0130-AUD-CPI-y-y,CPI y/y,AU,AUD,HIGH,3.5,3.4,3.4,,ehsanrs2/forexfactory-scraper:high_impact_events_calendar.csv
2024-04-24T01:30:00,EH-20240424T0130-AUD-Trimmed-Mean-CPI-m-m,Trimmed Mean CPI m/m,AU,AUD,HIGH,1.0,0.8,0.8,,ehsanrs2/forexfactory-scraper:high_impact_events_calendar.csv
2024-04-25T12:30:00,EH-20240425T1230-USD-Advance-GDP-q-q,Advance GDP q/q,US,USD,HIGH,1.6,2.5,3.4,,ehsanrs2/forexfactory-scraper:high_impact_events_calendar.csv
2024-04-25T12:30:00,EH-20240425T1230-USD-Unemployment-Claims,Unemployment Claims,US,USD,HIGH,207000.0,214000.0,212000.0,,ehsanrs2/forexfactory-scraper:high_impact_events_calendar.csv
2024-04-25T14:00:00,EH-20240425T1400-USD-Pending-Home-Sales-m-m,Pending Home Sales m/m,US,USD,HIGH,3.4,0.3,1.6,,ehsanrs2/forexfactory-scraper:high_impact_events_calendar.csv
2024-04-26T03:22:00,EH-20240426T0322-JPY-BOJ-Outlook-Report,BOJ Outlook Report,JP,JPY,HIGH,,,,,ehsanrs2/forexfactory-scraper:high_impact_events_calendar.csv
2024-04-26T03:22:00,EH-20240426T0322-JPY-BOJ-Policy-Rate,BOJ Policy Rate,JP,JPY,HIGH,,,,,ehsanrs2/forexfactory-scraper:high_impact_events_calendar.csv
2024-04-26T03:22:00,EH-20240426T0322-JPY-Monetary-Policy-Statement,Monetary Policy Statement,JP,JPY,HIGH,,,,,ehsanrs2/forexfactory-scraper:high_impact_events_calendar.csv
2024-04-26T06:30:00,EH-20240426T0630-JPY-BOJ-Press-Conference,BOJ Press Conference,JP,JPY,HIGH,,,,,ehsanrs2/forexfactory-scraper:high_impact_events_calendar.csv
2024-04-26T12:30:00,EH-20240426T1230-USD-Core-PCE-Price-Index-m-m,Core PCE Price Index m/m,US,USD,HIGH,0.3,0.3,0.3,,ehsanrs2/forexfactory-scraper:high_impact_events_calendar.csv
2024-04-26T14:00:00,EH-20240426T1400-USD-Revised-UoM-Consumer-Sentiment,Revised UoM Consumer Sentiment,US,USD,HIGH,77.2,77.9,77.9,,ehsanrs2/forexfactory-scraper:high_impact_events_calendar.csv
2024-04-29T22:59:59,EH-20240429T2259-EUR-German-Prelim-CPI-m-m,German Prelim CPI m/m,EU,EUR,HIGH,0.5,0.6,0.4,,ehsanrs2/forexfactory-scraper:high_impact_events_calendar.csv
2024-04-30T01:30:00,EH-20240430T0130-CNY-Manufacturing-PMI,Manufacturing PMI,CN,CNY,HIGH,50.4,50.3,50.8,,ehsanrs2/forexfactory-scraper:high_impact_events_calendar.csv
2024-04-30T12:30:00,EH-20240430T1230-CAD-GDP-m-m,GDP m/m,CA,CAD,HIGH,0.2,0.3,0.5,,ehsanrs2/forexfactory-scraper:high_impact_events_calendar.csv
2024-04-30T12:30:00,EH-20240430T1230-USD-Employment-Cost-Index-q-q,Employment Cost Index q/q,US,USD,HIGH,1.2,1.0,0.9,,ehsanrs2/forexfactory-scraper:high_impact_events_calendar.csv
2024-04-30T14:00:00,EH-20240430T1400-USD-CB-Consumer-Confidence,CB Consumer Confidence,US,USD,HIGH,97.0,104.0,103.1,,ehsanrs2/forexfactory-scraper:high_impact_events_calendar.csv
2024-04-30T22:45:00,EH-20240430T2245-NZD-Employment-Change-q-q,Employment Change q/q,NZ,NZD,HIGH,-0.2,0.3,0.4,,ehsanrs2/forexfactory-scraper:high_impact_events_calendar.csv
2024-04-30T22:45:00,EH-20240430T2245-NZD-Unemployment-Rate,Unemployment Rate,NZ,NZD,HIGH,4.3,4.3,4.0,,ehsanrs2/forexfactory-scraper:high_impact_events_calendar.csv
2024-05-01T12:15:00,EH-20240501T1215-USD-ADP-Non-Farm-Employment-Change,ADP Non-Farm Employment Change,US,USD,HIGH,192000.0,179000.0,208000.0,,ehsanrs2/forexfactory-scraper:high_impact_events_calendar.csv
2024-05-01T13:45:00,EH-20240501T1345-USD-Final-Manufacturing-PMI,Final Manufacturing PMI,US,USD,HIGH,50.0,49.9,49.9,,ehsanrs2/forexfactory-scraper:high_impact_events_calendar.csv
2024-05-01T14:00:00,EH-20240501T1400-USD-ISM-Manufacturing-PMI,ISM Manufacturing PMI,US,USD,HIGH,49.2,50.0,50.3,,ehsanrs2/forexfactory-scraper:high_impact_events_calendar.csv
2024-05-01T14:00:00,EH-20240501T1400-USD-JOLTS-Job-Openings,JOLTS Job Openings,US,USD,HIGH,8490000.0,8680000.0,8810000.0,,ehsanrs2/forexfactory-scraper:high_impact_events_calendar.csv
2024-05-01T18:00:00,EH-20240501T1800-USD-Federal-Funds-Rate,Federal Funds Rate,US,USD,HIGH,5.5,5.5,5.5,,ehsanrs2/forexfactory-scraper:high_impact_events_calendar.csv
2024-05-01T18:00:00,EH-20240501T1800-USD-FOMC-Statement,FOMC Statement,US,USD,HIGH,,,,,ehsanrs2/forexfactory-scraper:high_impact_events_calendar.csv
2024-05-01T18:30:00,EH-20240501T1830-USD-FOMC-Press-Conference,FOMC Press Conference,US,USD,HIGH,,,,,ehsanrs2/forexfactory-scraper:high_impact_events_calendar.csv
2024-05-01T20:15:00,EH-20240501T2015-CAD-BOC-Gov-Macklem-Speaks,BOC Gov Macklem Speaks,CA,CAD,HIGH,,,,,ehsanrs2/forexfactory-scraper:high_impact_events_calendar.csv
2024-05-02T06:30:00,EH-20240502T0630-CHF-CPI-m-m,CPI m/m,CH,CHF,HIGH,0.3,0.1,0.0,,ehsanrs2/forexfactory-scraper:high_impact_events_calendar.csv
2024-05-02T12:30:00,EH-20240502T1230-USD-Unemployment-Claims,Unemployment Claims,US,USD,HIGH,208000.0,212000.0,208000.0,,ehsanrs2/forexfactory-scraper:high_impact_events_calendar.csv
2024-05-02T12:45:00,EH-20240502T1245-CAD-BOC-Gov-Macklem-Speaks,BOC Gov Macklem Speaks,CA,CAD,HIGH,,,,,ehsanrs2/forexfactory-scraper:high_impact_events_calendar.csv
2024-05-03T12:30:00,EH-20240503T1230-USD-Average-Hourly-Earnings-m-m,Average Hourly Earnings m/m,US,USD,HIGH,0.2,0.3,0.3,,ehsanrs2/forexfactory-scraper:high_impact_events_calendar.csv
2024-05-03T12:30:00,EH-20240503T1230-USD-Non-Farm-Employment-Change,Non-Farm Employment Change,US,USD,HIGH,175000.0,238000.0,315000.0,,ehsanrs2/forexfactory-scraper:high_impact_events_calendar.csv
2024-05-03T12:30:00,EH-20240503T1230-USD-Unemployment-Rate,Unemployment Rate,US,USD,HIGH,3.9,3.8,3.8,,ehsanrs2/forexfactory-scraper:high_impact_events_calendar.csv
2024-05-03T14:00:00,EH-20240503T1400-USD-ISM-Services-PMI,ISM Services PMI,US,USD,HIGH,49.4,52.0,51.4,,ehsanrs2/forexfactory-scraper:high_impact_events_calendar.csv
2024-05-07T04:30:00,EH-20240507T0430-AUD-Cash-Rate,Cash Rate,AU,AUD,HIGH,4.35,4.35,4.35,,ehsanrs2/forexfactory-scraper:high_impact_events_calendar.csv
2024-05-07T04:30:00,EH-20240507T0430-AUD-RBA-Monetary-Policy-Statement,RBA Monetary Policy Statement,AU,AUD,HIGH,,,,,ehsanrs2/forexfactory-scraper:high_impact_events_calendar.csv
2024-05-07T04:30:00,EH-20240507T0430-AUD-RBA-Rate-Statement,RBA Rate Statement,AU,AUD,HIGH,,,,,ehsanrs2/forexfactory-scraper:high_impact_events_calendar.csv
2024-05-09T11:00:00,EH-20240509T1100-GBP-Official-Bank-Rate,Official Bank Rate,GB,GBP,HIGH,5.25,5.25,5.25,,ehsanrs2/forexfactory-scraper:high_impact_events_calendar.csv
2024-05-09T11:00:00,EH-20240509T1100-GBP-MPC-Official-Bank-Rate-Votes,MPC Official Bank Rate Votes,GB,GBP,HIGH,0.0,0.0,0.0,,ehsanrs2/forexfactory-scraper:high_impact_events_calendar.csv
2024-05-09T11:00:00,EH-20240509T1100-GBP-BOE-Monetary-Policy-Report,BOE Monetary Policy Report,GB,GBP,HIGH,,,,,ehsanrs2/forexfactory-scraper:high_impact_events_calendar.csv
2024-05-09T11:00:00,EH-20240509T1100-GBP-Monetary-Policy-Summary,Monetary Policy Summary,GB,GBP,HIGH,,,,,ehsanrs2/forexfactory-scraper:high_impact_events_calendar.csv
2024-05-09T11:30:00,EH-20240509T1130-GBP-BOE-Gov-Bailey-Speaks,BOE Gov Bailey Speaks,GB,GBP,HIGH,,,,,ehsanrs2/forexfactory-scraper:high_impact_events_calendar.csv
2024-05-09T12:30:00,EH-20240509T1230-USD-Unemployment-Claims,Unemployment Claims,US,USD,HIGH,231000.0,212000.0,209000.0,,ehsanrs2/forexfactory-scraper:high_impact_events_calendar.csv
2024-05-09T15:00:00,EH-20240509T1500-CAD-BOC-Gov-Macklem-Speaks,BOC Gov Macklem Speaks,CA,CAD,HIGH,,,,,ehsanrs2/forexfactory-scraper:high_impact_events_calendar.csv
2024-05-09T17:01:00,EH-20240509T1701-USD-30-y-Bond-Auction,30-y Bond Auction,US,USD,HIGH,4.64,,4.67,,ehsanrs2/forexfactory-scraper:high_impact_events_calendar.csv
2024-05-10T06:00:00,EH-20240510T0600-GBP-GDP-m-m,GDP m/m,GB,GBP,HIGH,0.4,0.1,0.2,,ehsanrs2/forexfactory-scraper:high_impact_events_calendar.csv
2024-05-10T12:30:00,EH-20240510T1230-CAD-Unemployment-Rate,Unemployment Rate,CA,CAD,HIGH,6.1,6.2,6.1,,ehsanrs2/forexfactory-scraper:high_impact_events_calendar.csv
2024-05-10T12:30:00,EH-20240510T1230-CAD-Employment-Change,Employment Change,CA,CAD,HIGH,90400.0,20900.0,-2200.0,,ehsanrs2/forexfactory-scraper:high_impact_events_calendar.csv
2024-05-10T14:00:00,EH-20240510T1400-USD-Prelim-UoM-Consumer-Sentiment,Prelim UoM Consumer Sentiment,US,USD,HIGH,67.4,76.3,77.2,,ehsanrs2/forexfactory-scraper:high_impact_events_calendar.csv
2024-05-13T03:00:00,EH-20240513T0300-NZD-Inflation-Expectations-q-q,Inflation Expectations q/q,NZ,NZD,HIGH,2.33,,2.5,,ehsanrs2/forexfactory-scraper:high_impact_events_calendar.csv
2024-05-14T06:00:00,EH-20240514T0600-GBP-Claimant-Count-Change,Claimant Count Change,GB,GBP,HIGH,8900.0,13900.0,-2400.0,,ehsanrs2/forexfactory-scraper:high_impact_events_calendar.csv
2024-05-14T12:30:00,EH-20240514T1230-USD-Core-PPI-m-m,Core PPI m/m,US,USD,HIGH,0.5,0.2,-0.1,,ehsanrs2/forexfactory-scraper:high_impact_events_calendar.csv
2024-05-14T12:30:00,EH-20240514T1230-USD-PPI-m-m,PPI m/m,US,USD,HIGH,0.5,0.3,-0.1,,ehsanrs2/forexfactory-scraper:high_impact_events_calendar.csv
2024-05-14T14:00:00,EH-20240514T1400-USD-Fed-Chair-Powell-Speaks,Fed Chair Powell Speaks,US,USD,HIGH,,,,,ehsanrs2/forexfactory-scraper:high_impact_events_calendar.csv
2024-05-15T01:30:00,EH-20240515T0130-AUD-Wage-Price-Index-q-q,Wage Price Index q/q,AU,AUD,HIGH,0.8,0.9,1.0,,ehsanrs2/forexfactory-scraper:high_impact_events_calendar.csv
2024-05-15T12:30:00,EH-20240515T1230-USD-Retail-Sales-m-m,Retail Sales m/m,US,USD,HIGH,0.0,0.4,0.6,,ehsanrs2/forexfactory-scraper:high_impact_events_calendar.csv
2024-05-15T12:30:00,EH-20240515T1230-USD-Empire-State-Manufacturing-Index,Empire State Manufacturing Index,US,USD,HIGH,-15.6,-9.9,-14.3,,ehsanrs2/forexfactory-scraper:high_impact_events_calendar.csv
2024-05-15T12:30:00,EH-20240515T1230-USD-CPI-y-y,CPI y/y,US,USD,HIGH,3.4,3.4,3.5,,ehsanrs2/forexfactory-scraper:high_impact_events_calendar.csv
2024-05-15T12:30:00,EH-20240515T1230-USD-Core-CPI-m-m,Core CPI m/m,US,USD,HIGH,0.3,0.3,0.4,,ehsanrs2/forexfactory-scraper:high_impact_events_calendar.csv
2024-05-15T12:30:00,EH-20240515T1230-USD-Core-Retail-Sales-m-m,Core Retail Sales m/m,US,USD,HIGH,0.2,0.2,0.9,,ehsanrs2/forexfactory-scraper:high_impact_events_calendar.csv
2024-05-15T12:30:00,EH-20240515T1230-USD-CPI-m-m,CPI m/m,US,USD,HIGH,0.3,0.4,0.4,,ehsanrs2/forexfactory-scraper:high_impact_events_calendar.csv
2024-05-16T01:30:00,EH-20240516T0130-AUD-Employment-Change,Employment Change,AU,AUD,HIGH,38500.0,22400.0,-5900.0,,ehsanrs2/forexfactory-scraper:high_impact_events_calendar.csv
2024-05-16T01:30:00,EH-20240516T0130-AUD-Unemployment-Rate,Unemployment Rate,AU,AUD,HIGH,4.1,3.9,3.9,,ehsanrs2/forexfactory-scraper:high_impact_events_calendar.csv
2024-05-16T12:30:00,EH-20240516T1230-USD-Unemployment-Claims,Unemployment Claims,US,USD,HIGH,222000.0,219000.0,232000.0,,ehsanrs2/forexfactory-scraper:high_impact_events_calendar.csv
2024-05-21T12:30:00,EH-20240521T1230-CAD-Trimmed-CPI-y-y,Trimmed CPI y/y,CA,CAD,HIGH,2.9,2.9,3.2,,ehsanrs2/forexfactory-scraper:high_impact_events_calendar.csv
2024-05-21T12:30:00,EH-20240521T1230-CAD-CPI-m-m,CPI m/m,CA,CAD,HIGH,0.5,0.5,0.6,,ehsanrs2/forexfactory-scraper:high_impact_events_calendar.csv
2024-05-21T12:30:00,EH-20240521T1230-CAD-Median-CPI-y-y,Median CPI y/y,CA,CAD,HIGH,2.6,2.7,2.9,,ehsanrs2/forexfactory-scraper:high_impact_events_calendar.csv
2024-05-21T17:00:00,EH-20240521T1700-GBP-BOE-Gov-Bailey-Speaks,BOE Gov Bailey Speaks,GB,GBP,HIGH,,,,,ehsanrs2/forexfactory-scraper:high_impact_events_calendar.csv
2024-05-22T02:00:00,EH-20240522T0200-NZD-Official-Cash-Rate,Official Cash Rate,NZ,NZD,HIGH,5.5,5.5,5.5,,ehsanrs2/forexfactory-scraper:high_impact_events_calendar.csv
2024-05-22T02:00:00,EH-20240522T0200-NZD-RBNZ-Monetary-Policy-Statement,RBNZ Monetary Policy Statement,NZ,NZD,HIGH,,,,,ehsanrs2/forexfactory-scraper:high_impact_events_calendar.csv
2024-05-22T02:00:00,EH-20240522T0200-NZD-RBNZ-Rate-Statement,RBNZ Rate Statement,NZ,NZD,HIGH,,,,,ehsanrs2/forexfactory-scraper:high_impact_events_calendar.csv
2024-05-22T06:00:00,EH-20240522T0600-GBP-CPI-y-y,CPI y/y,GB,GBP,HIGH,2.3,2.1,3.2,,ehsanrs2/forexfactory-scraper:high_impact_events_calendar.csv
2024-05-22T18:00:00,EH-20240522T1800-USD-FOMC-Meeting-Minutes,FOMC Meeting Minutes,US,USD,HIGH,,,,,ehsanrs2/forexfactory-scraper:high_impact_events_calendar.csv
2024-05-23T07:15:00,EH-20240523T0715-EUR-French-Flash-Manufacturing-PMI,French Flash Manufacturing PMI,EU,EUR,HIGH,46.7,45.8,45.3,,ehsanrs2/forexfactory-scraper:high_impact_events_calendar.csv
2024-05-23T07:15:00,EH-20240523T0715-EUR-French-Flash-Services-PMI,French Flash Services PMI,EU,EUR,HIGH,49.4,51.8,51.3,,ehsanrs2/forexfactory-scraper:high_impact_events_calendar.csv
2024-05-23T07:30:00,EH-20240523T0730-EUR-German-Flash-Manufacturing-PMI,German Flash Manufacturing PMI,EU,EUR,HIGH,45.4,43.4,42.5,,ehsanrs2/forexfactory-scraper:high_impact_events_calendar.csv
2024-05-23T07:30:00,EH-20240523T0730-EUR-German-Flash-Services-PMI,German Flash Services PMI,EU,EUR,HIGH,53.9,53.5,53.2,,ehsanrs2/forexfactory-scraper:high_impact_events_calendar.csv
2024-05-23T08:30:00,EH-20240523T0830-GBP-Flash-Services-PMI,Flash Services PMI,GB,GBP,HIGH,52.9,54.7,55.0,,ehsanrs2/forexfactory-scraper:high_impact_events_calendar.csv
2024-05-23T08:30:00,EH-20240523T0830-GBP-Flash-Manufacturing-PMI,Flash Manufacturing PMI,GB,GBP,HIGH,51.3,49.5,49.1,,ehsanrs2/forexfactory-scraper:high_impact_events_calendar.csv
2024-05-23T12:30:00,EH-20240523T1230-USD-Unemployment-Claims,Unemployment Claims,US,USD,HIGH,215000.0,220000.0,223000.0,,ehsanrs2/forexfactory-scraper:high_impact_events_calendar.csv
2024-05-23T13:45:00,EH-20240523T1345-USD-Flash-Services-PMI,Flash Services PMI,US,USD,HIGH,54.8,51.2,51.3,,ehsanrs2/forexfactory-scraper:high_impact_events_calendar.csv
2024-05-23T13:45:00,EH-20240523T1345-USD-Flash-Manufacturing-PMI,Flash Manufacturing PMI,US,USD,HIGH,50.9,50.0,50.0,,ehsanrs2/forexfactory-scraper:high_impact_events_calendar.csv
2024-05-24T06:00:00,EH-20240524T0600-GBP-Retail-Sales-m-m,Retail Sales m/m,GB,GBP,HIGH,-2.3,-0.5,-0.2,,ehsanrs2/forexfactory-scraper:high_impact_events_calendar.csv
2024-05-24T14:00:00,EH-20240524T1400-USD-Revised-UoM-Consumer-Sentiment,Revised UoM Consumer Sentiment,US,USD,HIGH,69.1,67.8,67.4,,ehsanrs2/forexfactory-scraper:high_impact_events_calendar.csv
2024-05-27T00:05:00,EH-20240527T0005-JPY-BOJ-Gov-Ueda-Speaks,BOJ Gov Ueda Speaks,JP,JPY,HIGH,,,,,ehsanrs2/forexfactory-scraper:high_impact_events_calendar.csv
2024-05-28T14:00:00,EH-20240528T1400-USD-CB-Consumer-Confidence,CB Consumer Confidence,US,USD,HIGH,102.0,96.0,97.5,,ehsanrs2/forexfactory-scraper:high_impact_events_calendar.csv
2024-05-29T01:30:00,EH-20240529T0130-AUD-CPI-y-y,CPI y/y,AU,AUD,HIGH,3.6,3.4,3.5,,ehsanrs2/forexfactory-scraper:high_impact_events_calendar.csv
2024-05-29T22:59:59,EH-20240529T2259-EUR-German-Prelim-CPI-m-m,German Prelim CPI m/m,EU,EUR,HIGH,0.1,0.2,0.5,,ehsanrs2/forexfactory-scraper:high_impact_events_calendar.csv
2024-05-30T12:30:00,EH-20240530T1230-USD-Prelim-GDP-q-q,Prelim GDP q/q,US,USD,HIGH,1.3,1.2,1.6,,ehsanrs2/forexfactory-scraper:high_impact_events_calendar.csv
2024-05-30T12:30:00,EH-20240530T1230-USD-Unemployment-Claims,Unemployment Claims,US,USD,HIGH,219000.0,218000.0,216000.0,,ehsanrs2/forexfactory-scraper:high_impact_events_calendar.csv
2024-05-30T14:00:00,EH-20240530T1400-USD-Pending-Home-Sales-m-m,Pending Home Sales m/m,US,USD,HIGH,-7.7,-1.1,3.6,,ehsanrs2/forexfactory-scraper:high_impact_events_calendar.csv
2024-05-31T01:30:00,EH-20240531T0130-CNY-Manufacturing-PMI,Manufacturing PMI,CN,CNY,HIGH,49.5,50.5,50.4,,ehsanrs2/forexfactory-scraper:high_impact_events_calendar.csv
2024-05-31T09:00:00,EH-20240531T0900-EUR-Core-CPI-Flash-Estimate-y-y,Core CPI Flash Estimate y/y,EU,EUR,HIGH,2.9,2.7,2.7,,ehsanrs2/forexfactory-scraper:high_impact_events_calendar.csv
2024-05-31T09:00:00,EH-20240531T0900-EUR-CPI-Flash-Estimate-y-y,CPI Flash Estimate y/y,EU,EUR,HIGH,2.6,2.5,2.4,,ehsanrs2/forexfactory-scraper:high_impact_events_calendar.csv
2024-05-31T12:30:00,EH-20240531T1230-CAD-GDP-m-m,GDP m/m,CA,CAD,HIGH,0.0,0.0,0.2,,ehsanrs2/forexfactory-scraper:high_impact_events_calendar.csv
2024-05-31T12:30:00,EH-20240531T1230-USD-Core-PCE-Price-Index-m-m,Core PCE Price Index m/m,US,USD,HIGH,0.2,0.3,0.3,,ehsanrs2/forexfactory-scraper:high_impact_events_calendar.csv
2024-06-03T13:45:00,EH-20240603T1345-USD-Final-Manufacturing-PMI,Final Manufacturing PMI,US,USD,HIGH,51.3,50.9,50.9,,ehsanrs2/forexfactory-scraper:high_impact_events_calendar.csv
2024-06-03T14:00:00,EH-20240603T1400-USD-ISM-Manufacturing-PMI,ISM Manufacturing PMI,US,USD,HIGH,48.7,49.8,49.2,,ehsanrs2/forexfactory-scraper:high_impact_events_calendar.csv
2024-06-04T06:30:00,EH-20240604T0630-CHF-CPI-m-m,CPI m/m,CH,CHF,HIGH,0.3,0.3,0.3,,ehsanrs2/forexfactory-scraper:high_impact_events_calendar.csv
2024-06-04T14:00:00,EH-20240604T1400-USD-JOLTS-Job-Openings,JOLTS Job Openings,US,USD,HIGH,8060000.000000001,8369999.999999999,8359999.999999999,,ehsanrs2/forexfactory-scraper:high_impact_events_calendar.csv
2024-06-05T01:30:00,EH-20240605T0130-AUD-GDP-q-q,GDP q/q,AU,AUD,HIGH,0.1,0.2,0.3,,ehsanrs2/forexfactory-scraper:high_impact_events_calendar.csv
2024-06-05T12:15:00,EH-20240605T1215-USD-ADP-Non-Farm-Employment-Change,ADP Non-Farm Employment Change,US,USD,HIGH,152000.0,173000.0,188000.0,,ehsanrs2/forexfactory-scraper:high_impact_events_calendar.csv
2024-06-05T13:45:00,EH-20240605T1345-CAD-Overnight-Rate,Overnight Rate,CA,CAD,HIGH,4.75,4.75,5.0,,ehsanrs2/forexfactory-scraper:high_impact_events_calendar.csv
2024-06-05T13:45:00,EH-20240605T1345-CAD-BOC-Rate-Statement,BOC Rate Statement,CA,CAD,HIGH,,,,,ehsanrs2/forexfactory-scraper:high_impact_events_calendar.csv
2024-06-05T14:00:00,EH-20240605T1400-USD-ISM-Services-PMI,ISM Services PMI,US,USD,HIGH,53.8,51.0,49.4,,ehsanrs2/forexfactory-scraper:high_impact_events_calendar.csv
2024-06-05T14:30:00,EH-20240605T1430-CAD-BOC-Press-Conference,BOC Press Conference,CA,CAD,HIGH,,,,,ehsanrs2/forexfactory-scraper:high_impact_events_calendar.csv
2024-06-06T12:15:00,EH-20240606T1215-EUR-Main-Refinancing-Rate,Main Refinancing Rate,EU,EUR,HIGH,4.25,4.25,4.5,,ehsanrs2/forexfactory-scraper:high_impact_events_calendar.csv
2024-06-06T12:15:00,EH-20240606T1215-EUR-Monetary-Policy-Statement,Monetary Policy Statement,EU,EUR,HIGH,,,,,ehsanrs2/forexfactory-scraper:high_impact_events_calendar.csv
2024-06-06T12:30:00,EH-20240606T1230-USD-Unemployment-Claims,Unemployment Claims,US,USD,HIGH,229000.0,220000.0,221000.0,,ehsanrs2/forexfactory-scraper:high_impact_events_calendar.csv
2024-06-06T12:45:00,EH-20240606T1245-EUR-ECB-Press-Conference,ECB Press Conference,EU,EUR,HIGH,,,,,ehsanrs2/forexfactory-scraper:high_impact_events_calendar.csv
2024-06-07T12:30:00,EH-20240607T1230-USD-Average-Hourly-Earnings-m-m,Average Hourly Earnings m/m,US,USD,HIGH,0.4,0.3,0.2,,ehsanrs2/forexfactory-scraper:high_impact_events_calendar.csv
2024-06-07T12:30:00,EH-20240607T1230-CAD-Employment-Change,Employment Change,CA,CAD,HIGH,26700.0,24800.0,90400.0,,ehsanrs2/forexfactory-scraper:high_impact_events_calendar.csv
2024-06-07T12:30:00,EH-20240607T1230-CAD-Unemployment-Rate,Unemployment Rate,CA,CAD,HIGH,6.2,6.2,6.1,,ehsanrs2/forexfactory-scraper:high_impact_events_calendar.csv
2024-06-07T12:30:00,EH-20240607T1230-USD-Non-Farm-Employment-Change,Non-Farm Employment Change,US,USD,HIGH,272000.0,182000.0,165000.0,,ehsanrs2/forexfactory-scraper:high_impact_events_calendar.csv
2024-06-07T12:30:00,EH-20240607T1230-USD-Unemployment-Rate,Unemployment Rate,US,USD,HIGH,4.0,3.9,3.9,,ehsanrs2/forexfactory-scraper:high_impact_events_calendar.csv
2024-06-09T22:59:59,EH-20240609T2259-EUR-European-Parliamentary-Elections,European Parliamentary Elections,EU,EUR,HIGH,,,,,ehsanrs2/forexfactory-scraper:high_impact_events_calendar.csv
2024-06-11T06:00:00,EH-20240611T0600-GBP-Claimant-Count-Change,Claimant Count Change,GB,GBP,HIGH,50400.0,10200.0,8400.0,,ehsanrs2/forexfactory-scraper:high_impact_events_calendar.csv
2024-06-12T06:00:00,EH-20240612T0600-GBP-GDP-m-m,GDP m/m,GB,GBP,HIGH,0.0,0.0,0.4,,ehsanrs2/forexfactory-scraper:high_impact_events_calendar.csv
2024-06-12T12:30:00,EH-20240612T1230-USD-CPI-m-m,CPI m/m,US,USD,HIGH,0.0,0.1,0.3,,ehsanrs2/forexfactory-scraper:high_impact_events_calendar.csv
2024-06-12T12:30:00,EH-20240612T1230-USD-CPI-y-y,CPI y/y,US,USD,HIGH,3.3,3.4,3.4,,ehsanrs2/forexfactory-scraper:high_impact_events_calendar.csv
2024-06-12T12:30:00,EH-20240612T1230-USD-Core-CPI-m-m,Core CPI m/m,US,USD,HIGH,0.2,0.3,0.3,,ehsanrs2/forexfactory-scraper:high_impact_events_calendar.csv
2024-06-12T18:00:00,EH-20240612T1800-USD-FOMC-Statement,FOMC Statement,US,USD,HIGH,,,,,ehsanrs2/forexfactory-scraper:high_impact_events_calendar.csv
2024-06-12T18:00:00,EH-20240612T1800-USD-FOMC-Economic-Projections,FOMC Economic Projections,US,USD,HIGH,,,,,ehsanrs2/forexfactory-scraper:high_impact_events_calendar.csv
2024-06-12T18:00:00,EH-20240612T1800-USD-Federal-Funds-Rate,Federal Funds Rate,US,USD,HIGH,5.5,5.5,5.5,,ehsanrs2/forexfactory-scraper:high_impact_events_calendar.csv
2024-06-12T18:30:00,EH-20240612T1830-USD-FOMC-Press-Conference,FOMC Press Conference,US,USD,HIGH,,,,,ehsanrs2/forexfactory-scraper:high_impact_events_calendar.csv
2024-06-12T19:15:00,EH-20240612T1915-CAD-BOC-Gov-Macklem-Speaks,BOC Gov Macklem Speaks,CA,CAD,HIGH,,,,,ehsanrs2/forexfactory-scraper:high_impact_events_calendar.csv
2024-06-13T01:30:00,EH-20240613T0130-AUD-Employment-Change,Employment Change,AU,AUD,HIGH,39700.0,30500.0,37400.0,,ehsanrs2/forexfactory-scraper:high_impact_events_calendar.csv
2024-06-13T01:30:00,EH-20240613T0130-AUD-Unemployment-Rate,Unemployment Rate,AU,AUD,HIGH,4.0,4.0,4.1,,ehsanrs2/forexfactory-scraper:high_impact_events_calendar.csv
2024-06-13T12:30:00,EH-20240613T1230-USD-Core-PPI-m-m,Core PPI m/m,US,USD,HIGH,0.0,0.3,0.5,,ehsanrs2/forexfactory-scraper:high_impact_events_calendar.csv
2024-06-13T12:30:00,EH-20240613T1230-USD-PPI-m-m,PPI m/m,US,USD,HIGH,-0.2,0.1,0.5,,ehsanrs2/forexfactory-scraper:high_impact_events_calendar.csv
2024-06-13T12:30:00,EH-20240613T1230-USD-Unemployment-Claims,Unemployment Claims,US,USD,HIGH,242000.0,225000.0,229000.0,,ehsanrs2/forexfactory-scraper:high_impact_events_calendar.csv
2024-06-13T17:00:00,EH-20240613T1700-CAD-BOC-Gov-Macklem-Speaks,BOC Gov Macklem Speaks,CA,CAD,HIGH,,,,,ehsanrs2/forexfactory-scraper:high_impact_events_calendar.csv
2024-06-14T03:23:00,EH-20240614T0323-JPY-BOJ-Policy-Rate,BOJ Policy Rate,JP,JPY,HIGH,,,,,ehsanrs2/forexfactory-scraper:high_impact_events_calendar.csv
2024-06-14T03:23:00,EH-20240614T0323-JPY-Monetary-Policy-Statement,Monetary Policy Statement,JP,JPY,HIGH,,,,,ehsanrs2/forexfactory-scraper:high_impact_events_calendar.csv
2024-06-14T06:30:00,EH-20240614T0630-JPY-BOJ-Press-Conference,BOJ Press Conference,JP,JPY,HIGH,,,,,ehsanrs2/forexfactory-scraper:high_impact_events_calendar.csv
2024-06-14T14:00:00,EH-20240614T1400-USD-Prelim-UoM-Consumer-Sentiment,Prelim UoM Consumer Sentiment,US,USD,HIGH,65.6,72.1,69.1,,ehsanrs2/forexfactory-scraper:high_impact_events_calendar.csv
2024-06-17T12:30:00,EH-20240617T1230-USD-Empire-State-Manufacturing-Index,Empire State Manufacturing Index,US,USD,HIGH,-6.0,-12.5,-15.6,,ehsanrs2/forexfactory-scraper:high_impact_events_calendar.csv
2024-06-18T04:30:00,EH-20240618T0430-AUD-Cash-Rate,Cash Rate,AU,AUD,HIGH,4.35,4.35,4.35,,ehsanrs2/forexfactory-scraper:high_impact_events_calendar.csv
2024-06-18T04:30:00,EH-20240618T0430-AUD-RBA-Rate-Statement,RBA Rate Statement,AU,AUD,HIGH,,,,,ehsanrs2/forexfactory-scraper:high_impact_events_calendar.csv
2024-06-18T12:30:00,EH-20240618T1230-USD-Retail-Sales-m-m,Retail Sales m/m,US,USD,HIGH,0.1,0.3,-0.2,,ehsanrs2/forexfactory-scraper:high_impact_events_calendar.csv
2024-06-18T12:30:00,EH-20240618T1230-USD-Core-Retail-Sales-m-m,Core Retail Sales m/m,US,USD,HIGH,-0.1,0.2,-0.1,,ehsanrs2/forexfactory-scraper:high_impact_events_calendar.csv
2024-06-19T06:00:00,EH-20240619T0600-GBP-CPI-y-y,CPI y/y,GB,GBP,HIGH,2.0,2.0,2.3,,ehsanrs2/forexfactory-scraper:high_impact_events_calendar.csv
2024-06-19T22:45:00,EH-20240619T2245-NZD-GDP-q-q,GDP q/q,NZ,NZD,HIGH,0.2,0.1,-0.1,,ehsanrs2/forexfactory-scraper:high_impact_events_calendar.csv
2024-06-20T07:30:00,EH-20240620T0730-CHF-SNB-Monetary-Policy-Assessment,SNB Monetary Policy Assessment,CH,CHF,HIGH,,,,,ehsanrs2/forexfactory-scraper:high_impact_events_calendar.csv
2024-06-20T07:30:00,EH-20240620T0730-CHF-SNB-Policy-Rate,SNB Policy Rate,CH,CHF,HIGH,1.25,1.5,1.5,,ehsanrs2/forexfactory-scraper:high_impact_events_calendar.csv
2024-06-20T08:00:00,EH-20240620T0800-CHF-SNB-Press-Conference,SNB Press Conference,CH,CHF,HIGH,,,,,ehsanrs2/forexfactory-scraper:high_impact_events_calendar.csv
2024-06-20T11:00:00,EH-20240620T1100-GBP-Monetary-Policy-Summary,Monetary Policy Summary,GB,GBP,HIGH,,,,,ehsanrs2/forexfactory-scraper:high_impact_events_calendar.csv
2024-06-20T11:00:00,EH-20240620T1100-GBP-MPC-Official-Bank-Rate-Votes,MPC Official Bank Rate Votes,GB,GBP,HIGH,0.0,0.0,0.0,,ehsanrs2/forexfactory-scraper:high_impact_events_calendar.csv
2024-06-20T11:00:00,EH-20240620T1100-GBP-Official-Bank-Rate,Official Bank Rate,GB,GBP,HIGH,5.25,5.25,5.25,,ehsanrs2/forexfactory-scraper:high_impact_events_calendar.csv
2024-06-20T12:30:00,EH-20240620T1230-USD-Unemployment-Claims,Unemployment Claims,US,USD,HIGH,238000.0,235000.0,243000.0,,ehsanrs2/forexfactory-scraper:high_impact_events_calendar.csv
2024-06-20T20:00:00,EH-20240620T2000-USD-Treasury-Currency-Report,Treasury Currency Report,US,USD,HIGH,,,,,ehsanrs2/forexfactory-scraper:high_impact_events_calendar.csv
2024-06-21T06:00:00,EH-20240621T0600-GBP-Retail-Sales-m-m,Retail Sales m/m,GB,GBP,HIGH,2.9,1.6,-1.8,,ehsanrs2/forexfactory-scraper:high_impact_events_calendar.csv
2024-06-21T07:15:00,EH-20240621T0715-EUR-French-Flash-Manufacturing-PMI,French Flash Manufacturing PMI,EU,EUR,HIGH,45.3,46.8,46.4,,ehsanrs2/forexfactory-scraper:high_impact_events_calendar.csv
2024-06-21T07:15:00,EH-20240621T0715-EUR-French-Flash-Services-PMI,French Flash Services PMI,EU,EUR,HIGH,48.8,50.0,49.3,,ehsanrs2/forexfactory-scraper:high_impact_events_calendar.csv
2024-06-21T07:30:00,EH-20240621T0730-EUR-German-Flash-Manufacturing-PMI,German Flash Manufacturing PMI,EU,EUR,HIGH,43.4,46.4,45.4,,ehsanrs2/forexfactory-scraper:high_impact_events_calendar.csv
2024-06-21T07:30:00,EH-20240621T0730-EUR-German-Flash-Services-PMI,German Flash Services PMI,EU,EUR,HIGH,53.5,54.4,54.2,,ehsanrs2/forexfactory-scraper:high_impact_events_calendar.csv
2024-06-21T08:30:00,EH-20240621T0830-GBP-Flash-Services-PMI,Flash Services PMI,GB,GBP,HIGH,51.2,53.0,52.9,,ehsanrs2/forexfactory-scraper:high_impact_events_calendar.csv
2024-06-21T08:30:00,EH-20240621T0830-GBP-Flash-Manufacturing-PMI,Flash Manufacturing PMI,GB,GBP,HIGH,51.4,51.3,51.2,,ehsanrs2/forexfactory-scraper:high_impact_events_calendar.csv
2024-06-21T13:45:00,EH-20240621T1345-USD-Flash-Services-PMI,Flash Services PMI,US,USD,HIGH,55.1,53.4,54.8,,ehsanrs2/forexfactory-scraper:high_impact_events_calendar.csv
2024-06-21T13:45:00,EH-20240621T1345-USD-Flash-Manufacturing-PMI,Flash Manufacturing PMI,US,USD,HIGH,51.7,51.0,51.3,,ehsanrs2/forexfactory-scraper:high_impact_events_calendar.csv
2024-06-24T17:30:00,EH-20240624T1730-CAD-BOC-Gov-Macklem-Speaks,BOC Gov Macklem Speaks,CA,CAD,HIGH,,,,,ehsanrs2/forexfactory-scraper:high_impact_events_calendar.csv
2024-06-25T12:30:00,EH-20240625T1230-CAD-CPI-m-m,CPI m/m,CA,CAD,HIGH,0.6,0.3,0.5,,ehsanrs2/forexfactory-scraper:high_impact_events_calendar.csv
2024-06-25T12:30:00,EH-20240625T1230-CAD-Median-CPI-y-y,Median CPI y/y,CA,CAD,HIGH,2.8,2.6,2.6,,ehsanrs2/forexfactory-scraper:high_impact_events_calendar.csv
2024-06-25T12:30:00,EH-20240625T1230-CAD-Trimmed-CPI-y-y,Trimmed CPI y/y,CA,CAD,HIGH,2.9,2.8,2.8,,ehsanrs2/forexfactory-scraper:high_impact_events_calendar.csv
2024-06-25T14:00:00,EH-20240625T1400-USD-CB-Consumer-Confidence,CB Consumer Confidence,US,USD,HIGH,100.4,100.0,101.3,,ehsanrs2/forexfactory-scraper:high_impact_events_calendar.csv
2024-06-26T01:30:00,EH-20240626T0130-AUD-CPI-y-y,CPI y/y,AU,AUD,HIGH,4.0,3.8,3.6,,ehsanrs2/forexfactory-scraper:high_impact_events_calendar.csv
2024-06-26T14:00:00,EH-20240626T1400-USD-New-Home-Sales,New Home Sales,US,USD,HIGH,619000.0,636000.0,698000.0,,ehsanrs2/forexfactory-scraper:high_impact_events_calendar.csv
2024-06-27T09:30:00,EH-20240627T0930-GBP-BOE-Gov-Bailey-Speaks,BOE Gov Bailey Speaks,GB,GBP,HIGH,,,,,ehsanrs2/forexfactory-scraper:high_impact_events_calendar.csv
2024-06-27T12:30:00,EH-20240627T1230-USD-Final-GDP-q-q,Final GDP q/q,US,USD,HIGH,1.4,1.4,1.3,,ehsanrs2/forexfactory-scraper:high_impact_events_calendar.csv
2024-06-27T12:30:00,EH-20240627T1230-USD-Unemployment-Claims,Unemployment Claims,US,USD,HIGH,233000.0,236000.0,239000.0,,ehsanrs2/forexfactory-scraper:high_impact_events_calendar.csv
2024-06-27T14:00:00,EH-20240627T1400-USD-Pending-Home-Sales-m-m,Pending Home Sales m/m,US,USD,HIGH,-2.1,0.6,-7.7,,ehsanrs2/forexfactory-scraper:high_impact_events_calendar.csv
2024-06-28T12:30:00,EH-20240628T1230-CAD-GDP-m-m,GDP m/m,CA,CAD,HIGH,0.3,0.3,0.0,,ehsanrs2/forexfactory-scraper:high_impact_events_calendar.csv
2024-06-28T12:30:00,EH-20240628T1230-USD-Core-PCE-Price-Index-m-m,Core PCE Price Index m/m,US,USD,HIGH,0.1,0.1,0.3,,ehsanrs2/forexfactory-scraper:high_impact_events_calendar.csv
2024-06-30T01:30:00,EH-20240630T0130-CNY-Manufacturing-PMI,Manufacturing PMI,CN,CNY,HIGH,49.5,49.5,49.5,,ehsanrs2/forexfactory-scraper:high_impact_events_calendar.csv
2024-06-30T22:59:59,EH-20240630T2259-EUR-French-Parliamentary-Elections,French Parliamentary Elections,EU,EUR,HIGH,,,,,ehsanrs2/forexfactory-scraper:high_impact_events_calendar.csv
2024-07-01T14:00:00,EH-20240701T1400-USD-ISM-Manufacturing-PMI,ISM Manufacturing PMI,US,USD,HIGH,48.5,49.2,48.7,,ehsanrs2/forexfactory-scraper:high_impact_events_calendar.csv
2024-07-01T22:59:59,EH-20240701T2259-EUR-German-Prelim-CPI-m-m,German Prelim CPI m/m,EU,EUR,HIGH,0.1,0.2,0.1,,ehsanrs2/forexfactory-scraper:high_impact_events_calendar.csv
2024-07-02T09:00:00,EH-20240702T0900-EUR-Core-CPI-Flash-Estimate-y-y,Core CPI Flash Estimate y/y,EU,EUR,HIGH,2.9,2.8,2.9,,ehsanrs2/forexfactory-scraper:high_impact_events_calendar.csv
2024-07-02T09:00:00,EH-20240702T0900-EUR-CPI-Flash-Estimate-y-y,CPI Flash Estimate y/y,EU,EUR,HIGH,2.5,2.5,2.6,,ehsanrs2/forexfactory-scraper:high_impact_events_calendar.csv
2024-07-02T13:30:00,EH-20240702T1330-USD-Fed-Chair-Powell-Speaks,Fed Chair Powell Speaks,US,USD,HIGH,,,,,ehsanrs2/forexfactory-scraper:high_impact_events_calendar.csv
2024-07-02T14:00:00,EH-20240702T1400-USD-JOLTS-Job-Openings,JOLTS Job Openings,US,USD,HIGH,8140000.000000001,7960000.0,7920000.0,,ehsanrs2/forexfactory-scraper:high_impact_events_calendar.csv
2024-07-03T12:15:00,EH-20240703T1215-USD-ADP-Non-Farm-Employment-Change,ADP Non-Farm Employment Change,US,USD,HIGH,150000.0,163000.0,157000.0,,ehsanrs2/forexfactory-scraper:high_impact_events_calendar.csv
2024-07-03T12:30:00,EH-20240703T1230-USD-Unemployment-Claims,Unemployment Claims,US,USD,HIGH,238000.0,234000.0,234000.0,,ehsanrs2/forexfactory-scraper:high_impact_events_calendar.csv
2024-07-03T14:00:00,EH-20240703T1400-USD-ISM-Services-PMI,ISM Services PMI,US,USD,HIGH,48.8,52.6,53.8,,ehsanrs2/forexfactory-scraper:high_impact_events_calendar.csv
2024-07-03T18:00:00,EH-20240703T1800-USD-FOMC-Meeting-Minutes,FOMC Meeting Minutes,US,USD,HIGH,,,,,ehsanrs2/forexfactory-scraper:high_impact_events_calendar.csv
2024-07-04T06:30:00,EH-20240704T0630-CHF-CPI-m-m,CPI m/m,CH,CHF,HIGH,0.0,0.1,0.3,,ehsanrs2/forexfactory-scraper:high_impact_events_calendar.csv
2024-07-04T22:59:59,EH-20240704T2259-GBP-Parliamentary-Elections,Parliamentary Elections,GB,GBP,HIGH,,,,,ehsanrs2/forexfactory-scraper:high_impact_events_calendar.csv
2024-07-05T12:30:00,EH-20240705T1230-CAD-Employment-Change,Employment Change,CA,CAD,HIGH,-1400.0,27300.0,26700.0,,ehsanrs2/forexfactory-scraper:high_impact_events_calendar.csv
2024-07-05T12:30:00,EH-20240705T1230-CAD-Unemployment-Rate,Unemployment Rate,CA,CAD,HIGH,6.4,6.3,6.2,,ehsanrs2/forexfactory-scraper:high_impact_events_calendar.csv
2024-07-05T12:30:00,EH-20240705T1230-USD-Average-Hourly-Earnings-m-m,Average Hourly Earnings m/m,US,USD,HIGH,0.3,0.3,0.4,,ehsanrs2/forexfactory-scraper:high_impact_events_calendar.csv
2024-07-05T12:30:00,EH-20240705T1230-USD-Non-Farm-Employment-Change,Non-Farm Employment Change,US,USD,HIGH,206000.0,191000.0,218000.0,,ehsanrs2/forexfactory-scraper:high_impact_events_calendar.csv
2024-07-05T12:30:00,EH-20240705T1230-USD-Unemployment-Rate,Unemployment Rate,US,USD,HIGH,4.1,4.0,4.0,,ehsanrs2/forexfactory-scraper:high_impact_events_calendar.csv
2024-07-07T22:59:59,EH-20240707T2259-EUR-French-Parliamentary-Elections,French Parliamentary Elections,EU,EUR,HIGH,,,,,ehsanrs2/forexfactory-scraper:high_impact_events_calendar.csv
2024-07-09T14:00:00,EH-20240709T1400-USD-Fed-Chair-Powell-Testifies,Fed Chair Powell Testifies,US,USD,HIGH,,,,,ehsanrs2/forexfactory-scraper:high_impact_events_calendar.csv
2024-07-10T02:00:00,EH-20240710T0200-NZD-RBNZ-Rate-Statement,RBNZ Rate Statement,NZ,NZD,HIGH,,,,,ehsanrs2/forexfactory-scraper:high_impact_events_calendar.csv
2024-07-10T02:00:00,EH-20240710T0200-NZD-Official-Cash-Rate,Official Cash Rate,NZ,NZD,HIGH,5.5,5.5,5.5,,ehsanrs2/forexfactory-scraper:high_impact_events_calendar.csv
2024-07-10T14:00:00,EH-20240710T1400-USD-Fed-Chair-Powell-Testifies,Fed Chair Powell Testifies,US,USD,HIGH,,,,,ehsanrs2/forexfactory-scraper:high_impact_events_calendar.csv
2024-07-11T06:00:00,EH-20240711T0600-GBP-GDP-m-m,GDP m/m,GB,GBP,HIGH,0.4,0.2,0.0,,ehsanrs2/forexfactory-scraper:high_impact_events_calendar.csv
2024-07-11T12:30:00,EH-20240711T1230-USD-Core-CPI-m-m,Core CPI m/m,US,USD,HIGH,0.1,0.2,0.2,,ehsanrs2/forexfactory-scraper:high_impact_events_calendar.csv
2024-07-11T12:30:00,EH-20240711T1230-USD-CPI-m-m,CPI m/m,US,USD,HIGH,-0.1,0.1,0.0,,ehsanrs2/forexfactory-scraper:high_impact_events_calendar.csv
2024-07-11T12:30:00,EH-20240711T1230-USD-CPI-y-y,CPI y/y,US,USD,HIGH,3.0,3.1,3.3,,ehsanrs2/forexfactory-scraper:high_impact_events_calendar.csv
2024-07-11T12:30:00,EH-20240711T1230-USD-Unemployment-Claims,Unemployment Claims,US,USD,HIGH,222000.0,236000.0,239000.0,,ehsanrs2/forexfactory-scraper:high_impact_events_calendar.csv
2024-07-12T12:30:00,EH-20240712T1230-USD-PPI-m-m,PPI m/m,US,USD,HIGH,0.2,0.1,0.0,,ehsanrs2/forexfactory-scraper:high_impact_events_calendar.csv
2024-07-12T12:30:00,EH-20240712T1230-USD-Core-PPI-m-m,Core PPI m/m,US,USD,HIGH,0.4,0.2,0.3,,ehsanrs2/forexfactory-scraper:high_impact_events_calendar.csv
2024-07-12T14:00:00,EH-20240712T1400-USD-Prelim-UoM-Consumer-Sentiment,Prelim UoM Consumer Sentiment,US,USD,HIGH,66.0,68.5,68.2,,ehsanrs2/forexfactory-scraper:high_impact_events_calendar.csv
2024-07-15T12:30:00,EH-20240715T1230-USD-Empire-State-Manufacturing-Index,Empire State Manufacturing Index,US,USD,HIGH,-6.6,-5.5,-6.0,,ehsanrs2/forexfactory-scraper:high_impact_events_calendar.csv
2024-07-15T16:30:00,EH-20240715T1630-USD-Fed-Chair-Powell-Speaks,Fed Chair Powell Speaks,US,USD,HIGH,,,,,ehsanrs2/forexfactory-scraper:high_impact_events_calendar.csv
2024-07-16T12:30:00,EH-20240716T1230-USD-Retail-Sales-m-m,Retail Sales m/m,US,USD,HIGH,0.0,-0.3,0.3,,ehsanrs2/forexfactory-scraper:high_impact_events_calendar.csv
2024-07-16T12:30:00,EH-20240716T1230-CAD-CPI-m-m,CPI m/m,CA,CAD,HIGH,-0.1,0.1,0.6,,ehsanrs2/forexfactory-scraper:high_impact_events_calendar.csv
2024-07-16T12:30:00,EH-20240716T1230-CAD-Median-CPI-y-y,Median CPI y/y,CA,CAD,HIGH,2.6,2.7,2.7,,ehsanrs2/forexfactory-scraper:high_impact_events_calendar.csv
2024-07-16T12:30:00,EH-20240716T1230-CAD-Trimmed-CPI-y-y,Trimmed CPI y/y,CA,CAD,HIGH,2.9,2.8,2.9,,ehsanrs2/forexfactory-scraper:high_impact_events_calendar.csv
2024-07-16T12:30:00,EH-20240716T1230-USD-Core-Retail-Sales-m-m,Core Retail Sales m/m,US,USD,HIGH,0.4,0.1,0.1,,ehsanrs2/forexfactory-scraper:high_impact_events_calendar.csv
2024-07-16T22:45:00,EH-20240716T2245-NZD-CPI-q-q,CPI q/q,NZ,NZD,HIGH,0.4,0.5,0.6,,ehsanrs2/forexfactory-scraper:high_impact_events_calendar.csv
2024-07-17T06:00:00,EH-20240717T0600-GBP-CPI-y-y,CPI y/y,GB,GBP,HIGH,2.0,1.9,2.0,,ehsanrs2/forexfactory-scraper:high_impact_events_calendar.csv
2024-07-18T01:30:00,EH-20240718T0130-AUD-Employment-Change,Employment Change,AU,AUD,HIGH,50200.0,19900.0,39500.0,,ehsanrs2/forexfactory-scraper:high_impact_events_calendar.csv
2024-07-18T01:30:00,EH-20240718T0130-AUD-Unemployment-Rate,Unemployment Rate,AU,AUD,HIGH,4.1,4.1,4.0,,ehsanrs2/forexfactory-scraper:high_impact_events_calendar.csv
2024-07-18T06:00:00,EH-20240718T0600-GBP-Claimant-Count-Change,Claimant Count Change,GB,GBP,HIGH,32299.999999999996,23400.0,51900.0,,ehsanrs2/forexfactory-scraper:high_impact_events_calendar.csv
2024-07-18T12:15:00,EH-20240718T1215-EUR-Main-Refinancing-Rate,Main Refinancing Rate,EU,EUR,HIGH,4.25,4.25,4.25,,ehsanrs2/forexfactory-scraper:high_impact_events_calendar.csv
2024-07-18T12:15:00,EH-20240718T1215-EUR-Monetary-Policy-Statement,Monetary Policy Statement,EU,EUR,HIGH,,,,,ehsanrs2/forexfactory-scraper:high_impact_events_calendar.csv
2024-07-18T12:30:00,EH-20240718T1230-USD-Unemployment-Claims,Unemployment Claims,US,USD,HIGH,243000.0,229000.0,223000.0,,ehsanrs2/forexfactory-scraper:high_impact_events_calendar.csv
2024-07-18T12:45:00,EH-20240718T1245-EUR-ECB-Press-Conference,ECB Press Conference,EU,EUR,HIGH,,,,,ehsanrs2/forexfactory-scraper:high_impact_events_calendar.csv
2024-07-19T06:00:00,EH-20240719T0600-GBP-Retail-Sales-m-m,Retail Sales m/m,GB,GBP,HIGH,-1.2,-0.6,2.9,,ehsanrs2/forexfactory-scraper:high_impact_events_calendar.csv
2024-07-19T12:30:00,EH-20240719T1230-CAD-Core-Retail-Sales-m-m,Core Retail Sales m/m,CA,CAD,HIGH,-1.3,-0.5,1.7,,ehsanrs2/forexfactory-scraper:high_impact_events_calendar.csv
2024-07-19T12:30:00,EH-20240719T1230-CAD-Retail-Sales-m-m,Retail Sales m/m,CA,CAD,HIGH,-0.8,-0.5,0.6,,ehsanrs2/forexfactory-scraper:high_impact_events_calendar.csv
2024-07-24T07:15:00,EH-20240724T0715-EUR-French-Flash-Manufacturing-PMI,French Flash Manufacturing PMI,EU,EUR,HIGH,44.1,45.8,45.4,,ehsanrs2/forexfactory-scraper:high_impact_events_calendar.csv
2024-07-24T07:15:00,EH-20240724T0715-EUR-French-Flash-Services-PMI,French Flash Services PMI,EU,EUR,HIGH,50.7,49.7,49.6,,ehsanrs2/forexfactory-scraper:high_impact_events_calendar.csv
2024-07-24T07:30:00,EH-20240724T0730-EUR-German-Flash-Manufacturing-PMI,German Flash Manufacturing PMI,EU,EUR,HIGH,42.6,44.1,43.5,,ehsanrs2/forexfactory-scraper:high_impact_events_calendar.csv
2024-07-24T07:30:00,EH-20240724T0730-EUR-German-Flash-Services-PMI,German Flash Services PMI,EU,EUR,HIGH,52.0,53.2,53.1,,ehsanrs2/forexfactory-scraper:high_impact_events_calendar.csv
2024-07-24T08:30:00,EH-20240724T0830-GBP-Flash-Manufacturing-PMI,Flash Manufacturing PMI,GB,GBP,HIGH,51.8,51.1,50.9,,ehsanrs2/forexfactory-scraper:high_impact_events_calendar.csv
2024-07-24T08:30:00,EH-20240724T0830-GBP-Flash-Services-PMI,Flash Services PMI,GB,GBP,HIGH,52.4,52.5,52.1,,ehsanrs2/forexfactory-scraper:high_impact_events_calendar.csv
2024-07-24T13:45:00,EH-20240724T1345-USD-Flash-Services-PMI,Flash Services PMI,US,USD,HIGH,56.0,54.7,55.3,,ehsanrs2/forexfactory-scraper:high_impact_events_calendar.csv
2024-07-24T13:45:00,EH-20240724T1345-USD-Flash-Manufacturing-PMI,Flash Manufacturing PMI,US,USD,HIGH,49.5,51.7,51.6,,ehsanrs2/forexfactory-scraper:high_impact_events_calendar.csv
2024-07-24T13:45:00,EH-20240724T1345-CAD-Overnight-Rate,Overnight Rate,CA,CAD,HIGH,4.5,4.5,4.75,,ehsanrs2/forexfactory-scraper:high_impact_events_calendar.csv
2024-07-24T13:45:00,EH-20240724T1345-CAD-BOC-Rate-Statement,BOC Rate Statement,CA,CAD,HIGH,,,,,ehsanrs2/forexfactory-scraper:high_impact_events_calendar.csv
2024-07-24T13:45:00,EH-20240724T1345-CAD-BOC-Monetary-Policy-Report,BOC Monetary Policy Report,CA,CAD,HIGH,,,,,ehsanrs2/forexfactory-scraper:high_impact_events_calendar.csv
2024-07-24T14:30:00,EH-20240724T1430-CAD-BOC-Press-Conference,BOC Press Conference,CA,CAD,HIGH,,,,,ehsanrs2/forexfactory-scraper:high_impact_events_calendar.csv
2024-07-25T12:30:00,EH-20240725T1230-USD-Advance-GDP-q-q,Advance GDP q/q,US,USD,HIGH,2.8,2.0,1.4,,ehsanrs2/forexfactory-scraper:high_impact_events_calendar.csv
2024-07-25T12:30:00,EH-20240725T1230-USD-Unemployment-Claims,Unemployment Claims,US,USD,HIGH,235000.0,237000.0,245000.0,,ehsanrs2/forexfactory-scraper:high_impact_events_calendar.csv
2024-07-26T12:30:00,EH-20240726T1230-USD-Core-PCE-Price-Index-m-m,Core PCE Price Index m/m,US,USD,HIGH,0.2,0.2,0.1,,ehsanrs2/forexfactory-scraper:high_impact_events_calendar.csv
2024-07-30T14:00:00,EH-20240730T1400-USD-CB-Consumer-Confidence,CB Consumer Confidence,US,USD,HIGH,100.3,99.7,97.8,,ehsanrs2/forexfactory-scraper:high_impact_events_calendar.csv
2024-07-30T14:00:00,EH-20240730T1400-USD-JOLTS-Job-Openings,JOLTS Job Openings,US,USD,HIGH,8180000.0,8020000.0,8230000.0,,ehsanrs2/forexfactory-scraper:high_impact_events_calendar.csv
2024-07-30T22:59:59,EH-20240730T2259-EUR-German-Prelim-CPI-m-m,German Prelim CPI m/m,EU,EUR,HIGH,0.3,0.3,0.1,,ehsanrs2/forexfactory-scraper:high_impact_events_calendar.csv
2024-07-31T01:30:00,EH-20240731T0130-AUD-CPI-m-m,CPI m/m,AU,AUD,HIGH,1.0,1.0,1.0,,ehsanrs2/forexfactory-scraper:high_impact_events_calendar.csv
2024-07-31T01:30:00,EH-20240731T0130-AUD-CPI-y-y,CPI y/y,AU,AUD,HIGH,3.8,3.8,4.0,,ehsanrs2/forexfactory-scraper:high_impact_events_calendar.csv
2024-07-31T01:30:00,EH-20240731T0130-AUD-Trimmed-Mean-CPI-m-m,Trimmed Mean CPI m/m,AU,AUD,HIGH,0.8,1.0,1.0,,ehsanrs2/forexfactory-scraper:high_impact_events_calendar.csv
2024-07-31T01:30:00,EH-20240731T0130-CNY-Manufacturing-PMI,Manufacturing PMI,CN,CNY,HIGH,49.4,49.4,49.5,,ehsanrs2/forexfactory-scraper:high_impact_events_calendar.csv
2024-07-31T03:57:00,EH-20240731T0357-JPY-BOJ-Outlook-Report,BOJ Outlook Report,JP,JPY,HIGH,,,,,ehsanrs2/forexfactory-scraper:high_impact_events_calendar.csv
2024-07-31T03:57:00,EH-20240731T0357-JPY-BOJ-Policy-Rate,BOJ Policy Rate,JP,JPY,HIGH,,,,,ehsanrs2/forexfactory-scraper:high_impact_events_calendar.csv
2024-07-31T03:57:00,EH-20240731T0357-JPY-Monetary-Policy-Statement,Monetary Policy Statement,JP,JPY,HIGH,,,,,ehsanrs2/forexfactory-scraper:high_impact_events_calendar.csv
2024-07-31T06:30:00,EH-20240731T0630-JPY-BOJ-Press-Conference,BOJ Press Conference,JP,JPY,HIGH,,,,,ehsanrs2/forexfactory-scraper:high_impact_events_calendar.csv
2024-07-31T09:00:00,EH-20240731T0900-EUR-CPI-Flash-Estimate-y-y,CPI Flash Estimate y/y,EU,EUR,HIGH,2.6,2.5,2.5,,ehsanrs2/forexfactory-scraper:high_impact_events_calendar.csv
2024-07-31T09:00:00,EH-20240731T0900-EUR-Core-CPI-Flash-Estimate-y-y,Core CPI Flash Estimate y/y,EU,EUR,HIGH,2.9,2.8,2.9,,ehsanrs2/forexfactory-scraper:high_impact_events_calendar.csv
2024-07-31T12:15:00,EH-20240731T1215-USD-ADP-Non-Farm-Employment-Change,ADP Non-Farm Employment Change,US,USD,HIGH,122000.0,147000.0,155000.0,,ehsanrs2/forexfactory-scraper:high_impact_events_calendar.csv
2024-07-31T12:30:00,EH-20240731T1230-CAD-GDP-m-m,GDP m/m,CA,CAD,HIGH,0.2,0.1,0.3,,ehsanrs2/forexfactory-scraper:high_impact_events_calendar.csv
2024-07-31T12:30:00,EH-20240731T1230-USD-Employment-Cost-Index-q-q,Employment Cost Index q/q,US,USD,HIGH,0.9,1.0,1.2,,ehsanrs2/forexfactory-scraper:high_impact_events_calendar.csv
2024-07-31T14:00:00,EH-20240731T1400-USD-Pending-Home-Sales-m-m,Pending Home Sales m/m,US,USD,HIGH,4.8,1.4,-1.9,,ehsanrs2/forexfactory-scraper:high_impact_events_calendar.csv
2024-07-31T18:00:00,EH-20240731T1800-USD-Federal-Funds-Rate,Federal Funds Rate,US,USD,HIGH,5.5,5.5,5.5,,ehsanrs2/forexfactory-scraper:high_impact_events_calendar.csv
2024-07-31T18:00:00,EH-20240731T1800-USD-FOMC-Statement,FOMC Statement,US,USD,HIGH,,,,,ehsanrs2/forexfactory-scraper:high_impact_events_calendar.csv
2024-07-31T18:30:00,EH-20240731T1830-USD-FOMC-Press-Conference,FOMC Press Conference,US,USD,HIGH,,,,,ehsanrs2/forexfactory-scraper:high_impact_events_calendar.csv
2024-08-01T11:00:00,EH-20240801T1100-GBP-BOE-Monetary-Policy-Report,BOE Monetary Policy Report,GB,GBP,HIGH,,,,,ehsanrs2/forexfactory-scraper:high_impact_events_calendar.csv
2024-08-01T11:00:00,EH-20240801T1100-GBP-Monetary-Policy-Summary,Monetary Policy Summary,GB,GBP,HIGH,,,,,ehsanrs2/forexfactory-scraper:high_impact_events_calendar.csv
2024-08-01T11:00:00,EH-20240801T1100-GBP-MPC-Official-Bank-Rate-Votes,MPC Official Bank Rate Votes,GB,GBP,HIGH,0.0,0.0,0.0,,ehsanrs2/forexfactory-scraper:high_impact_events_calendar.csv
2024-08-01T11:00:00,EH-20240801T1100-GBP-Official-Bank-Rate,Official Bank Rate,GB,GBP,HIGH,5.0,5.0,5.25,,ehsanrs2/forexfactory-scraper:high_impact_events_calendar.csv
2024-08-01T11:30:00,EH-20240801T1130-GBP-BOE-Gov-Bailey-Speaks,BOE Gov Bailey Speaks,GB,GBP,HIGH,,,,,ehsanrs2/forexfactory-scraper:high_impact_events_calendar.csv
2024-08-01T12:30:00,EH-20240801T1230-USD-Unemployment-Claims,Unemployment Claims,US,USD,HIGH,249000.0,236000.0,235000.0,,ehsanrs2/forexfactory-scraper:high_impact_events_calendar.csv
2024-08-01T14:00:00,EH-20240801T1400-USD-ISM-Manufacturing-PMI,ISM Manufacturing PMI,US,USD,HIGH,46.8,48.8,48.5,,ehsanrs2/forexfactory-scraper:high_impact_events_calendar.csv
2024-08-02T06:30:00,EH-20240802T0630-CHF-CPI-m-m,CPI m/m,CH,CHF,HIGH,-0.2,-0.2,0.0,,ehsanrs2/forexfactory-scraper:high_impact_events_calendar.csv
2024-08-02T12:30:00,EH-20240802T1230-USD-Non-Farm-Employment-Change,Non-Farm Employment Change,US,USD,HIGH,114000.0,176000.0,179000.0,,ehsanrs2/forexfactory-scraper:high_impact_events_calendar.csv
2024-08-02T12:30:00,EH-20240802T1230-USD-Unemployment-Rate,Unemployment Rate,US,USD,HIGH,4.3,4.1,4.1,,ehsanrs2/forexfactory-scraper:high_impact_events_calendar.csv
2024-08-02T12:30:00,EH-20240802T1230-USD-Average-Hourly-Earnings-m-m,Average Hourly Earnings m/m,US,USD,HIGH,0.2,0.3,0.3,,ehsanrs2/forexfactory-scraper:high_impact_events_calendar.csv
2024-08-05T14:00:00,EH-20240805T1400-USD-ISM-Services-PMI,ISM Services PMI,US,USD,HIGH,51.4,51.1,48.8,,ehsanrs2/forexfactory-scraper:high_impact_events_calendar.csv
2024-08-06T04:30:00,EH-20240806T0430-AUD-Cash-Rate,Cash Rate,AU,AUD,HIGH,4.35,4.35,4.35,,ehsanrs2/forexfactory-scraper:high_impact_events_calendar.csv
2024-08-06T04:30:00,EH-20240806T0430-AUD-RBA-Monetary-Policy-Statement,RBA Monetary Policy Statement,AU,AUD,HIGH,,,,,ehsanrs2/forexfactory-scraper:high_impact_events_calendar.csv
2024-08-06T04:30:00,EH-20240806T0430-AUD-RBA-Rate-Statement,RBA Rate Statement,AU,AUD,HIGH,,,,,ehsanrs2/forexfactory-scraper:high_impact_events_calendar.csv
2024-08-06T22:45:00,EH-20240806T2245-NZD-Employment-Change-q-q,Employment Change q/q,NZ,NZD,HIGH,0.4,-0.2,-0.3,,ehsanrs2/forexfactory-scraper:high_impact_events_calendar.csv
2024-08-06T22:45:00,EH-20240806T2245-NZD-Unemployment-Rate,Unemployment Rate,NZ,NZD,HIGH,4.6,4.7,4.4,,ehsanrs2/forexfactory-scraper:high_impact_events_calendar.csv
2024-08-08T02:40:00,EH-20240808T0240-AUD-RBA-Gov-Bullock-Speaks,RBA Gov Bullock Speaks,AU,AUD,HIGH,,,,,ehsanrs2/forexfactory-scraper:high_impact_events_calendar.csv
2024-08-08T03:00:00,EH-20240808T0300-NZD-Inflation-Expectations-q-q,Inflation Expectations q/q,NZ,NZD,HIGH,2.03,,2.33,,ehsanrs2/forexfactory-scraper:high_impact_events_calendar.csv
2024-08-08T12:30:00,EH-20240808T1230-USD-Unemployment-Claims,Unemployment Claims,US,USD,HIGH,233000.0,241000.0,250000.0,,ehsanrs2/forexfactory-scraper:high_impact_events_calendar.csv
2024-08-09T12:30:00,EH-20240809T1230-CAD-Employment-Change,Employment Change,CA,CAD,HIGH,-2800.0,26900.0,-1400.0,,ehsanrs2/forexfactory-scraper:high_impact_events_calendar.csv
2024-08-09T12:30:00,EH-20240809T1230-CAD-Unemployment-Rate,Unemployment Rate,CA,CAD,HIGH,6.4,6.5,6.4,,ehsanrs2/forexfactory-scraper:high_impact_events_calendar.csv
2024-08-13T01:30:00,EH-20240813T0130-AUD-Wage-Price-Index-q-q,Wage Price Index q/q,AU,AUD,HIGH,0.8,0.9,0.9,,ehsanrs2/forexfactory-scraper:high_impact_events_calendar.csv
2024-08-13T06:00:00,EH-20240813T0600-GBP-Claimant-Count-Change,Claimant Count Change,GB,GBP,HIGH,135000.0,14500.0,36200.0,,ehsanrs2/forexfactory-scraper:high_impact_events_calendar.csv
2024-08-13T12:30:00,EH-20240813T1230-USD-Core-PPI-m-m,Core PPI m/m,US,USD,HIGH,0.0,0.2,0.3,,ehsanrs2/forexfactory-scraper:high_impact_events_calendar.csv
2024-08-13T12:30:00,EH-20240813T1230-USD-PPI-m-m,PPI m/m,US,USD,HIGH,0.1,0.2,0.2,,ehsanrs2/forexfactory-scraper:high_impact_events_calendar.csv
2024-08-14T02:00:00,EH-20240814T0200-NZD-RBNZ-Rate-Statement,RBNZ Rate Statement,NZ,NZD,HIGH,,,,,ehsanrs2/forexfactory-scraper:high_impact_events_calendar.csv
2024-08-14T02:00:00,EH-20240814T0200-NZD-RBNZ-Monetary-Policy-Statement,RBNZ Monetary Policy Statement,NZ,NZD,HIGH,,,,,ehsanrs2/forexfactory-scraper:high_impact_events_calendar.csv
2024-08-14T02:00:00,EH-20240814T0200-NZD-Official-Cash-Rate,Official Cash Rate,NZ,NZD,HIGH,5.25,5.5,5.5,,ehsanrs2/forexfactory-scraper:high_impact_events_calendar.csv
2024-08-14T06:00:00,EH-20240814T0600-GBP-CPI-y-y,CPI y/y,GB,GBP,HIGH,2.2,2.3,2.0,,ehsanrs2/forexfactory-scraper:high_impact_events_calendar.csv
2024-08-14T12:30:00,EH-20240814T1230-USD-Core-CPI-m-m,Core CPI m/m,US,USD,HIGH,0.2,0.2,0.1,,ehsanrs2/forexfactory-scraper:high_impact_events_calendar.csv
2024-08-14T12:30:00,EH-20240814T1230-USD-CPI-m-m,CPI m/m,US,USD,HIGH,0.2,0.2,-0.1,,ehsanrs2/forexfactory-scraper:high_impact_events_calendar.csv
2024-08-14T12:30:00,EH-20240814T1230-USD-CPI-y-y,CPI y/y,US,USD,HIGH,2.9,3.0,3.0,,ehsanrs2/forexfactory-scraper:high_impact_events_calendar.csv
2024-08-15T01:30:00,EH-20240815T0130-AUD-Employment-Change,Employment Change,AU,AUD,HIGH,58200.0,20200.0,52300.0,,ehsanrs2/forexfactory-scraper:high_impact_events_calendar.csv
2024-08-15T01:30:00,EH-20240815T0130-AUD-Unemployment-Rate,Unemployment Rate,AU,AUD,HIGH,4.2,4.1,4.1,,ehsanrs2/forexfactory-scraper:high_impact_events_calendar.csv
2024-08-15T06:00:00,EH-20240815T0600-GBP-GDP-m-m,GDP m/m,GB,GBP,HIGH,0.0,0.0,0.4,,ehsanrs2/forexfactory-scraper:high_impact_events_calendar.csv
2024-08-15T12:30:00,EH-20240815T1230-USD-Unemployment-Claims,Unemployment Claims,US,USD,HIGH,227000.0,236000.0,234000.0,,ehsanrs2/forexfactory-scraper:high_impact_events_calendar.csv
2024-08-15T12:30:00,EH-20240815T1230-USD-Core-Retail-Sales-m-m,Core Retail Sales m/m,US,USD,HIGH,0.4,0.1,0.5,,ehsanrs2/forexfactory-scraper:high_impact_events_calendar.csv
2024-08-15T12:30:00,EH-20240815T1230-USD-Retail-Sales-m-m,Retail Sales m/m,US,USD,HIGH,1.0,0.4,-0.2,,ehsanrs2/forexfactory-scraper:high_impact_events_calendar.csv
2024-08-15T23:30:00,EH-20240815T2330-AUD-RBA-Gov-Bullock-Speaks,RBA Gov Bullock Speaks,AU,AUD,HIGH,,,,,ehsanrs2/forexfactory-scraper:high_impact_events_calendar.csv
2024-08-16T06:00:00,EH-20240816T0600-GBP-Retail-Sales-m-m,Retail Sales m/m,GB,GBP,HIGH,0.5,0.6,-0.9,,ehsanrs2/forexfactory-scraper:high_impact_events_calendar.csv
2024-08-20T12:30:00,EH-20240820T1230-CAD-Trimmed-CPI-y-y,Trimmed CPI y/y,CA,CAD,HIGH,2.7,2.8,2.8,,ehsanrs2/forexfactory-scraper:high_impact_events_calendar.csv
2024-08-20T12:30:00,EH-20240820T1230-CAD-CPI-m-m,CPI m/m,CA,CAD,HIGH,0.4,0.4,-0.1,,ehsanrs2/forexfactory-scraper:high_impact_events_calendar.csv
2024-08-20T12:30:00,EH-20240820T1230-CAD-Median-CPI-y-y,Median CPI y/y,CA,CAD,HIGH,2.4,2.5,2.6,,ehsanrs2/forexfactory-scraper:high_impact_events_calendar.csv
2024-08-21T14:00:00,EH-20240821T1400-USD-Prelim-Benchmark-Payrolls-Revision,Prelim Benchmark Payrolls Revision,US,USD,HIGH,-818000.0,,-306000.0,,ehsanrs2/forexfactory-scraper:high_impact_events_calendar.csv
2024-08-21T18:00:00,EH-20240821T1800-USD-FOMC-Meeting-Minutes,FOMC Meeting Minutes,US,USD,HIGH,,,,,ehsanrs2/forexfactory-scraper:high_impact_events_calendar.csv
2024-08-22T07:15:00,EH-20240822T0715-EUR-French-Flash-Services-PMI,French Flash Services PMI,EU,EUR,HIGH,55.0,50.2,50.1,,ehsanrs2/forexfactory-scraper:high_impact_events_calendar.csv
2024-08-22T07:15:00,EH-20240822T0715-EUR-French-Flash-Manufacturing-PMI,French Flash Manufacturing PMI,EU,EUR,HIGH,42.1,44.4,44.0,,ehsanrs2/forexfactory-scraper:high_impact_events_calendar.csv
2024-08-22T07:30:00,EH-20240822T0730-EUR-German-Flash-Manufacturing-PMI,German Flash Manufacturing PMI,EU,EUR,HIGH,42.1,43.4,43.2,,ehsanrs2/forexfactory-scraper:high_impact_events_calendar.csv
2024-08-22T07:30:00,EH-20240822T0730-EUR-German-Flash-Services-PMI,German Flash Services PMI,EU,EUR,HIGH,51.4,52.3,52.5,,ehsanrs2/forexfactory-scraper:high_impact_events_calendar.csv
2024-08-22T08:30:00,EH-20240822T0830-GBP-Flash-Manufacturing-PMI,Flash Manufacturing PMI,GB,GBP,HIGH,52.5,52.1,52.1,,ehsanrs2/forexfactory-scraper:high_impact_events_calendar.csv
2024-08-22T08:30:00,EH-20240822T0830-GBP-Flash-Services-PMI,Flash Services PMI,GB,GBP,HIGH,53.3,52.8,52.5,,ehsanrs2/forexfactory-scraper:high_impact_events_calendar.csv
2024-08-22T12:30:00,EH-20240822T1230-USD-Unemployment-Claims,Unemployment Claims,US,USD,HIGH,232000.0,232000.0,228000.0,,ehsanrs2/forexfactory-scraper:high_impact_events_calendar.csv
2024-08-22T13:45:00,EH-20240822T1345-USD-Flash-Manufacturing-PMI,Flash Manufacturing PMI,US,USD,HIGH,48.0,49.5,49.6,,ehsanrs2/forexfactory-scraper:high_impact_events_calendar.csv
2024-08-22T13:45:00,EH-20240822T1345-USD-Flash-Services-PMI,Flash Services PMI,US,USD,HIGH,55.2,54.0,55.0,,ehsanrs2/forexfactory-scraper:high_impact_events_calendar.csv
2024-08-23T00:33:00,EH-20240823T0033-JPY-BOJ-Gov-Ueda-Speaks,BOJ Gov Ueda Speaks,JP,JPY,HIGH,,,,,ehsanrs2/forexfactory-scraper:high_impact_events_calendar.csv
2024-08-23T04:00:00,EH-20240823T0400-JPY-BOJ-Gov-Ueda-Speaks,BOJ Gov Ueda Speaks,JP,JPY,HIGH,,,,,ehsanrs2/forexfactory-scraper:high_impact_events_calendar.csv
2024-08-23T12:30:00,EH-20240823T1230-CAD-Core-Retail-Sales-m-m,Core Retail Sales m/m,CA,CAD,HIGH,0.3,-0.2,-1.2,,ehsanrs2/forexfactory-scraper:high_impact_events_calendar.csv
2024-08-23T12:30:00,EH-20240823T1230-CAD-Retail-Sales-m-m,Retail Sales m/m,CA,CAD,HIGH,-0.3,-0.3,-0.8,,ehsanrs2/forexfactory-scraper:high_impact_events_calendar.csv
2024-08-23T14:00:00,EH-20240823T1400-USD-Fed-Chair-Powell-Speaks,Fed Chair Powell Speaks,US,USD,HIGH,,,,,ehsanrs2/forexfactory-scraper:high_impact_events_calendar.csv
2024-08-23T15:00:00,EH-20240823T1500-GBP-BOE-Gov-Bailey-Speaks,BOE Gov Bailey Speaks,GB,GBP,HIGH,,,,,ehsanrs2/forexfactory-scraper:high_impact_events_calendar.csv
2024-08-23T22:59:59,EH-20240823T2259-ALL-Jackson-Hole-Symposium,Jackson Hole Symposium,ALL,ALL,HIGH,,,,,ehsanrs2/forexfactory-scraper:high_impact_events_calendar.csv
2024-08-27T14:00:00,EH-20240827T1400-USD-CB-Consumer-Confidence,CB Consumer Confidence,US,USD,HIGH,103.3,100.9,101.9,,ehsanrs2/forexfactory-scraper:high_impact_events_calendar.csv
2024-08-28T01:30:00,EH-20240828T0130-AUD-CPI-y-y,CPI y/y,AU,AUD,HIGH,3.5,3.4,3.8,,ehsanrs2/forexfactory-scraper:high_impact_events_calendar.csv
2024-08-29T12:30:00,EH-20240829T1230-USD-Unemployment-Claims,Unemployment Claims,US,USD,HIGH,231000.0,232000.0,233000.0,,ehsanrs2/forexfactory-scraper:high_impact_events_calendar.csv
2024-08-29T12:30:00,EH-20240829T1230-USD-Prelim-GDP-q-q,Prelim GDP q/q,US,USD,HIGH,3.0,2.8,2.8,,ehsanrs2/forexfactory-scraper:high_impact_events_calendar.csv
2024-08-29T22:59:59,EH-20240829T2259-EUR-German-Prelim-CPI-m-m,German Prelim CPI m/m,EU,EUR,HIGH,-0.1,0.0,0.3,,ehsanrs2/forexfactory-scraper:high_impact_events_calendar.csv
2024-08-30T09:00:00,EH-20240830T0900-EUR-CPI-Flash-Estimate-y-y,CPI Flash Estimate y/y,EU,EUR,HIGH,2.2,2.2,2.6,,ehsanrs2/forexfactory-scraper:high_impact_events_calendar.csv
2024-08-30T12:30:00,EH-20240830T1230-CAD-GDP-m-m,GDP m/m,CA,CAD,HIGH,0.0,0.1,0.1,,ehsanrs2/forexfactory-scraper:high_impact_events_calendar.csv
2024-08-30T12:30:00,EH-20240830T1230-USD-Core-PCE-Price-Index-m-m,Core PCE Price Index m/m,US,USD,HIGH,0.2,0.2,0.2,,ehsanrs2/forexfactory-scraper:high_impact_events_calendar.csv
2024-08-31T01:30:00,EH-20240831T0130-CNY-Manufacturing-PMI,Manufacturing PMI,CN,CNY,HIGH,49.1,49.5,49.4,,ehsanrs2/forexfactory-scraper:high_impact_events_calendar.csv
2024-09-03T06:30:00,EH-20240903T0630-CHF-CPI-m-m,CPI m/m,CH,CHF,HIGH,0.0,0.1,-0.2,,ehsanrs2/forexfactory-scraper:high_impact_events_calendar.csv
2024-09-03T14:00:00,EH-20240903T1400-USD-ISM-Manufacturing-PMI,ISM Manufacturing PMI,US,USD,HIGH,47.2,47.5,46.8,,ehsanrs2/forexfactory-scraper:high_impact_events_calendar.csv
2024-09-04T01:30:00,EH-20240904T0130-AUD-GDP-q-q,GDP q/q,AU,AUD,HIGH,0.2,0.2,0.2,,ehsanrs2/forexfactory-scraper:high_impact_events_calendar.csv
2024-09-04T13:45:00,EH-20240904T1345-CAD-Overnight-Rate,Overnight Rate,CA,CAD,HIGH,4.25,4.25,4.5,,ehsanrs2/forexfactory-scraper:high_impact_events_calendar.csv
2024-09-04T13:45:00,EH-20240904T1345-CAD-BOC-Rate-Statement,BOC Rate Statement,CA,CAD,HIGH,,,,,ehsanrs2/forexfactory-scraper:high_impact_events_calendar.csv
2024-09-04T14:00:00,EH-20240904T1400-USD-JOLTS-Job-Openings,JOLTS Job Openings,US,USD,HIGH,7670000.0,8090000.0,7910000.0,,ehsanrs2/forexfactory-scraper:high_impact_events_calendar.csv
2024-09-04T14:30:00,EH-20240904T1430-CAD-BOC-Press-Conference,BOC Press Conference,CA,CAD,HIGH,,,,,ehsanrs2/forexfactory-scraper:high_impact_events_calendar.csv
2024-09-05T03:05:00,EH-20240905T0305-AUD-RBA-Gov-Bullock-Speaks,RBA Gov Bullock Speaks,AU,AUD,HIGH,,,,,ehsanrs2/forexfactory-scraper:high_impact_events_calendar.csv
2024-09-05T12:15:00,EH-20240905T1215-USD-ADP-Non-Farm-Employment-Change,ADP Non-Farm Employment Change,US,USD,HIGH,99000.0,144000.0,111000.0,,ehsanrs2/forexfactory-scraper:high_impact_events_calendar.csv
2024-09-05T12:30:00,EH-20240905T1230-USD-Unemployment-Claims,Unemployment Claims,US,USD,HIGH,227000.0,231000.0,232000.0,,ehsanrs2/forexfactory-scraper:high_impact_events_calendar.csv
2024-09-05T14:00:00,EH-20240905T1400-USD-ISM-Services-PMI,ISM Services PMI,US,USD,HIGH,51.5,51.3,51.4,,ehsanrs2/forexfactory-scraper:high_impact_events_calendar.csv
2024-09-06T12:30:00,EH-20240906T1230-USD-Unemployment-Rate,Unemployment Rate,US,USD,HIGH,4.2,4.2,4.3,,ehsanrs2/forexfactory-scraper:high_impact_events_calendar.csv
2024-09-06T12:30:00,EH-20240906T1230-USD-Non-Farm-Employment-Change,Non-Farm Employment Change,US,USD,HIGH,142000.0,164000.0,89000.0,,ehsanrs2/forexfactory-scraper:high_impact_events_calendar.csv
2024-09-06T12:30:00,EH-20240906T1230-CAD-Unemployment-Rate,Unemployment Rate,CA,CAD,HIGH,6.6,6.5,6.4,,ehsanrs2/forexfactory-scraper:high_impact_events_calendar.csv
2024-09-06T12:30:00,EH-20240906T1230-USD-Average-Hourly-Earnings-m-m,Average Hourly Earnings m/m,US,USD,HIGH,0.4,0.3,0.2,,ehsanrs2/forexfactory-scraper:high_impact_events_calendar.csv
2024-09-06T12:30:00,EH-20240906T1230-CAD-Employment-Change,Employment Change,CA,CAD,HIGH,22100.0,23700.0,-2800.0,,ehsanrs2/forexfactory-scraper:high_impact_events_calendar.csv
2024-09-06T15:00:00,EH-20240906T1500-USD-FOMC-Member-Waller-Speaks,FOMC Member Waller Speaks,US,USD,HIGH,,,,,ehsanrs2/forexfactory-scraper:high_impact_events_calendar.csv
2024-09-10T06:00:00,EH-20240910T0600-GBP-Claimant-Count-Change,Claimant Count Change,GB,GBP,HIGH,23700.0,95500.0,102300.0,,ehsanrs2/forexfactory-scraper:high_impact_events_calendar.csv
2024-09-10T12:10:00,EH-20240910T1210-CAD-BOC-Gov-Macklem-Speaks,BOC Gov Macklem Speaks,CA,CAD,HIGH,,,,,ehsanrs2/forexfactory-scraper:high_impact_events_calendar.csv
2024-09-11T06:00:00,EH-20240911T0600-GBP-GDP-m-m,GDP m/m,GB,GBP,HIGH,0.0,0.2,0.0,,ehsanrs2/forexfactory-scraper:high_impact_events_calendar.csv
2024-09-11T12:30:00,EH-20240911T1230-USD-CPI-m-m,CPI m/m,US,USD,HIGH,0.2,0.2,0.2,,ehsanrs2/forexfactory-scraper:high_impact_events_calendar.csv
2024-09-11T12:30:00,EH-20240911T1230-USD-CPI-y-y,CPI y/y,US,USD,HIGH,2.5,2.5,2.9,,ehsanrs2/forexfactory-scraper:high_impact_events_calendar.csv
2024-09-11T12:30:00,EH-20240911T1230-USD-Core-CPI-m-m,Core CPI m/m,US,USD,HIGH,0.3,0.2,0.2,,ehsanrs2/forexfactory-scraper:high_impact_events_calendar.csv
2024-09-12T12:15:00,EH-20240912T1215-EUR-Main-Refinancing-Rate,Main Refinancing Rate,EU,EUR,HIGH,3.65,3.65,4.25,,ehsanrs2/forexfactory-scraper:high_impact_events_calendar.csv
2024-09-12T12:15:00,EH-20240912T1215-EUR-Monetary-Policy-Statement,Monetary Policy Statement,EU,EUR,HIGH,,,,,ehsanrs2/forexfactory-scraper:high_impact_events_calendar.csv
2024-09-12T12:30:00,EH-20240912T1230-USD-Core-PPI-m-m,Core PPI m/m,US,USD,HIGH,0.3,0.2,-0.2,,ehsanrs2/forexfactory-scraper:high_impact_events_calendar.csv
2024-09-12T12:30:00,EH-20240912T1230-USD-PPI-m-m,PPI m/m,US,USD,HIGH,0.2,0.1,0.0,,ehsanrs2/forexfactory-scraper:high_impact_events_calendar.csv
2024-09-12T12:30:00,EH-20240912T1230-USD-Unemployment-Claims,Unemployment Claims,US,USD,HIGH,230000.0,227000.0,228000.0,,ehsanrs2/forexfactory-scraper:high_impact_events_calendar.csv
2024-09-12T12:45:00,EH-20240912T1245-EUR-ECB-Press-Conference,ECB Press Conference,EU,EUR,HIGH,,,,,ehsanrs2/forexfactory-scraper:high_impact_events_calendar.csv
2024-09-17T12:30:00,EH-20240917T1230-USD-Core-Retail-Sales-m-m,Core Retail Sales m/m,US,USD,HIGH,0.1,0.2,0.4,,ehsanrs2/forexfactory-scraper:high_impact_events_calendar.csv
2024-09-17T12:30:00,EH-20240917T1230-USD-Retail-Sales-m-m,Retail Sales m/m,US,USD,HIGH,0.1,-0.2,1.1,,ehsanrs2/forexfactory-scraper:high_impact_events_calendar.csv
2024-09-17T12:30:00,EH-20240917T1230-CAD-Trimmed-CPI-y-y,Trimmed CPI y/y,CA,CAD,HIGH,2.4,2.5,2.7,,ehsanrs2/forexfactory-scraper:high_impact_events_calendar.csv
2024-09-17T12:30:00,EH-20240917T1230-CAD-CPI-m-m,CPI m/m,CA,CAD,HIGH,-0.2,0.0,0.4,,ehsanrs2/forexfactory-scraper:high_impact_events_calendar.csv
2024-09-17T12:30:00,EH-20240917T1230-CAD-Median-CPI-y-y,Median CPI y/y,CA,CAD,HIGH,2.3,2.2,2.4,,ehsanrs2/forexfactory-scraper:high_impact_events_calendar.csv
2024-09-18T06:00:00,EH-20240918T0600-GBP-CPI-y-y,CPI y/y,GB,GBP,HIGH,2.2,2.2,2.2,,ehsanrs2/forexfactory-scraper:high_impact_events_calendar.csv
2024-09-18T18:00:00,EH-20240918T1800-USD-Federal-Funds-Rate,Federal Funds Rate,US,USD,HIGH,5.0,5.25,5.5,,ehsanrs2/forexfactory-scraper:high_impact_events_calendar.csv
2024-09-18T18:00:00,EH-20240918T1800-USD-FOMC-Economic-Projections,FOMC Economic Projections,US,USD,HIGH,,,,,ehsanrs2/forexfactory-scraper:high_impact_events_calendar.csv
2024-09-18T18:00:00,EH-20240918T1800-USD-FOMC-Statement,FOMC Statement,US,USD,HIGH,,,,,ehsanrs2/forexfactory-scraper:high_impact_events_calendar.csv
2024-09-18T18:30:00,EH-20240918T1830-USD-FOMC-Press-Conference,FOMC Press Conference,US,USD,HIGH,,,,,ehsanrs2/forexfactory-scraper:high_impact_events_calendar.csv
2024-09-18T22:45:00,EH-20240918T2245-NZD-GDP-q-q,GDP q/q,NZ,NZD,HIGH,-0.2,-0.4,0.1,,ehsanrs2/forexfactory-scraper:high_impact_events_calendar.csv
2024-09-19T01:30:00,EH-20240919T0130-AUD-Employment-Change,Employment Change,AU,AUD,HIGH,47500.0,26400.0,48900.0,,ehsanrs2/forexfactory-scraper:high_impact_events_calendar.csv
2024-09-19T01:30:00,EH-20240919T0130-AUD-Unemployment-Rate,Unemployment Rate,AU,AUD,HIGH,4.2,4.2,4.2,,ehsanrs2/forexfactory-scraper:high_impact_events_calendar.csv
2024-09-19T11:00:00,EH-20240919T1100-GBP-Official-Bank-Rate,Official Bank Rate,GB,GBP,HIGH,5.0,5.0,5.0,,ehsanrs2/forexfactory-scraper:high_impact_events_calendar.csv
2024-09-19T11:00:00,EH-20240919T1100-GBP-Monetary-Policy-Summary,Monetary Policy Summary,GB,GBP,HIGH,,,,,ehsanrs2/forexfactory-scraper:high_impact_events_calendar.csv
2024-09-19T11:00:00,EH-20240919T1100-GBP-MPC-Official-Bank-Rate-Votes,MPC Official Bank Rate Votes,GB,GBP,HIGH,0.0,0.0,0.0,,ehsanrs2/forexfactory-scraper:high_impact_events_calendar.csv
2024-09-19T12:30:00,EH-20240919T1230-USD-Unemployment-Claims,Unemployment Claims,US,USD,HIGH,219000.0,230000.0,231000.0,,ehsanrs2/forexfactory-scraper:high_impact_events_calendar.csv
2024-09-20T02:52:00,EH-20240920T0252-JPY-Monetary-Policy-Statement,Monetary Policy Statement,JP,JPY,HIGH,,,,,ehsanrs2/forexfactory-scraper:high_impact_events_calendar.csv
2024-09-20T02:52:00,EH-20240920T0252-JPY-BOJ-Policy-Rate,BOJ Policy Rate,JP,JPY,HIGH,,,,,ehsanrs2/forexfactory-scraper:high_impact_events_calendar.csv
2024-09-20T06:00:00,EH-20240920T0600-GBP-Retail-Sales-m-m,Retail Sales m/m,GB,GBP,HIGH,1.0,0.3,0.7,,ehsanrs2/forexfactory-scraper:high_impact_events_calendar.csv
2024-09-20T06:30:00,EH-20240920T0630-JPY-BOJ-Press-Conference,BOJ Press Conference,JP,JPY,HIGH,,,,,ehsanrs2/forexfactory-scraper:high_impact_events_calendar.csv
2024-09-20T12:15:00,EH-20240920T1215-CAD-BOC-Gov-Macklem-Speaks,BOC Gov Macklem Speaks,CA,CAD,HIGH,,,,,ehsanrs2/forexfactory-scraper:high_impact_events_calendar.csv
2024-09-20T12:30:00,EH-20240920T1230-CAD-Core-Retail-Sales-m-m,Core Retail Sales m/m,CA,CAD,HIGH,0.4,0.2,0.3,,ehsanrs2/forexfactory-scraper:high_impact_events_calendar.csv
2024-09-20T12:30:00,EH-20240920T1230-CAD-Retail-Sales-m-m,Retail Sales m/m,CA,CAD,HIGH,0.9,0.5,-0.2,,ehsanrs2/forexfactory-scraper:high_impact_events_calendar.csv
2024-09-23T07:15:00,EH-20240923T0715-EUR-French-Flash-Manufacturing-PMI,French Flash Manufacturing PMI,EU,EUR,HIGH,44.0,44.3,43.9,,ehsanrs2/forexfactory-scraper:high_impact_events_calendar.csv
2024-09-23T07:15:00,EH-20240923T0715-EUR-French-Flash-Services-PMI,French Flash Services PMI,EU,EUR,HIGH,48.3,53.0,55.0,,ehsanrs2/forexfactory-scraper:high_impact_events_calendar.csv
2024-09-23T07:30:00,EH-20240923T0730-EUR-German-Flash-Manufacturing-PMI,German Flash Manufacturing PMI,EU,EUR,HIGH,40.3,42.4,42.4,,ehsanrs2/forexfactory-scraper:high_impact_events_calendar.csv
2024-09-23T07:30:00,EH-20240923T0730-EUR-German-Flash-Services-PMI,German Flash Services PMI,EU,EUR,HIGH,50.6,51.1,51.2,,ehsanrs2/forexfactory-scraper:high_impact_events_calendar.csv
2024-09-23T08:30:00,EH-20240923T0830-GBP-Flash-Services-PMI,Flash Services PMI,GB,GBP,HIGH,52.8,53.5,53.7,,ehsanrs2/forexfactory-scraper:high_impact_events_calendar.csv
2024-09-23T08:30:00,EH-20240923T0830-GBP-Flash-Manufacturing-PMI,Flash Manufacturing PMI,GB,GBP,HIGH,51.5,52.3,52.5,,ehsanrs2/forexfactory-scraper:high_impact_events_calendar.csv
2024-09-23T13:45:00,EH-20240923T1345-USD-Flash-Manufacturing-PMI,Flash Manufacturing PMI,US,USD,HIGH,47.0,48.6,47.9,,ehsanrs2/forexfactory-scraper:high_impact_events_calendar.csv
2024-09-23T13:45:00,EH-20240923T1345-USD-Flash-Services-PMI,Flash Services PMI,US,USD,HIGH,55.4,55.3,55.7,,ehsanrs2/forexfactory-scraper:high_impact_events_calendar.csv
2024-09-24T04:30:00,EH-20240924T0430-AUD-Cash-Rate,Cash Rate,AU,AUD,HIGH,4.35,4.35,4.35,,ehsanrs2/forexfactory-scraper:high_impact_events_calendar.csv
2024-09-24T04:30:00,EH-20240924T0430-AUD-RBA-Rate-Statement,RBA Rate Statement,AU,AUD,HIGH,,,,,ehsanrs2/forexfactory-scraper:high_impact_events_calendar.csv
2024-09-24T05:05:00,EH-20240924T0505-JPY-BOJ-Gov-Ueda-Speaks,BOJ Gov Ueda Speaks,JP,JPY,HIGH,,,,,ehsanrs2/forexfactory-scraper:high_impact_events_calendar.csv
2024-09-24T14:00:00,EH-20240924T1400-USD-CB-Consumer-Confidence,CB Consumer Confidence,US,USD,HIGH,98.7,103.9,105.6,,ehsanrs2/forexfactory-scraper:high_impact_events_calendar.csv
2024-09-24T17:10:00,EH-20240924T1710-CAD-BOC-Gov-Macklem-Speaks,BOC Gov Macklem Speaks,CA,CAD,HIGH,,,,,ehsanrs2/forexfactory-scraper:high_impact_events_calendar.csv
2024-09-25T01:30:00,EH-20240925T0130-AUD-CPI-y-y,CPI y/y,AU,AUD,HIGH,2.7,2.7,3.5,,ehsanrs2/forexfactory-scraper:high_impact_events_calendar.csv
2024-09-26T07:30:00,EH-20240926T0730-CHF-SNB-Policy-Rate,SNB Policy Rate,CH,CHF,HIGH,1.0,1.0,1.25,,ehsanrs2/forexfactory-scraper:high_impact_events_calendar.csv
2024-09-26T07:30:00,EH-20240926T0730-CHF-SNB-Monetary-Policy-Assessment,SNB Monetary Policy Assessment,CH,CHF,HIGH,,,,,ehsanrs2/forexfactory-scraper:high_impact_events_calendar.csv
2024-09-26T08:00:00,EH-20240926T0800-CHF-SNB-Press-Conference,SNB Press Conference,CH,CHF,HIGH,,,,,ehsanrs2/forexfactory-scraper:high_impact_events_calendar.csv
2024-09-26T12:30:00,EH-20240926T1230-USD-Final-GDP-q-q,Final GDP q/q,US,USD,HIGH,3.0,3.0,3.0,,ehsanrs2/forexfactory-scraper:high_impact_events_calendar.csv
2024-09-26T12:30:00,EH-20240926T1230-USD-Unemployment-Claims,Unemployment Claims,US,USD,HIGH,218000.0,224000.0,222000.0,,ehsanrs2/forexfactory-scraper:high_impact_events_calendar.csv
2024-09-26T13:20:00,EH-20240926T1320-USD-Fed-Chair-Powell-Speaks,Fed Chair Powell Speaks,US,USD,HIGH,,,,,ehsanrs2/forexfactory-scraper:high_impact_events_calendar.csv
2024-09-27T12:30:00,EH-20240927T1230-CAD-GDP-m-m,GDP m/m,CA,CAD,HIGH,0.2,0.1,0.0,,ehsanrs2/forexfactory-scraper:high_impact_events_calendar.csv
2024-09-27T12:30:00,EH-20240927T1230-USD-Core-PCE-Price-Index-m-m,Core PCE Price Index m/m,US,USD,HIGH,0.1,0.2,0.2,,ehsanrs2/forexfactory-scraper:high_impact_events_calendar.csv
2024-09-30T01:30:00,EH-20240930T0130-CNY-Manufacturing-PMI,Manufacturing PMI,CN,CNY,HIGH,49.8,49.4,49.1,,ehsanrs2/forexfactory-scraper:high_impact_events_calendar.csv
2024-09-30T17:55:00,EH-20240930T1755-USD-Fed-Chair-Powell-Speaks,Fed Chair Powell Speaks,US,USD,HIGH,,,,,ehsanrs2/forexfactory-scraper:high_impact_events_calendar.csv
2024-09-30T22:59:59,EH-20240930T2259-EUR-German-Prelim-CPI-m-m,German Prelim CPI m/m,EU,EUR,HIGH,0.0,0.1,-0.1,,ehsanrs2/forexfactory-scraper:high_impact_events_calendar.csv
2024-10-01T09:00:00,EH-20241001T0900-EUR-Core-CPI-Flash-Estimate-y-y,Core CPI Flash Estimate y/y,EU,EUR,HIGH,2.7,2.7,2.8,,ehsanrs2/forexfactory-scraper:high_impact_events_calendar.csv
2024-10-01T09:00:00,EH-20241001T0900-EUR-CPI-Flash-Estimate-y-y,CPI Flash Estimate y/y,EU,EUR,HIGH,1.8,1.8,2.2,,ehsanrs2/forexfactory-scraper:high_impact_events_calendar.csv
2024-10-01T14:00:00,EH-20241001T1400-USD-ISM-Manufacturing-PMI,ISM Manufacturing PMI,US,USD,HIGH,47.2,47.6,47.2,,ehsanrs2/forexfactory-scraper:high_impact_events_calendar.csv
2024-10-01T14:00:00,EH-20241001T1400-USD-JOLTS-Job-Openings,JOLTS Job Openings,US,USD,HIGH,8039999.999999999,7640000.0,7710000.0,,ehsanrs2/forexfactory-scraper:high_impact_events_calendar.csv
2024-10-01T15:15:00,EH-20241001T1515-CHF-SNB-Chairman-Schlegel-Speaks,SNB Chairman Schlegel Speaks,CH,CHF,HIGH,,,,,ehsanrs2/forexfactory-scraper:high_impact_events_calendar.csv
2024-10-02T12:15:00,EH-20241002T1215-USD-ADP-Non-Farm-Employment-Change,ADP Non-Farm Employment Change,US,USD,HIGH,143000.0,124000.0,103000.0,,ehsanrs2/forexfactory-scraper:high_impact_events_calendar.csv
2024-10-03T06:30:00,EH-20241003T0630-CHF-CPI-m-m,CPI m/m,CH,CHF,HIGH,-0.3,-0.1,0.0,,ehsanrs2/forexfactory-scraper:high_impact_events_calendar.csv
2024-10-03T12:30:00,EH-20241003T1230-USD-Unemployment-Claims,Unemployment Claims,US,USD,HIGH,225000.0,222000.0,219000.0,,ehsanrs2/forexfactory-scraper:high_impact_events_calendar.csv
2024-10-03T14:00:00,EH-20241003T1400-USD-ISM-Services-PMI,ISM Services PMI,US,USD,HIGH,54.9,51.7,51.5,,ehsanrs2/forexfactory-scraper:high_impact_events_calendar.csv
2024-10-04T12:30:00,EH-20241004T1230-USD-Average-Hourly-Earnings-m-m,Average Hourly Earnings m/m,US,USD,HIGH,0.4,0.3,0.5,,ehsanrs2/forexfactory-scraper:high_impact_events_calendar.csv
2024-10-04T12:30:00,EH-20241004T1230-USD-Non-Farm-Employment-Change,Non-Farm Employment Change,US,USD,HIGH,254000.0,147000.0,159000.0,,ehsanrs2/forexfactory-scraper:high_impact_events_calendar.csv
2024-10-04T12:30:00,EH-20241004T1230-USD-Unemployment-Rate,Unemployment Rate,US,USD,HIGH,4.1,4.2,4.2,,ehsanrs2/forexfactory-scraper:high_impact_events_calendar.csv
2024-10-09T01:00:00,EH-20241009T0100-NZD-Official-Cash-Rate,Official Cash Rate,NZ,NZD,HIGH,4.75,4.75,5.25,,ehsanrs2/forexfactory-scraper:high_impact_events_calendar.csv
2024-10-09T01:00:00,EH-20241009T0100-NZD-RBNZ-Rate-Statement,RBNZ Rate Statement,NZ,NZD,HIGH,,,,,ehsanrs2/forexfactory-scraper:high_impact_events_calendar.csv
2024-10-09T18:00:00,EH-20241009T1800-USD-FOMC-Meeting-Minutes,FOMC Meeting Minutes,US,USD,HIGH,,,,,ehsanrs2/forexfactory-scraper:high_impact_events_calendar.csv
2024-10-10T12:30:00,EH-20241010T1230-USD-Unemployment-Claims,Unemployment Claims,US,USD,HIGH,258000.0,231000.0,225000.0,,ehsanrs2/forexfactory-scraper:high_impact_events_calendar.csv
2024-10-10T12:30:00,EH-20241010T1230-USD-CPI-y-y,CPI y/y,US,USD,HIGH,2.4,2.3,2.5,,ehsanrs2/forexfactory-scraper:high_impact_events_calendar.csv
2024-10-10T12:30:00,EH-20241010T1230-USD-CPI-m-m,CPI m/m,US,USD,HIGH,0.2,0.1,0.2,,ehsanrs2/forexfactory-scraper:high_impact_events_calendar.csv
2024-10-10T12:30:00,EH-20241010T1230-USD-Core-CPI-m-m,Core CPI m/m,US,USD,HIGH,0.3,0.2,0.3,,ehsanrs2/forexfactory-scraper:high_impact_events_calendar.csv
2024-10-11T06:00:00,EH-20241011T0600-GBP-GDP-m-m,GDP m/m,GB,GBP,HIGH,0.2,0.2,0.0,,ehsanrs2/forexfactory-scraper:high_impact_events_calendar.csv
2024-10-11T12:30:00,EH-20241011T1230-CAD-Employment-Change,Employment Change,CA,CAD,HIGH,46700.0,29800.0,22100.0,,ehsanrs2/forexfactory-scraper:high_impact_events_calendar.csv
2024-10-11T12:30:00,EH-20241011T1230-CAD-Unemployment-Rate,Unemployment Rate,CA,CAD,HIGH,6.5,6.7,6.6,,ehsanrs2/forexfactory-scraper:high_impact_events_calendar.csv
2024-10-11T12:30:00,EH-20241011T1230-USD-Core-PPI-m-m,Core PPI m/m,US,USD,HIGH,0.2,0.2,0.3,,ehsanrs2/forexfactory-scraper:high_impact_events_calendar.csv
2024-10-11T12:30:00,EH-20241011T1230-USD-PPI-m-m,PPI m/m,US,USD,HIGH,0.0,0.1,0.2,,ehsanrs2/forexfactory-scraper:high_impact_events_calendar.csv
2024-10-15T06:00:00,EH-20241015T0600-GBP-Claimant-Count-Change,Claimant Count Change,GB,GBP,HIGH,27900.0,20200.0,300.0,,ehsanrs2/forexfactory-scraper:high_impact_events_calendar.csv
2024-10-15T12:30:00,EH-20241015T1230-CAD-Trimmed-CPI-y-y,Trimmed CPI y/y,CA,CAD,HIGH,2.4,2.4,2.4,,ehsanrs2/forexfactory-scraper:high_impact_events_calendar.csv
2024-10-15T12:30:00,EH-20241015T1230-CAD-CPI-m-m,CPI m/m,CA,CAD,HIGH,-0.4,-0.2,-0.2,,ehsanrs2/forexfactory-scraper:high_impact_events_calendar.csv
2024-10-15T12:30:00,EH-20241015T1230-CAD-Median-CPI-y-y,Median CPI y/y,CA,CAD,HIGH,2.3,2.3,2.3,,ehsanrs2/forexfactory-scraper:high_impact_events_calendar.csv
2024-10-15T21:45:00,EH-20241015T2145-NZD-CPI-q-q,CPI q/q,NZ,NZD,HIGH,0.6,0.7,0.4,,ehsanrs2/forexfactory-scraper:high_impact_events_calendar.csv
2024-10-16T06:00:00,EH-20241016T0600-GBP-CPI-y-y,CPI y/y,GB,GBP,HIGH,1.7,1.9,2.2,,ehsanrs2/forexfactory-scraper:high_impact_events_calendar.csv
2024-10-17T00:30:00,EH-20241017T0030-AUD-Employment-Change,Employment Change,AU,AUD,HIGH,64099.99999999999,25200.0,42600.0,,ehsanrs2/forexfactory-scraper:high_impact_events_calendar.csv
2024-10-17T00:30:00,EH-20241017T0030-AUD-Unemployment-Rate,Unemployment Rate,AU,AUD,HIGH,4.1,4.2,4.1,,ehsanrs2/forexfactory-scraper:high_impact_events_calendar.csv
2024-10-17T12:15:00,EH-20241017T1215-EUR-Main-Refinancing-Rate,Main Refinancing Rate,EU,EUR,HIGH,3.4,3.4,3.65,,ehsanrs2/forexfactory-scraper:high_impact_events_calendar.csv
2024-10-17T12:15:00,EH-20241017T1215-EUR-Monetary-Policy-Statement,Monetary Policy Statement,EU,EUR,HIGH,,,,,ehsanrs2/forexfactory-scraper:high_impact_events_calendar.csv
2024-10-17T12:30:00,EH-20241017T1230-USD-Retail-Sales-m-m,Retail Sales m/m,US,USD,HIGH,0.4,0.3,0.1,,ehsanrs2/forexfactory-scraper:high_impact_events_calendar.csv
2024-10-17T12:30:00,EH-20241017T1230-USD-Core-Retail-Sales-m-m,Core Retail Sales m/m,US,USD,HIGH,0.5,0.1,0.2,,ehsanrs2/forexfactory-scraper:high_impact_events_calendar.csv
2024-10-17T12:30:00,EH-20241017T1230-USD-Unemployment-Claims,Unemployment Claims,US,USD,HIGH,241000.0,241000.0,260000.0,,ehsanrs2/forexfactory-scraper:high_impact_events_calendar.csv
2024-10-17T12:45:00,EH-20241017T1245-EUR-ECB-Press-Conference,ECB Press Conference,EU,EUR,HIGH,,,,,ehsanrs2/forexfactory-scraper:high_impact_events_calendar.csv
2024-10-18T06:00:00,EH-20241018T0600-GBP-Retail-Sales-m-m,Retail Sales m/m,GB,GBP,HIGH,0.3,-0.4,1.0,,ehsanrs2/forexfactory-scraper:high_impact_events_calendar.csv
2024-10-22T13:25:00,EH-20241022T1325-GBP-BOE-Gov-Bailey-Speaks,BOE Gov Bailey Speaks,GB,GBP,HIGH,,,,,ehsanrs2/forexfactory-scraper:high_impact_events_calendar.csv
2024-10-23T13:45:00,EH-20241023T1345-CAD-BOC-Rate-Statement,BOC Rate Statement,CA,CAD,HIGH,,,,,ehsanrs2/forexfactory-scraper:high_impact_events_calendar.csv
2024-10-23T13:45:00,EH-20241023T1345-CAD-Overnight-Rate,Overnight Rate,CA,CAD,HIGH,3.75,3.75,4.25,,ehsanrs2/forexfactory-scraper:high_impact_events_calendar.csv
2024-10-23T13:45:00,EH-20241023T1345-CAD-BOC-Monetary-Policy-Report,BOC Monetary Policy Report,CA,CAD,HIGH,,,,,ehsanrs2/forexfactory-scraper:high_impact_events_calendar.csv
2024-10-23T14:30:00,EH-20241023T1430-CAD-BOC-Press-Conference,BOC Press Conference,CA,CAD,HIGH,,,,,ehsanrs2/forexfactory-scraper:high_impact_events_calendar.csv
2024-10-23T18:45:00,EH-20241023T1845-GBP-BOE-Gov-Bailey-Speaks,BOE Gov Bailey Speaks,GB,GBP,HIGH,,,,,ehsanrs2/forexfactory-scraper:high_impact_events_calendar.csv
2024-10-24T07:15:00,EH-20241024T0715-EUR-French-Flash-Manufacturing-PMI,French Flash Manufacturing PMI,EU,EUR,HIGH,44.5,44.9,44.6,,ehsanrs2/forexfactory-scraper:high_impact_events_calendar.csv
2024-10-24T07:15:00,EH-20241024T0715-EUR-French-Flash-Services-PMI,French Flash Services PMI,EU,EUR,HIGH,48.3,49.8,49.6,,ehsanrs2/forexfactory-scraper:high_impact_events_calendar.csv
2024-10-24T07:30:00,EH-20241024T0730-EUR-German-Flash-Manufacturing-PMI,German Flash Manufacturing PMI,EU,EUR,HIGH,42.6,40.7,40.6,,ehsanrs2/forexfactory-scraper:high_impact_events_calendar.csv
2024-10-24T07:30:00,EH-20241024T0730-EUR-German-Flash-Services-PMI,German Flash Services PMI,EU,EUR,HIGH,51.4,50.6,50.6,,ehsanrs2/forexfactory-scraper:high_impact_events_calendar.csv
2024-10-24T08:30:00,EH-20241024T0830-GBP-Flash-Manufacturing-PMI,Flash Manufacturing PMI,GB,GBP,HIGH,50.3,51.5,51.5,,ehsanrs2/forexfactory-scraper:high_impact_events_calendar.csv
2024-10-24T08:30:00,EH-20241024T0830-GBP-Flash-Services-PMI,Flash Services PMI,GB,GBP,HIGH,51.8,52.3,52.4,,ehsanrs2/forexfactory-scraper:high_impact_events_calendar.csv
2024-10-24T12:30:00,EH-20241024T1230-USD-Unemployment-Claims,Unemployment Claims,US,USD,HIGH,227000.0,243000.0,242000.0,,ehsanrs2/forexfactory-scraper:high_impact_events_calendar.csv
2024-10-24T13:45:00,EH-20241024T1345-USD-Flash-Manufacturing-PMI,Flash Manufacturing PMI,US,USD,HIGH,47.8,47.5,47.3,,ehsanrs2/forexfactory-scraper:high_impact_events_calendar.csv
2024-10-24T13:45:00,EH-20241024T1345-USD-Flash-Services-PMI,Flash Services PMI,US,USD,HIGH,55.3,55.0,55.2,,ehsanrs2/forexfactory-scraper:high_impact_events_calendar.csv
2024-10-24T19:45:00,EH-20241024T1945-GBP-BOE-Gov-Bailey-Speaks,BOE Gov Bailey Speaks,GB,GBP,HIGH,,,,,ehsanrs2/forexfactory-scraper:high_impact_events_calendar.csv
2024-10-25T12:30:00,EH-20241025T1230-CAD-Core-Retail-Sales-m-m,Core Retail Sales m/m,CA,CAD,HIGH,-0.7,0.3,0.3,,ehsanrs2/forexfactory-scraper:high_impact_events_calendar.csv
2024-10-25T12:30:00,EH-20241025T1230-CAD-Retail-Sales-m-m,Retail Sales m/m,CA,CAD,HIGH,0.4,0.5,0.9,,ehsanrs2/forexfactory-scraper:high_impact_events_calendar.csv
2024-10-27T23:59:59,EH-20241027T2359-JPY-Lower-House-Elections,Lower House Elections,JP,JPY,HIGH,,,,,ehsanrs2/forexfactory-scraper:high_impact_events_calendar.csv
2024-10-28T17:30:00,EH-20241028T1730-CAD-BOC-Gov-Macklem-Speaks,BOC Gov Macklem Speaks,CA,CAD,HIGH,,,,,ehsanrs2/forexfactory-scraper:high_impact_events_calendar.csv
2024-10-29T14:00:00,EH-20241029T1400-USD-CB-Consumer-Confidence,CB Consumer Confidence,US,USD,HIGH,108.7,99.5,99.2,,ehsanrs2/forexfactory-scraper:high_impact_events_calendar.csv
2024-10-29T14:00:00,EH-20241029T1400-USD-JOLTS-Job-Openings,JOLTS Job Openings,US,USD,HIGH,7440000.0,7980000.0,7860000.0,,ehsanrs2/forexfactory-scraper:high_impact_events_calendar.csv
2024-10-29T18:00:00,EH-20241029T1800-CHF-SNB-Chairman-Schlegel-Speaks,SNB Chairman Schlegel Speaks,CH,CHF,HIGH,,,,,ehsanrs2/forexfactory-scraper:high_impact_events_calendar.csv
2024-10-29T19:30:00,EH-20241029T1930-CAD-BOC-Gov-Macklem-Speaks,BOC Gov Macklem Speaks,CA,CAD,HIGH,,,,,ehsanrs2/forexfactory-scraper:high_impact_events_calendar.csv
2024-10-30T00:30:00,EH-20241030T0030-AUD-Trimmed-Mean-CPI-m-m,Trimmed Mean CPI m/m,AU,AUD,HIGH,0.8,0.8,0.9,,ehsanrs2/forexfactory-scraper:high_impact_events_calendar.csv
2024-10-30T00:30:00,EH-20241030T0030-AUD-CPI-m-m,CPI m/m,AU,AUD,HIGH,0.2,0.3,1.0,,ehsanrs2/forexfactory-scraper:high_impact_events_calendar.csv
2024-10-30T00:30:00,EH-20241030T0030-AUD-CPI-y-y,CPI y/y,AU,AUD,HIGH,2.1,2.3,2.7,,ehsanrs2/forexfactory-scraper:high_impact_events_calendar.csv
2024-10-30T09:00:00,EH-20241030T0900-CHF-SNB-Chairman-Schlegel-Speaks,SNB Chairman Schlegel Speaks,CH,CHF,HIGH,,,,,ehsanrs2/forexfactory-scraper:high_impact_events_calendar.csv
2024-10-30T12:15:00,EH-20241030T1215-USD-ADP-Non-Farm-Employment-Change,ADP Non-Farm Employment Change,US,USD,HIGH,233000.0,110000.0,159000.0,,ehsanrs2/forexfactory-scraper:high_impact_events_calendar.csv
2024-10-30T12:30:00,EH-20241030T1230-USD-Advance-GDP-q-q,Advance GDP q/q,US,USD,HIGH,2.8,3.0,3.0,,ehsanrs2/forexfactory-scraper:high_impact_events_calendar.csv
2024-10-30T20:15:00,EH-20241030T2015-CAD-BOC-Gov-Macklem-Speaks,BOC Gov Macklem Speaks,CA,CAD,HIGH,,,,,ehsanrs2/forexfactory-scraper:high_impact_events_calendar.csv
2024-10-30T23:59:59,EH-20241030T2359-EUR-German-Prelim-CPI-m-m,German Prelim CPI m/m,EU,EUR,HIGH,0.4,0.2,0.0,,ehsanrs2/forexfactory-scraper:high_impact_events_calendar.csv
2024-10-31T01:30:00,EH-20241031T0130-CNY-Manufacturing-PMI,Manufacturing PMI,CN,CNY,HIGH,50.1,49.8,49.8,,ehsanrs2/forexfactory-scraper:high_impact_events_calendar.csv
2024-10-31T02:48:00,EH-20241031T0248-JPY-BOJ-Policy-Rate,BOJ Policy Rate,JP,JPY,HIGH,,,,,ehsanrs2/forexfactory-scraper:high_impact_events_calendar.csv
2024-10-31T02:48:00,EH-20241031T0248-JPY-BOJ-Outlook-Report,BOJ Outlook Report,JP,JPY,HIGH,,,,,ehsanrs2/forexfactory-scraper:high_impact_events_calendar.csv
2024-10-31T02:48:00,EH-20241031T0248-JPY-Monetary-Policy-Statement,Monetary Policy Statement,JP,JPY,HIGH,,,,,ehsanrs2/forexfactory-scraper:high_impact_events_calendar.csv
2024-10-31T06:30:00,EH-20241031T0630-JPY-BOJ-Press-Conference,BOJ Press Conference,JP,JPY,HIGH,,,,,ehsanrs2/forexfactory-scraper:high_impact_events_calendar.csv
2024-10-31T12:30:00,EH-20241031T1230-CAD-GDP-m-m,GDP m/m,CA,CAD,HIGH,0.0,0.0,0.1,,ehsanrs2/forexfactory-scraper:high_impact_events_calendar.csv
2024-10-31T12:30:00,EH-20241031T1230-USD-Core-PCE-Price-Index-m-m,Core PCE Price Index m/m,US,USD,HIGH,0.3,0.3,0.2,,ehsanrs2/forexfactory-scraper:high_impact_events_calendar.csv
2024-10-31T12:30:00,EH-20241031T1230-USD-Employment-Cost-Index-q-q,Employment Cost Index q/q,US,USD,HIGH,0.8,0.9,0.9,,ehsanrs2/forexfactory-scraper:high_impact_events_calendar.csv
2024-10-31T12:30:00,EH-20241031T1230-USD-Unemployment-Claims,Unemployment Claims,US,USD,HIGH,216000.0,229000.0,228000.0,,ehsanrs2/forexfactory-scraper:high_impact_events_calendar.csv
2024-11-01T07:30:00,EH-20241101T0730-CHF-CPI-m-m,CPI m/m,CH,CHF,HIGH,-0.1,0.0,-0.3,,ehsanrs2/forexfactory-scraper:high_impact_events_calendar.csv
2024-11-01T12:30:00,EH-20241101T1230-USD-Unemployment-Rate,Unemployment Rate,US,USD,HIGH,4.1,4.1,4.1,,ehsanrs2/forexfactory-scraper:high_impact_events_calendar.csv
2024-11-01T12:30:00,EH-20241101T1230-USD-Average-Hourly-Earnings-m-m,Average Hourly Earnings m/m,US,USD,HIGH,0.4,0.3,0.3,,ehsanrs2/forexfactory-scraper:high_impact_events_calendar.csv
2024-11-01T12:30:00,EH-20241101T1230-USD-Non-Farm-Employment-Change,Non-Farm Employment Change,US,USD,HIGH,12000.0,106000.0,223000.0,,ehsanrs2/forexfactory-scraper:high_impact_events_calendar.csv
2024-11-01T14:00:00,EH-20241101T1400-USD-ISM-Manufacturing-PMI,ISM Manufacturing PMI,US,USD,HIGH,46.5,47.6,47.2,,ehsanrs2/forexfactory-scraper:high_impact_events_calendar.csv
2024-11-05T03:30:00,EH-20241105T0330-AUD-Cash-Rate,Cash Rate,AU,AUD,HIGH,4.35,4.35,4.35,,ehsanrs2/forexfactory-scraper:high_impact_events_calendar.csv
2024-11-05T03:30:00,EH-20241105T0330-AUD-RBA-Monetary-Policy-Statement,RBA Monetary Policy Statement,AU,AUD,HIGH,,,,,ehsanrs2/forexfactory-scraper:high_impact_events_calendar.csv
2024-11-05T03:30:00,EH-20241105T0330-AUD-RBA-Rate-Statement,RBA Rate Statement,AU,AUD,HIGH,,,,,ehsanrs2/forexfactory-scraper:high_impact_events_calendar.csv
2024-11-05T15:00:00,EH-20241105T1500-USD-ISM-Services-PMI,ISM Services PMI,US,USD,HIGH,56.0,53.8,54.9,,ehsanrs2/forexfactory-scraper:high_impact_events_calendar.csv
2024-11-05T21:45:00,EH-20241105T2145-NZD-Unemployment-Rate,Unemployment Rate,NZ,NZD,HIGH,4.8,5.0,4.6,,ehsanrs2/forexfactory-scraper:high_impact_events_calendar.csv
2024-11-05T21:45:00,EH-20241105T2145-NZD-Employment-Change-q-q,Employment Change q/q,NZ,NZD,HIGH,-0.5,-0.4,0.2,,ehsanrs2/forexfactory-scraper:high_impact_events_calendar.csv
2024-11-05T23:59:59,EH-20241105T2359-USD-Presidential-Election,Presidential Election,US,USD,HIGH,,,,,ehsanrs2/forexfactory-scraper:high_impact_events_calendar.csv
2024-11-05T23:59:59,EH-20241105T2359-USD-Congressional-Elections,Congressional Elections,US,USD,HIGH,,,,,ehsanrs2/forexfactory-scraper:high_impact_events_calendar.csv
2024-11-06T22:00:00,EH-20241106T2200-AUD-RBA-Gov-Bullock-Speaks,RBA Gov Bullock Speaks,AU,AUD,HIGH,,,,,ehsanrs2/forexfactory-scraper:high_impact_events_calendar.csv
2024-11-07T12:00:00,EH-20241107T1200-GBP-BOE-Monetary-Policy-Report,BOE Monetary Policy Report,GB,GBP,HIGH,,,,,ehsanrs2/forexfactory-scraper:high_impact_events_calendar.csv
2024-11-07T12:00:00,EH-20241107T1200-GBP-Monetary-Policy-Summary,Monetary Policy Summary,GB,GBP,HIGH,,,,,ehsanrs2/forexfactory-scraper:high_impact_events_calendar.csv
2024-11-07T12:00:00,EH-20241107T1200-GBP-MPC-Official-Bank-Rate-Votes,MPC Official Bank Rate Votes,GB,GBP,HIGH,0.0,0.0,0.0,,ehsanrs2/forexfactory-scraper:high_impact_events_calendar.csv
2024-11-07T12:00:00,EH-20241107T1200-GBP-Official-Bank-Rate,Official Bank Rate,GB,GBP,HIGH,4.75,4.75,5.0,,ehsanrs2/forexfactory-scraper:high_impact_events_calendar.csv
2024-11-07T12:30:00,EH-20241107T1230-GBP-BOE-Gov-Bailey-Speaks,BOE Gov Bailey Speaks,GB,GBP,HIGH,,,,,ehsanrs2/forexfactory-scraper:high_impact_events_calendar.csv
2024-11-07T13:30:00,EH-20241107T1330-USD-Unemployment-Claims,Unemployment Claims,US,USD,HIGH,221000.0,223000.0,218000.0,,ehsanrs2/forexfactory-scraper:high_impact_events_calendar.csv
2024-11-07T19:00:00,EH-20241107T1900-USD-FOMC-Statement,FOMC Statement,US,USD,HIGH,,,,,ehsanrs2/forexfactory-scraper:high_impact_events_calendar.csv
2024-11-07T19:00:00,EH-20241107T1900-USD-Federal-Funds-Rate,Federal Funds Rate,US,USD,HIGH,4.75,4.75,5.0,,ehsanrs2/forexfactory-scraper:high_impact_events_calendar.csv
2024-11-07T19:30:00,EH-20241107T1930-USD-FOMC-Press-Conference,FOMC Press Conference,US,USD,HIGH,,,,,ehsanrs2/forexfactory-scraper:high_impact_events_calendar.csv
2024-11-08T13:30:00,EH-20241108T1330-CAD-Employment-Change,Employment Change,CA,CAD,HIGH,14500.0,27900.0,46700.0,,ehsanrs2/forexfactory-scraper:high_impact_events_calendar.csv
2024-11-08T13:30:00,EH-20241108T1330-CAD-Unemployment-Rate,Unemployment Rate,CA,CAD,HIGH,6.5,6.6,6.5,,ehsanrs2/forexfactory-scraper:high_impact_events_calendar.csv
2024-11-11T02:00:00,EH-20241111T0200-NZD-Inflation-Expectations-q-q,Inflation Expectations q/q,NZ,NZD,HIGH,2.12,,2.03,,ehsanrs2/forexfactory-scraper:high_impact_events_calendar.csv
2024-11-12T07:00:00,EH-20241112T0700-GBP-Claimant-Count-Change,Claimant Count Change,GB,GBP,HIGH,26700.0,30500.0,10100.0,,ehsanrs2/forexfactory-scraper:high_impact_events_calendar.csv
2024-11-13T00:30:00,EH-20241113T0030-AUD-Wage-Price-Index-q-q,Wage Price Index q/q,AU,AUD,HIGH,0.8,0.9,0.8,,ehsanrs2/forexfactory-scraper:high_impact_events_calendar.csv
2024-11-13T13:30:00,EH-20241113T1330-USD-Core-CPI-m-m,Core CPI m/m,US,USD,HIGH,0.3,0.3,0.3,,ehsanrs2/forexfactory-scraper:high_impact_events_calendar.csv
2024-11-13T13:30:00,EH-20241113T1330-USD-CPI-m-m,CPI m/m,US,USD,HIGH,0.2,0.2,0.2,,ehsanrs2/forexfactory-scraper:high_impact_events_calendar.csv
2024-11-13T13:30:00,EH-20241113T1330-USD-CPI-y-y,CPI y/y,US,USD,HIGH,2.6,2.6,2.4,,ehsanrs2/forexfactory-scraper:high_impact_events_calendar.csv
2024-11-13T23:00:00,EH-20241113T2300-AUD-RBA-Gov-Bullock-Speaks,RBA Gov Bullock Speaks,AU,AUD,HIGH,,,,,ehsanrs2/forexfactory-scraper:high_impact_events_calendar.csv
2024-11-14T00:30:00,EH-20241114T0030-AUD-Employment-Change,Employment Change,AU,AUD,HIGH,15900.0,25200.0,61300.0,,ehsanrs2/forexfactory-scraper:high_impact_events_calendar.csv
2024-11-14T00:30:00,EH-20241114T0030-AUD-Unemployment-Rate,Unemployment Rate,AU,AUD,HIGH,4.1,4.1,4.1,,ehsanrs2/forexfactory-scraper:high_impact_events_calendar.csv
2024-11-14T13:30:00,EH-20241114T1330-USD-PPI-m-m,PPI m/m,US,USD,HIGH,0.2,0.2,0.1,,ehsanrs2/forexfactory-scraper:high_impact_events_calendar.csv
2024-11-14T13:30:00,EH-20241114T1330-USD-Unemployment-Claims,Unemployment Claims,US,USD,HIGH,217000.0,224000.0,221000.0,,ehsanrs2/forexfactory-scraper:high_impact_events_calendar.csv
2024-11-14T13:30:00,EH-20241114T1330-USD-Core-PPI-m-m,Core PPI m/m,US,USD,HIGH,0.3,0.3,0.2,,ehsanrs2/forexfactory-scraper:high_impact_events_calendar.csv
2024-11-14T20:00:00,EH-20241114T2000-USD-Fed-Chair-Powell-Speaks,Fed Chair Powell Speaks,US,USD,HIGH,,,,,ehsanrs2/forexfactory-scraper:high_impact_events_calendar.csv
2024-11-14T20:43:00,EH-20241114T2043-GBP-BOE-Gov-Bailey-Speaks,BOE Gov Bailey Speaks,GB,GBP,HIGH,,,,,ehsanrs2/forexfactory-scraper:high_impact_events_calendar.csv
2024-11-15T07:00:00,EH-20241115T0700-GBP-GDP-m-m,GDP m/m,GB,GBP,HIGH,-0.1,0.2,0.2,,ehsanrs2/forexfactory-scraper:high_impact_events_calendar.csv
2024-11-15T13:30:00,EH-20241115T1330-USD-Core-Retail-Sales-m-m,Core Retail Sales m/m,US,USD,HIGH,0.1,0.3,1.0,,ehsanrs2/forexfactory-scraper:high_impact_events_calendar.csv
2024-11-15T13:30:00,EH-20241115T1330-USD-Retail-Sales-m-m,Retail Sales m/m,US,USD,HIGH,0.4,0.3,0.8,,ehsanrs2/forexfactory-scraper:high_impact_events_calendar.csv
2024-11-18T01:05:00,EH-20241118T0105-JPY-BOJ-Gov-Ueda-Speaks,BOJ Gov Ueda Speaks,JP,JPY,HIGH,,,,,ehsanrs2/forexfactory-scraper:high_impact_events_calendar.csv
2024-11-19T10:00:00,EH-20241119T1000-GBP-Monetary-Policy-Report-Hearings,Monetary Policy Report Hearings,GB,GBP,HIGH,,,,,ehsanrs2/forexfactory-scraper:high_impact_events_calendar.csv
2024-11-19T13:30:00,EH-20241119T1330-CAD-CPI-m-m,CPI m/m,CA,CAD,HIGH,0.4,0.3,-0.4,,ehsanrs2/forexfactory-scraper:high_impact_events_calendar.csv
2024-11-19T13:30:00,EH-20241119T1330-CAD-Median-CPI-y-y,Median CPI y/y,CA,CAD,HIGH,2.5,2.4,2.3,,ehsanrs2/forexfactory-scraper:high_impact_events_calendar.csv
2024-11-19T13:30:00,EH-20241119T1330-CAD-Trimmed-CPI-y-y,Trimmed CPI y/y,CA,CAD,HIGH,2.6,2.4,2.4,,ehsanrs2/forexfactory-scraper:high_impact_events_calendar.csv
2024-11-20T07:00:00,EH-20241120T0700-GBP-CPI-y-y,CPI y/y,GB,GBP,HIGH,2.3,2.2,1.7,,ehsanrs2/forexfactory-scraper:high_impact_events_calendar.csv
2024-11-21T05:12:00,EH-20241121T0512-JPY-BOJ-Gov-Ueda-Speaks,BOJ Gov Ueda Speaks,JP,JPY,HIGH,,,,,ehsanrs2/forexfactory-scraper:high_impact_events_calendar.csv
2024-11-21T08:00:00,EH-20241121T0800-AUD-RBA-Gov-Bullock-Speaks,RBA Gov Bullock Speaks,AU,AUD,HIGH,,,,,ehsanrs2/forexfactory-scraper:high_impact_events_calendar.csv
2024-11-21T13:30:00,EH-20241121T1330-USD-Unemployment-Claims,Unemployment Claims,US,USD,HIGH,213000.0,220000.0,219000.0,,ehsanrs2/forexfactory-scraper:high_impact_events_calendar.csv
2024-11-22T07:00:00,EH-20241122T0700-GBP-Retail-Sales-m-m,Retail Sales m/m,GB,GBP,HIGH,-0.7,-0.3,0.1,,ehsanrs2/forexfactory-scraper:high_impact_events_calendar.csv
2024-11-22T08:15:00,EH-20241122T0815-EUR-French-Flash-Manufacturing-PMI,French Flash Manufacturing PMI,EU,EUR,HIGH,43.2,44.6,44.5,,ehsanrs2/forexfactory-scraper:high_impact_events_calendar.csv
2024-11-22T08:15:00,EH-20241122T0815-EUR-French-Flash-Services-PMI,French Flash Services PMI,EU,EUR,HIGH,45.7,49.1,49.2,,ehsanrs2/forexfactory-scraper:high_impact_events_calendar.csv
2024-11-22T08:30:00,EH-20241122T0830-EUR-German-Flash-Services-PMI,German Flash Services PMI,EU,EUR,HIGH,49.4,51.6,51.6,,ehsanrs2/forexfactory-scraper:high_impact_events_calendar.csv
2024-11-22T08:30:00,EH-20241122T0830-EUR-German-Flash-Manufacturing-PMI,German Flash Manufacturing PMI,EU,EUR,HIGH,43.2,43.1,43.0,,ehsanrs2/forexfactory-scraper:high_impact_events_calendar.csv
2024-11-22T09:30:00,EH-20241122T0930-GBP-Flash-Manufacturing-PMI,Flash Manufacturing PMI,GB,GBP,HIGH,48.6,50.0,49.9,,ehsanrs2/forexfactory-scraper:high_impact_events_calendar.csv
2024-11-22T09:30:00,EH-20241122T0930-GBP-Flash-Services-PMI,Flash Services PMI,GB,GBP,HIGH,50.0,51.9,52.0,,ehsanrs2/forexfactory-scraper:high_impact_events_calendar.csv
2024-11-22T12:40:00,EH-20241122T1240-CHF-SNB-Chairman-Schlegel-Speaks,SNB Chairman Schlegel Speaks,CH,CHF,HIGH,,,,,ehsanrs2/forexfactory-scraper:high_impact_events_calendar.csv
2024-11-22T13:30:00,EH-20241122T1330-CAD-Core-Retail-Sales-m-m,Core Retail Sales m/m,CA,CAD,HIGH,0.9,0.3,-0.8,,ehsanrs2/forexfactory-scraper:high_impact_events_calendar.csv
2024-11-22T13:30:00,EH-20241122T1330-CAD-Retail-Sales-m-m,Retail Sales m/m,CA,CAD,HIGH,0.4,0.4,0.4,,ehsanrs2/forexfactory-scraper:high_impact_events_calendar.csv
2024-11-22T14:45:00,EH-20241122T1445-USD-Flash-Manufacturing-PMI,Flash Manufacturing PMI,US,USD,HIGH,48.8,48.8,48.5,,ehsanrs2/forexfactory-scraper:high_impact_events_calendar.csv
2024-11-22T14:45:00,EH-20241122T1445-USD-Flash-Services-PMI,Flash Services PMI,US,USD,HIGH,57.0,55.2,55.0,,ehsanrs2/forexfactory-scraper:high_impact_events_calendar.csv
2024-11-26T15:00:00,EH-20241126T1500-USD-CB-Consumer-Confidence,CB Consumer Confidence,US,USD,HIGH,111.7,111.8,109.6,,ehsanrs2/forexfactory-scraper:high_impact_events_calendar.csv
2024-11-26T19:00:00,EH-20241126T1900-USD-FOMC-Meeting-Minutes,FOMC Meeting Minutes,US,USD,HIGH,,,,,ehsanrs2/forexfactory-scraper:high_impact_events_calendar.csv
2024-11-27T00:30:00,EH-20241127T0030-AUD-CPI-y-y,CPI y/y,AU,AUD,HIGH,2.1,2.5,2.1,,ehsanrs2/forexfactory-scraper:high_impact_events_calendar.csv
2024-11-27T01:00:00,EH-20241127T0100-NZD-Official-Cash-Rate,Official Cash Rate,NZ,NZD,HIGH,4.25,4.25,4.75,,ehsanrs2/forexfactory-scraper:high_impact_events_calendar.csv
2024-11-27T01:00:00,EH-20241127T0100-NZD-RBNZ-Monetary-Policy-Statement,RBNZ Monetary Policy Statement,NZ,NZD,HIGH,,,,,ehsanrs2/forexfactory-scraper:high_impact_events_calendar.csv
2024-11-27T01:00:00,EH-20241127T0100-NZD-RBNZ-Rate-Statement,RBNZ Rate Statement,NZ,NZD,HIGH,,,,,ehsanrs2/forexfactory-scraper:high_impact_events_calendar.csv
2024-11-27T02:00:00,EH-20241127T0200-NZD-RBNZ-Press-Conference,RBNZ Press Conference,NZ,NZD,HIGH,,,,,ehsanrs2/forexfactory-scraper:high_impact_events_calendar.csv
2024-11-27T13:30:00,EH-20241127T1330-USD-Unemployment-Claims,Unemployment Claims,US,USD,HIGH,213000.0,215000.0,215000.0,,ehsanrs2/forexfactory-scraper:high_impact_events_calendar.csv
2024-11-27T13:30:00,EH-20241127T1330-USD-Prelim-GDP-q-q,Prelim GDP q/q,US,USD,HIGH,2.8,2.8,2.8,,ehsanrs2/forexfactory-scraper:high_impact_events_calendar.csv
2024-11-27T15:00:00,EH-20241127T1500-USD-Core-PCE-Price-Index-m-m,Core PCE Price Index m/m,US,USD,HIGH,0.3,0.3,0.3,,ehsanrs2/forexfactory-scraper:high_impact_events_calendar.csv
2024-11-28T08:55:00,EH-20241128T0855-AUD-RBA-Gov-Bullock-Speaks,RBA Gov Bullock Speaks,AU,AUD,HIGH,,,,,ehsanrs2/forexfactory-scraper:high_impact_events_calendar.csv
2024-11-28T23:59:59,EH-20241128T2359-EUR-German-Prelim-CPI-m-m,German Prelim CPI m/m,EU,EUR,HIGH,-0.2,-0.2,0.4,,ehsanrs2/forexfactory-scraper:high_impact_events_calendar.csv
2024-11-29T11:00:00,EH-20241129T1100-GBP-BOE-Gov-Bailey-Speaks,BOE Gov Bailey Speaks,GB,GBP,HIGH,,,,,ehsanrs2/forexfactory-scraper:high_impact_events_calendar.csv
2024-11-29T13:30:00,EH-20241129T1330-CAD-GDP-m-m,GDP m/m,CA,CAD,HIGH,0.1,0.3,0.0,,ehsanrs2/forexfactory-scraper:high_impact_events_calendar.csv
2024-11-30T01:30:00,EH-20241130T0130-CNY-Manufacturing-PMI,Manufacturing PMI,CN,CNY,HIGH,50.3,50.2,50.1,,ehsanrs2/forexfactory-scraper:high_impact_events_calendar.csv
2024-12-02T15:00:00,EH-20241202T1500-USD-ISM-Manufacturing-PMI,ISM Manufacturing PMI,US,USD,HIGH,48.4,47.7,46.5,,ehsanrs2/forexfactory-scraper:high_impact_events_calendar.csv
2024-12-03T07:30:00,EH-20241203T0730-CHF-CPI-m-m,CPI m/m,CH,CHF,HIGH,-0.1,-0.1,-0.1,,ehsanrs2/forexfactory-scraper:high_impact_events_calendar.csv
2024-12-03T15:00:00,EH-20241203T1500-USD-JOLTS-Job-Openings,JOLTS Job Openings,US,USD,HIGH,7740000.0,7510000.0,7370000.0,,ehsanrs2/forexfactory-scraper:high_impact_events_calendar.csv
2024-12-04T00:30:00,EH-20241204T0030-AUD-GDP-q-q,GDP q/q,AU,AUD,HIGH,0.3,0.5,0.2,,ehsanrs2/forexfactory-scraper:high_impact_events_calendar.csv
2024-12-04T13:15:00,EH-20241204T1315-USD-ADP-Non-Farm-Employment-Change,ADP Non-Farm Employment Change,US,USD,HIGH,146000.0,152000.0,184000.0,,ehsanrs2/forexfactory-scraper:high_impact_events_calendar.csv
2024-12-04T15:00:00,EH-20241204T1500-USD-ISM-Services-PMI,ISM Services PMI,US,USD,HIGH,52.1,55.7,56.0,,ehsanrs2/forexfactory-scraper:high_impact_events_calendar.csv
2024-12-04T18:45:00,EH-20241204T1845-USD-Fed-Chair-Powell-Speaks,Fed Chair Powell Speaks,US,USD,HIGH,,,,,ehsanrs2/forexfactory-scraper:high_impact_events_calendar.csv
2024-12-05T13:30:00,EH-20241205T1330-USD-Unemployment-Claims,Unemployment Claims,US,USD,HIGH,224000.0,215000.0,215000.0,,ehsanrs2/forexfactory-scraper:high_impact_events_calendar.csv
2024-12-06T13:30:00,EH-20241206T1330-CAD-Employment-Change,Employment Change,CA,CAD,HIGH,50500.0,24700.0,14500.0,,ehsanrs2/forexfactory-scraper:high_impact_events_calendar.csv
2024-12-06T13:30:00,EH-20241206T1330-CAD-Unemployment-Rate,Unemployment Rate,CA,CAD,HIGH,6.8,6.6,6.5,,ehsanrs2/forexfactory-scraper:high_impact_events_calendar.csv
2024-12-06T13:30:00,EH-20241206T1330-USD-Average-Hourly-Earnings-m-m,Average Hourly Earnings m/m,US,USD,HIGH,0.4,0.3,0.4,,ehsanrs2/forexfactory-scraper:high_impact_events_calendar.csv
2024-12-06T13:30:00,EH-20241206T1330-USD-Non-Farm-Employment-Change,Non-Farm Employment Change,US,USD,HIGH,227000.0,218000.0,36000.0,,ehsanrs2/forexfactory-scraper:high_impact_events_calendar.csv
2024-12-06T13:30:00,EH-20241206T1330-USD-Unemployment-Rate,Unemployment Rate,US,USD,HIGH,4.2,4.1,4.1,,ehsanrs2/forexfactory-scraper:high_impact_events_calendar.csv
2024-12-10T03:30:00,EH-20241210T0330-AUD-RBA-Rate-Statement,RBA Rate Statement,AU,AUD,HIGH,,,,,ehsanrs2/forexfactory-scraper:high_impact_events_calendar.csv
2024-12-10T03:30:00,EH-20241210T0330-AUD-Cash-Rate,Cash Rate,AU,AUD,HIGH,4.35,4.35,4.35,,ehsanrs2/forexfactory-scraper:high_impact_events_calendar.csv
2024-12-11T13:30:00,EH-20241211T1330-USD-Core-CPI-m-m,Core CPI m/m,US,USD,HIGH,0.3,0.3,0.3,,ehsanrs2/forexfactory-scraper:high_impact_events_calendar.csv
2024-12-11T13:30:00,EH-20241211T1330-USD-CPI-m-m,CPI m/m,US,USD,HIGH,0.3,0.3,0.2,,ehsanrs2/forexfactory-scraper:high_impact_events_calendar.csv
2024-12-11T13:30:00,EH-20241211T1330-USD-CPI-y-y,CPI y/y,US,USD,HIGH,2.7,2.7,2.6,,ehsanrs2/forexfactory-scraper:high_impact_events_calendar.csv
2024-12-11T14:45:00,EH-20241211T1445-CAD-BOC-Rate-Statement,BOC Rate Statement,CA,CAD,HIGH,,,,,ehsanrs2/forexfactory-scraper:high_impact_events_calendar.csv
2024-12-11T14:45:00,EH-20241211T1445-CAD-Overnight-Rate,Overnight Rate,CA,CAD,HIGH,3.25,3.25,3.75,,ehsanrs2/forexfactory-scraper:high_impact_events_calendar.csv
2024-12-11T15:30:00,EH-20241211T1530-CAD-BOC-Press-Conference,BOC Press Conference,CA,CAD,HIGH,,,,,ehsanrs2/forexfactory-scraper:high_impact_events_calendar.csv
2024-12-12T00:30:00,EH-20241212T0030-AUD-Employment-Change,Employment Change,AU,AUD,HIGH,35600.0,26000.0,12100.0,,ehsanrs2/forexfactory-scraper:high_impact_events_calendar.csv
2024-12-12T00:30:00,EH-20241212T0030-AUD-Unemployment-Rate,Unemployment Rate,AU,AUD,HIGH,3.9,4.2,4.1,,ehsanrs2/forexfactory-scraper:high_impact_events_calendar.csv
2024-12-12T08:30:00,EH-20241212T0830-CHF-SNB-Monetary-Policy-Assessment,SNB Monetary Policy Assessment,CH,CHF,HIGH,,,,,ehsanrs2/forexfactory-scraper:high_impact_events_calendar.csv
2024-12-12T08:30:00,EH-20241212T0830-CHF-SNB-Policy-Rate,SNB Policy Rate,CH,CHF,HIGH,0.5,0.75,1.0,,ehsanrs2/forexfactory-scraper:high_impact_events_calendar.csv
2024-12-12T09:00:00,EH-20241212T0900-CHF-SNB-Press-Conference,SNB Press Conference,CH,CHF,HIGH,,,,,ehsanrs2/forexfactory-scraper:high_impact_events_calendar.csv
2024-12-12T13:15:00,EH-20241212T1315-EUR-Main-Refinancing-Rate,Main Refinancing Rate,EU,EUR,HIGH,3.15,3.15,3.4,,ehsanrs2/forexfactory-scraper:high_impact_events_calendar.csv
2024-12-12T13:15:00,EH-20241212T1315-EUR-Monetary-Policy-Statement,Monetary Policy Statement,EU,EUR,HIGH,,,,,ehsanrs2/forexfactory-scraper:high_impact_events_calendar.csv
2024-12-12T13:30:00,EH-20241212T1330-USD-Core-PPI-m-m,Core PPI m/m,US,USD,HIGH,0.2,0.2,0.3,,ehsanrs2/forexfactory-scraper:high_impact_events_calendar.csv
2024-12-12T13:30:00,EH-20241212T1330-USD-PPI-m-m,PPI m/m,US,USD,HIGH,0.4,0.2,0.3,,ehsanrs2/forexfactory-scraper:high_impact_events_calendar.csv
2024-12-12T13:30:00,EH-20241212T1330-USD-Unemployment-Claims,Unemployment Claims,US,USD,HIGH,242000.0,221000.0,225000.0,,ehsanrs2/forexfactory-scraper:high_impact_events_calendar.csv
2024-12-12T13:45:00,EH-20241212T1345-EUR-ECB-Press-Conference,ECB Press Conference,EU,EUR,HIGH,,,,,ehsanrs2/forexfactory-scraper:high_impact_events_calendar.csv
2024-12-13T07:00:00,EH-20241213T0700-GBP-GDP-m-m,GDP m/m,GB,GBP,HIGH,-0.1,0.1,-0.1,,ehsanrs2/forexfactory-scraper:high_impact_events_calendar.csv
2024-12-16T08:15:00,EH-20241216T0815-EUR-French-Flash-Services-PMI,French Flash Services PMI,EU,EUR,HIGH,48.2,46.9,46.9,,ehsanrs2/forexfactory-scraper:high_impact_events_calendar.csv
2024-12-16T08:15:00,EH-20241216T0815-EUR-French-Flash-Manufacturing-PMI,French Flash Manufacturing PMI,EU,EUR,HIGH,41.9,43.2,43.1,,ehsanrs2/forexfactory-scraper:high_impact_events_calendar.csv
2024-12-16T08:30:00,EH-20241216T0830-EUR-German-Flash-Manufacturing-PMI,German Flash Manufacturing PMI,EU,EUR,HIGH,42.5,43.1,43.0,,ehsanrs2/forexfactory-scraper:high_impact_events_calendar.csv
2024-12-16T08:30:00,EH-20241216T0830-EUR-German-Flash-Services-PMI,German Flash Services PMI,EU,EUR,HIGH,51.0,49.5,49.3,,ehsanrs2/forexfactory-scraper:high_impact_events_calendar.csv
2024-12-16T09:30:00,EH-20241216T0930-GBP-Flash-Manufacturing-PMI,Flash Manufacturing PMI,GB,GBP,HIGH,47.3,48.4,48.0,,ehsanrs2/forexfactory-scraper:high_impact_events_calendar.csv
2024-12-16T09:30:00,EH-20241216T0930-GBP-Flash-Services-PMI,Flash Services PMI,GB,GBP,HIGH,51.4,50.9,50.8,,ehsanrs2/forexfactory-scraper:high_impact_events_calendar.csv
2024-12-16T14:45:00,EH-20241216T1445-USD-Flash-Manufacturing-PMI,Flash Manufacturing PMI,US,USD,HIGH,48.3,49.4,49.7,,ehsanrs2/forexfactory-scraper:high_impact_events_calendar.csv
2024-12-16T14:45:00,EH-20241216T1445-USD-Flash-Services-PMI,Flash Services PMI,US,USD,HIGH,58.5,55.7,56.1,,ehsanrs2/forexfactory-scraper:high_impact_events_calendar.csv
2024-12-16T20:20:00,EH-20241216T2020-CAD-BOC-Gov-Macklem-Speaks,BOC Gov Macklem Speaks,CA,CAD,HIGH,,,,,ehsanrs2/forexfactory-scraper:high_impact_events_calendar.csv
2024-12-17T07:00:00,EH-20241217T0700-GBP-Claimant-Count-Change,Claimant Count Change,GB,GBP,HIGH,300.0,28200.0,-10900.0,,ehsanrs2/forexfactory-scraper:high_impact_events_calendar.csv
2024-12-17T13:30:00,EH-20241217T1330-CAD-CPI-m-m,CPI m/m,CA,CAD,HIGH,0.0,0.1,0.4,,ehsanrs2/forexfactory-scraper:high_impact_events_calendar.csv
2024-12-17T13:30:00,EH-20241217T1330-CAD-Median-CPI-y-y,Median CPI y/y,CA,CAD,HIGH,2.6,2.4,2.6,,ehsanrs2/forexfactory-scraper:high_impact_events_calendar.csv
2024-12-17T13:30:00,EH-20241217T1330-CAD-Trimmed-CPI-y-y,Trimmed CPI y/y,CA,CAD,HIGH,2.7,2.6,2.7,,ehsanrs2/forexfactory-scraper:high_impact_events_calendar.csv
2024-12-17T13:30:00,EH-20241217T1330-USD-Core-Retail-Sales-m-m,Core Retail Sales m/m,US,USD,HIGH,0.2,0.4,0.2,,ehsanrs2/forexfactory-scraper:high_impact_events_calendar.csv
2024-12-17T13:30:00,EH-20241217T1330-USD-Retail-Sales-m-m,Retail Sales m/m,US,USD,HIGH,0.7,0.6,0.5,,ehsanrs2/forexfactory-scraper:high_impact_events_calendar.csv
2024-12-18T07:00:00,EH-20241218T0700-GBP-CPI-y-y,CPI y/y,GB,GBP,HIGH,2.6,2.6,2.3,,ehsanrs2/forexfactory-scraper:high_impact_events_calendar.csv
2024-12-18T19:00:00,EH-20241218T1900-USD-FOMC-Economic-Projections,FOMC Economic Projections,US,USD,HIGH,,,,,ehsanrs2/forexfactory-scraper:high_impact_events_calendar.csv
2024-12-18T19:00:00,EH-20241218T1900-USD-FOMC-Statement,FOMC Statement,US,USD,HIGH,,,,,ehsanrs2/forexfactory-scraper:high_impact_events_calendar.csv
2024-12-18T19:00:00,EH-20241218T1900-USD-Federal-Funds-Rate,Federal Funds Rate,US,USD,HIGH,4.5,4.5,4.75,,ehsanrs2/forexfactory-scraper:high_impact_events_calendar.csv
2024-12-18T19:30:00,EH-20241218T1930-USD-FOMC-Press-Conference,FOMC Press Conference,US,USD,HIGH,,,,,ehsanrs2/forexfactory-scraper:high_impact_events_calendar.csv
2024-12-18T21:45:00,EH-20241218T2145-NZD-GDP-q-q,GDP q/q,NZ,NZD,HIGH,-1.0,-0.2,-1.1,,ehsanrs2/forexfactory-scraper:high_impact_events_calendar.csv
2024-12-19T02:52:00,EH-20241219T0252-JPY-BOJ-Policy-Rate,BOJ Policy Rate,JP,JPY,HIGH,,,,,ehsanrs2/forexfactory-scraper:high_impact_events_calendar.csv
2024-12-19T02:52:00,EH-20241219T0252-JPY-Monetary-Policy-Statement,Monetary Policy Statement,JP,JPY,HIGH,,,,,ehsanrs2/forexfactory-scraper:high_impact_events_calendar.csv
2024-12-19T06:30:00,EH-20241219T0630-JPY-BOJ-Press-Conference,BOJ Press Conference,JP,JPY,HIGH,,,,,ehsanrs2/forexfactory-scraper:high_impact_events_calendar.csv
2024-12-19T12:00:00,EH-20241219T1200-GBP-Official-Bank-Rate,Official Bank Rate,GB,GBP,HIGH,4.75,4.75,4.75,,ehsanrs2/forexfactory-scraper:high_impact_events_calendar.csv
2024-12-19T12:00:00,EH-20241219T1200-GBP-Monetary-Policy-Summary,Monetary Policy Summary,GB,GBP,HIGH,,,,,ehsanrs2/forexfactory-scraper:high_impact_events_calendar.csv
2024-12-19T12:00:00,EH-20241219T1200-GBP-MPC-Official-Bank-Rate-Votes,MPC Official Bank Rate Votes,GB,GBP,HIGH,0.0,0.0,0.0,,ehsanrs2/forexfactory-scraper:high_impact_events_calendar.csv
2024-12-19T13:30:00,EH-20241219T1330-USD-Unemployment-Claims,Unemployment Claims,US,USD,HIGH,220000.0,229000.0,242000.0,,ehsanrs2/forexfactory-scraper:high_impact_events_calendar.csv
2024-12-19T13:30:00,EH-20241219T1330-USD-Final-GDP-q-q,Final GDP q/q,US,USD,HIGH,3.1,2.8,2.8,,ehsanrs2/forexfactory-scraper:high_impact_events_calendar.csv
2024-12-20T07:00:00,EH-20241220T0700-GBP-Retail-Sales-m-m,Retail Sales m/m,GB,GBP,HIGH,0.2,0.5,-0.7,,ehsanrs2/forexfactory-scraper:high_impact_events_calendar.csv
2024-12-20T13:30:00,EH-20241220T1330-CAD-Core-Retail-Sales-m-m,Core Retail Sales m/m,CA,CAD,HIGH,0.1,0.2,1.1,,ehsanrs2/forexfactory-scraper:high_impact_events_calendar.csv
2024-12-20T13:30:00,EH-20241220T1330-CAD-Retail-Sales-m-m,Retail Sales m/m,CA,CAD,HIGH,0.6,0.7,0.6,,ehsanrs2/forexfactory-scraper:high_impact_events_calendar.csv
2024-12-20T13:30:00,EH-20241220T1330-USD-Core-PCE-Price-Index-m-m,Core PCE Price Index m/m,US,USD,HIGH,0.1,0.2,0.3,,ehsanrs2/forexfactory-scraper:high_impact_events_calendar.csv
2024-12-23T13:30:00,EH-20241223T1330-CAD-GDP-m-m,GDP m/m,CA,CAD,HIGH,0.3,0.2,0.2,,ehsanrs2/forexfactory-scraper:high_impact_events_calendar.csv
2024-12-26T13:30:00,EH-20241226T1330-USD-Unemployment-Claims,Unemployment Claims,US,USD,HIGH,219000.0,223000.0,220000.0,,ehsanrs2/forexfactory-scraper:high_impact_events_calendar.csv
2024-12-31T01:30:00,EH-20241231T0130-CNY-Manufacturing-PMI,Manufacturing PMI,CN,CNY,HIGH,50.1,50.3,50.3,,ehsanrs2/forexfactory-scraper:high_impact_events_calendar.csv
2025-01-02T13:30:00,EH-20250102T1330-USD-Unemployment-Claims,Unemployment Claims,US,USD,HIGH,211000.0,222000.0,220000.0,,ehsanrs2/forexfactory-scraper:high_impact_events_calendar.csv
2025-01-03T15:00:00,EH-20250103T1500-USD-ISM-Manufacturing-PMI,ISM Manufacturing PMI,US,USD,HIGH,49.3,48.2,48.4,,ehsanrs2/forexfactory-scraper:high_impact_events_calendar.csv
2025-01-06T23:59:59,EH-20250106T2359-EUR-German-Prelim-CPI-m-m,German Prelim CPI m/m,EU,EUR,HIGH,0.4,0.3,-0.2,,ehsanrs2/forexfactory-scraper:high_impact_events_calendar.csv
2025-01-07T07:30:00,EH-20250107T0730-CHF-CPI-m-m,CPI m/m,CH,CHF,HIGH,-0.1,-0.1,-0.1,,ehsanrs2/forexfactory-scraper:high_impact_events_calendar.csv
2025-01-07T15:00:00,EH-20250107T1500-USD-ISM-Services-PMI,ISM Services PMI,US,USD,HIGH,54.1,53.5,52.1,,ehsanrs2/forexfactory-scraper:high_impact_events_calendar.csv
2025-01-07T15:00:00,EH-20250107T1500-USD-JOLTS-Job-Openings,JOLTS Job Openings,US,USD,HIGH,8100000.0,7730000.0,7840000.0,,ehsanrs2/forexfactory-scraper:high_impact_events_calendar.csv
2025-01-08T00:30:00,EH-20250108T0030-AUD-CPI-y-y,CPI y/y,AU,AUD,HIGH,2.3,2.2,2.1,,ehsanrs2/forexfactory-scraper:high_impact_events_calendar.csv
2025-01-08T13:15:00,EH-20250108T1315-USD-ADP-Non-Farm-Employment-Change,ADP Non-Farm Employment Change,US,USD,HIGH,122000.0,139000.0,146000.0,,ehsanrs2/forexfactory-scraper:high_impact_events_calendar.csv
2025-01-08T13:30:00,EH-20250108T1330-USD-Unemployment-Claims,Unemployment Claims,US,USD,HIGH,201000.0,214000.0,211000.0,,ehsanrs2/forexfactory-scraper:high_impact_events_calendar.csv
2025-01-08T19:00:00,EH-20250108T1900-USD-FOMC-Meeting-Minutes,FOMC Meeting Minutes,US,USD,HIGH,,,,,ehsanrs2/forexfactory-scraper:high_impact_events_calendar.csv
2025-01-10T13:30:00,EH-20250110T1330-USD-Unemployment-Rate,Unemployment Rate,US,USD,HIGH,4.1,4.2,4.2,,ehsanrs2/forexfactory-scraper:high_impact_events_calendar.csv
2025-01-10T13:30:00,EH-20250110T1330-USD-Non-Farm-Employment-Change,Non-Farm Employment Change,US,USD,HIGH,256000.0,164000.0,212000.0,,ehsanrs2/forexfactory-scraper:high_impact_events_calendar.csv
2025-01-10T13:30:00,EH-20250110T1330-CAD-Employment-Change,Employment Change,CA,CAD,HIGH,90900.0,24900.0,50500.0,,ehsanrs2/forexfactory-scraper:high_impact_events_calendar.csv
2025-01-10T13:30:00,EH-20250110T1330-CAD-Unemployment-Rate,Unemployment Rate,CA,CAD,HIGH,6.7,6.9,6.8,,ehsanrs2/forexfactory-scraper:high_impact_events_calendar.csv
2025-01-10T13:30:00,EH-20250110T1330-USD-Average-Hourly-Earnings-m-m,Average Hourly Earnings m/m,US,USD,HIGH,0.3,0.3,0.4,,ehsanrs2/forexfactory-scraper:high_impact_events_calendar.csv
2025-01-14T13:30:00,EH-20250114T1330-USD-Core-PPI-m-m,Core PPI m/m,US,USD,HIGH,0.0,0.2,0.2,,ehsanrs2/forexfactory-scraper:high_impact_events_calendar.csv
2025-01-14T13:30:00,EH-20250114T1330-USD-PPI-m-m,PPI m/m,US,USD,HIGH,0.2,0.4,0.4,,ehsanrs2/forexfactory-scraper:high_impact_events_calendar.csv
2025-01-15T07:00:00,EH-20250115T0700-GBP-CPI-y-y,CPI y/y,GB,GBP,HIGH,2.5,2.6,2.6,,ehsanrs2/forexfactory-scraper:high_impact_events_calendar.csv
2025-01-15T13:30:00,EH-20250115T1330-USD-CPI-y-y,CPI y/y,US,USD,HIGH,2.9,2.9,2.7,,ehsanrs2/forexfactory-scraper:high_impact_events_calendar.csv
2025-01-15T13:30:00,EH-20250115T1330-USD-CPI-m-m,CPI m/m,US,USD,HIGH,0.4,0.4,0.3,,ehsanrs2/forexfactory-scraper:high_impact_events_calendar.csv
2025-01-15T13:30:00,EH-20250115T1330-USD-Core-CPI-m-m,Core CPI m/m,US,USD,HIGH,0.2,0.3,0.3,,ehsanrs2/forexfactory-scraper:high_impact_events_calendar.csv
2025-01-16T00:30:00,EH-20250116T0030-AUD-Employment-Change,Employment Change,AU,AUD,HIGH,56300.0,14500.0,28200.0,,ehsanrs2/forexfactory-scraper:high_impact_events_calendar.csv
2025-01-16T00:30:00,EH-20250116T0030-AUD-Unemployment-Rate,Unemployment Rate,AU,AUD,HIGH,4.0,4.0,3.9,,ehsanrs2/forexfactory-scraper:high_impact_events_calendar.csv
2025-01-16T07:00:00,EH-20250116T0700-GBP-GDP-m-m,GDP m/m,GB,GBP,HIGH,0.1,0.2,-0.1,,ehsanrs2/forexfactory-scraper:high_impact_events_calendar.csv
2025-01-16T13:30:00,EH-20250116T1330-USD-Core-Retail-Sales-m-m,Core Retail Sales m/m,US,USD,HIGH,0.4,0.5,0.2,,ehsanrs2/forexfactory-scraper:high_impact_events_calendar.csv
2025-01-16T13:30:00,EH-20250116T1330-USD-Retail-Sales-m-m,Retail Sales m/m,US,USD,HIGH,0.4,0.6,0.8,,ehsanrs2/forexfactory-scraper:high_impact_events_calendar.csv
2025-01-16T13:30:00,EH-20250116T1330-USD-Unemployment-Claims,Unemployment Claims,US,USD,HIGH,217000.0,210000.0,203000.0,,ehsanrs2/forexfactory-scraper:high_impact_events_calendar.csv
2025-01-17T07:00:00,EH-20250117T0700-GBP-Retail-Sales-m-m,Retail Sales m/m,GB,GBP,HIGH,-0.3,0.4,0.1,,ehsanrs2/forexfactory-scraper:high_impact_events_calendar.csv
2025-01-20T17:00:00,EH-20250120T1700-USD-President-Trump-Speaks,President Trump Speaks,US,USD,HIGH,,,,,ehsanrs2/forexfactory-scraper:high_impact_events_calendar.csv
2025-01-21T07:00:00,EH-20250121T0700-GBP-Claimant-Count-Change,Claimant Count Change,GB,GBP,HIGH,700.0,10300.0,-25100.0,,ehsanrs2/forexfactory-scraper:high_impact_events_calendar.csv
2025-01-21T13:30:00,EH-20250121T1330-CAD-CPI-m-m,CPI m/m,CA,CAD,HIGH,-0.4,-0.7,0.0,,ehsanrs2/forexfactory-scraper:high_impact_events_calendar.csv
2025-01-21T13:30:00,EH-20250121T1330-CAD-Median-CPI-y-y,Median CPI y/y,CA,CAD,HIGH,2.4,2.5,2.6,,ehsanrs2/forexfactory-scraper:high_impact_events_calendar.csv
2025-01-21T13:30:00,EH-20250121T1330-CAD-Trimmed-CPI-y-y,Trimmed CPI y/y,CA,CAD,HIGH,2.5,2.5,2.6,,ehsanrs2/forexfactory-scraper:high_impact_events_calendar.csv
2025-01-21T21:45:00,EH-20250121T2145-NZD-CPI-q-q,CPI q/q,NZ,NZD,HIGH,0.5,0.5,0.6,,ehsanrs2/forexfactory-scraper:high_impact_events_calendar.csv
2025-01-23T13:30:00,EH-20250123T1330-CAD-Core-Retail-Sales-m-m,Core Retail Sales m/m,CA,CAD,HIGH,-0.7,0.1,-0.1,,ehsanrs2/forexfactory-scraper:high_impact_events_calendar.csv
2025-01-23T13:30:00,EH-20250123T1330-CAD-Retail-Sales-m-m,Retail Sales m/m,CA,CAD,HIGH,0.0,0.2,0.6,,ehsanrs2/forexfactory-scraper:high_impact_events_calendar.csv
2025-01-23T13:30:00,EH-20250123T1330-USD-Unemployment-Claims,Unemployment Claims,US,USD,HIGH,223000.0,221000.0,217000.0,,ehsanrs2/forexfactory-scraper:high_impact_events_calendar.csv
2025-01-23T16:00:00,EH-20250123T1600-USD-President-Trump-Speaks,President Trump Speaks,US,USD,HIGH,,,,,ehsanrs2/forexfactory-scraper:high_impact_events_calendar.csv
2025-01-24T03:23:00,EH-20250124T0323-JPY-Monetary-Policy-Statement,Monetary Policy Statement,JP,JPY,HIGH,,,,,ehsanrs2/forexfactory-scraper:high_impact_events_calendar.csv
2025-01-24T03:23:00,EH-20250124T0323-JPY-BOJ-Outlook-Report,BOJ Outlook Report,JP,JPY,HIGH,,,,,ehsanrs2/forexfactory-scraper:high_impact_events_calendar.csv
2025-01-24T03:23:00,EH-20250124T0323-JPY-BOJ-Policy-Rate,BOJ Policy Rate,JP,JPY,HIGH,,,,,ehsanrs2/forexfactory-scraper:high_impact_events_calendar.csv
2025-01-24T06:30:00,EH-20250124T0630-JPY-BOJ-Press-Conference,BOJ Press Conference,JP,JPY,HIGH,,,,,ehsanrs2/forexfactory-scraper:high_impact_events_calendar.csv
2025-01-24T08:15:00,EH-20250124T0815-EUR-French-Flash-Manufacturing-PMI,French Flash Manufacturing PMI,EU,EUR,HIGH,45.3,42.4,41.9,,ehsanrs2/forexfactory-scraper:high_impact_events_calendar.csv
2025-01-24T08:15:00,EH-20250124T0815-EUR-French-Flash-Services-PMI,French Flash Services PMI,EU,EUR,HIGH,48.9,49.3,49.3,,ehsanrs2/forexfactory-scraper:high_impact_events_calendar.csv
2025-01-24T08:30:00,EH-20250124T0830-EUR-German-Flash-Manufacturing-PMI,German Flash Manufacturing PMI,EU,EUR,HIGH,44.1,42.7,42.5,,ehsanrs2/forexfactory-scraper:high_impact_events_calendar.csv
2025-01-24T08:30:00,EH-20250124T0830-EUR-German-Flash-Services-PMI,German Flash Services PMI,EU,EUR,HIGH,52.5,51.1,51.2,,ehsanrs2/forexfactory-scraper:high_impact_events_calendar.csv
2025-01-24T09:30:00,EH-20250124T0930-GBP-Flash-Manufacturing-PMI,Flash Manufacturing PMI,GB,GBP,HIGH,48.2,46.9,47.0,,ehsanrs2/forexfactory-scraper:high_impact_events_calendar.csv
2025-01-24T09:30:00,EH-20250124T0930-GBP-Flash-Services-PMI,Flash Services PMI,GB,GBP,HIGH,51.2,50.8,51.1,,ehsanrs2/forexfactory-scraper:high_impact_events_calendar.csv
2025-01-24T14:45:00,EH-20250124T1445-USD-Flash-Services-PMI,Flash Services PMI,US,USD,HIGH,52.8,56.4,56.8,,ehsanrs2/forexfactory-scraper:high_impact_events_calendar.csv
2025-01-24T14:45:00,EH-20250124T1445-USD-Flash-Manufacturing-PMI,Flash Manufacturing PMI,US,USD,HIGH,50.1,49.8,49.4,,ehsanrs2/forexfactory-scraper:high_impact_events_calendar.csv
2025-01-27T01:30:00,EH-20250127T0130-CNY-Manufacturing-PMI,Manufacturing PMI,CN,CNY,HIGH,49.1,50.1,50.1,,ehsanrs2/forexfactory-scraper:high_impact_events_calendar.csv
2025-01-27T21:25:00,EH-20250127T2125-CHF-SNB-Chairman-Schlegel-Speaks,SNB Chairman Schlegel Speaks,CH,CHF,HIGH,,,,,ehsanrs2/forexfactory-scraper:high_impact_events_calendar.csv
2025-01-28T15:00:00,EH-20250128T1500-USD-CB-Consumer-Confidence,CB Consumer Confidence,US,USD,HIGH,104.1,105.7,109.5,,ehsanrs2/forexfactory-scraper:high_impact_events_calendar.csv
2025-01-29T00:30:00,EH-20250129T0030-AUD-CPI-m-m,CPI m/m,AU,AUD,HIGH,0.2,0.3,0.2,,ehsanrs2/forexfactory-scraper:high_impact_events_calendar.csv
2025-01-29T00:30:00,EH-20250129T0030-AUD-CPI-y-y,CPI y/y,AU,AUD,HIGH,2.5,2.5,2.3,,ehsanrs2/forexfactory-scraper:high_impact_events_calendar.csv
2025-01-29T00:30:00,EH-20250129T0030-AUD-Trimmed-Mean-CPI-m-m,Trimmed Mean CPI m/m,AU,AUD,HIGH,0.5,0.6,0.8,,ehsanrs2/forexfactory-scraper:high_impact_events_calendar.csv
2025-01-29T14:15:00,EH-20250129T1415-GBP-BOE-Gov-Bailey-Speaks,BOE Gov Bailey Speaks,GB,GBP,HIGH,,,,,ehsanrs2/forexfactory-scraper:high_impact_events_calendar.csv
2025-01-29T14:45:00,EH-20250129T1445-CAD-Overnight-Rate,Overnight Rate,CA,CAD,HIGH,3.0,3.0,3.25,,ehsanrs2/forexfactory-scraper:high_impact_events_calendar.csv
2025-01-29T14:45:00,EH-20250129T1445-CAD-BOC-Monetary-Policy-Report,BOC Monetary Policy Report,CA,CAD,HIGH,,,,,ehsanrs2/forexfactory-scraper:high_impact_events_calendar.csv
2025-01-29T14:45:00,EH-20250129T1445-CAD-BOC-Rate-Statement,BOC Rate Statement,CA,CAD,HIGH,,,,,ehsanrs2/forexfactory-scraper:high_impact_events_calendar.csv
2025-01-29T15:30:00,EH-20250129T1530-CAD-BOC-Press-Conference,BOC Press Conference,CA,CAD,HIGH,,,,,ehsanrs2/forexfactory-scraper:high_impact_events_calendar.csv
2025-01-29T19:00:00,EH-20250129T1900-USD-Federal-Funds-Rate,Federal Funds Rate,US,USD,HIGH,4.5,4.5,4.5,,ehsanrs2/forexfactory-scraper:high_impact_events_calendar.csv
2025-01-29T19:00:00,EH-20250129T1900-USD-FOMC-Statement,FOMC Statement,US,USD,HIGH,,,,,ehsanrs2/forexfactory-scraper:high_impact_events_calendar.csv
2025-01-29T19:30:00,EH-20250129T1930-USD-FOMC-Press-Conference,FOMC Press Conference,US,USD,HIGH,,,,,ehsanrs2/forexfactory-scraper:high_impact_events_calendar.csv
2025-01-30T13:15:00,EH-20250130T1315-EUR-Main-Refinancing-Rate,Main Refinancing Rate,EU,EUR,HIGH,2.9,2.9,3.15,,ehsanrs2/forexfactory-scraper:high_impact_events_calendar.csv
2025-01-30T13:15:00,EH-20250130T1315-EUR-Monetary-Policy-Statement,Monetary Policy Statement,EU,EUR,HIGH,,,,,ehsanrs2/forexfactory-scraper:high_impact_events_calendar.csv
2025-01-30T13:30:00,EH-20250130T1330-USD-Unemployment-Claims,Unemployment Claims,US,USD,HIGH,207000.0,224000.0,223000.0,,ehsanrs2/forexfactory-scraper:high_impact_events_calendar.csv
2025-01-30T13:30:00,EH-20250130T1330-USD-Advance-GDP-q-q,Advance GDP q/q,US,USD,HIGH,2.3,2.7,3.1,,ehsanrs2/forexfactory-scraper:high_impact_events_calendar.csv
2025-01-30T13:45:00,EH-20250130T1345-EUR-ECB-Press-Conference,ECB Press Conference,EU,EUR,HIGH,,,,,ehsanrs2/forexfactory-scraper:high_impact_events_calendar.csv
2025-01-31T13:30:00,EH-20250131T1330-CAD-GDP-m-m,GDP m/m,CA,CAD,HIGH,-0.2,-0.1,0.3,,ehsanrs2/forexfactory-scraper:high_impact_events_calendar.csv
2025-01-31T13:30:00,EH-20250131T1330-USD-Core-PCE-Price-Index-m-m,Core PCE Price Index m/m,US,USD,HIGH,0.2,0.2,0.1,,ehsanrs2/forexfactory-scraper:high_impact_events_calendar.csv
2025-01-31T13:30:00,EH-20250131T1330-USD-Employment-Cost-Index-q-q,Employment Cost Index q/q,US,USD,HIGH,0.9,0.9,0.8,,ehsanrs2/forexfactory-scraper:high_impact_events_calendar.csv
2025-01-31T23:59:59,EH-20250131T2359-EUR-German-Prelim-CPI-m-m,German Prelim CPI m/m,EU,EUR,HIGH,-0.2,0.1,0.5,,ehsanrs2/forexfactory-scraper:high_impact_events_calendar.csv
2025-02-03T15:00:00,EH-20250203T1500-USD-ISM-Manufacturing-PMI,ISM Manufacturing PMI,US,USD,HIGH,50.9,49.3,49.3,,ehsanrs2/forexfactory-scraper:high_impact_events_calendar.csv
2025-02-04T15:00:00,EH-20250204T1500-USD-JOLTS-Job-Openings,JOLTS Job Openings,US,USD,HIGH,7600000.0,8010000.0,8160000.0,,ehsanrs2/forexfactory-scraper:high_impact_events_calendar.csv
2025-02-04T21:45:00,EH-20250204T2145-NZD-Unemployment-Rate,Unemployment Rate,NZ,NZD,HIGH,5.1,5.1,4.8,,ehsanrs2/forexfactory-scraper:high_impact_events_calendar.csv
2025-02-04T21:45:00,EH-20250204T2145-NZD-Employment-Change-q-q,Employment Change q/q,NZ,NZD,HIGH,-0.1,-0.2,-0.6,,ehsanrs2/forexfactory-scraper:high_impact_events_calendar.csv
2025-02-04T22:10:00,EH-20250204T2210-USD-President-Trump-Speaks,President Trump Speaks,US,USD,HIGH,,,,,ehsanrs2/forexfactory-scraper:high_impact_events_calendar.csv
2025-02-05T13:15:00,EH-20250205T1315-USD-ADP-Non-Farm-Employment-Change,ADP Non-Farm Employment Change,US,USD,HIGH,183000.0,148000.0,176000.0,,ehsanrs2/forexfactory-scraper:high_impact_events_calendar.csv
2025-02-05T15:00:00,EH-20250205T1500-USD-ISM-Services-PMI,ISM Services PMI,US,USD,HIGH,52.8,54.2,54.1,,ehsanrs2/forexfactory-scraper:high_impact_events_calendar.csv
2025-02-06T12:00:00,EH-20250206T1200-GBP-BOE-Monetary-Policy-Report,BOE Monetary Policy Report,GB,GBP,HIGH,,,,,ehsanrs2/forexfactory-scraper:high_impact_events_calendar.csv
2025-02-06T12:00:00,EH-20250206T1200-GBP-Monetary-Policy-Summary,Monetary Policy Summary,GB,GBP,HIGH,,,,,ehsanrs2/forexfactory-scraper:high_impact_events_calendar.csv
2025-02-06T12:00:00,EH-20250206T1200-GBP-MPC-Official-Bank-Rate-Votes,MPC Official Bank Rate Votes,GB,GBP,HIGH,0.0,0.0,0.0,,ehsanrs2/forexfactory-scraper:high_impact_events_calendar.csv
2025-02-06T12:00:00,EH-20250206T1200-GBP-Official-Bank-Rate,Official Bank Rate,GB,GBP,HIGH,4.5,4.5,4.75,,ehsanrs2/forexfactory-scraper:high_impact_events_calendar.csv
2025-02-06T12:30:00,EH-20250206T1230-GBP-BOE-Gov-Bailey-Speaks,BOE Gov Bailey Speaks,GB,GBP,HIGH,,,,,ehsanrs2/forexfactory-scraper:high_impact_events_calendar.csv
2025-02-06T13:30:00,EH-20250206T1330-USD-Unemployment-Claims,Unemployment Claims,US,USD,HIGH,219000.0,214000.0,208000.0,,ehsanrs2/forexfactory-scraper:high_impact_events_calendar.csv
2025-02-06T21:05:00,EH-20250206T2105-GBP-BOE-Gov-Bailey-Speaks,BOE Gov Bailey Speaks,GB,GBP,HIGH,,,,,ehsanrs2/forexfactory-scraper:high_impact_events_calendar.csv
2025-02-07T13:30:00,EH-20250207T1330-CAD-Employment-Change,Employment Change,CA,CAD,HIGH,76000.0,25500.0,90900.0,,ehsanrs2/forexfactory-scraper:high_impact_events_calendar.csv
2025-02-07T13:30:00,EH-20250207T1330-CAD-Unemployment-Rate,Unemployment Rate,CA,CAD,HIGH,6.6,6.8,6.7,,ehsanrs2/forexfactory-scraper:high_impact_events_calendar.csv
2025-02-07T13:30:00,EH-20250207T1330-USD-Average-Hourly-Earnings-m-m,Average Hourly Earnings m/m,US,USD,HIGH,0.5,0.3,0.3,,ehsanrs2/forexfactory-scraper:high_impact_events_calendar.csv
2025-02-07T13:30:00,EH-20250207T1330-USD-Non-Farm-Employment-Change,Non-Farm Employment Change,US,USD,HIGH,143000.0,169000.0,307000.0,,ehsanrs2/forexfactory-scraper:high_impact_events_calendar.csv
2025-02-07T13:30:00,EH-20250207T1330-USD-Unemployment-Rate,Unemployment Rate,US,USD,HIGH,4.0,4.1,4.1,,ehsanrs2/forexfactory-scraper:high_impact_events_calendar.csv
2025-02-10T21:30:00,EH-20250210T2130-USD-President-Trump-Speaks,President Trump Speaks,US,USD,HIGH,,,,,ehsanrs2/forexfactory-scraper:high_impact_events_calendar.csv
2025-02-11T12:15:00,EH-20250211T1215-GBP-BOE-Gov-Bailey-Speaks,BOE Gov Bailey Speaks,GB,GBP,HIGH,,,,,ehsanrs2/forexfactory-scraper:high_impact_events_calendar.csv
2025-02-11T15:00:00,EH-20250211T1500-USD-Fed-Chair-Powell-Testifies,Fed Chair Powell Testifies,US,USD,HIGH,,,,,ehsanrs2/forexfactory-scraper:high_impact_events_calendar.csv
2025-02-11T20:40:00,EH-20250211T2040-USD-President-Trump-Speaks,President Trump Speaks,US,USD,HIGH,,,,,ehsanrs2/forexfactory-scraper:high_impact_events_calendar.csv
2025-02-12T13:30:00,EH-20250212T1330-USD-Core-CPI-m-m,Core CPI m/m,US,USD,HIGH,0.4,0.3,0.2,,ehsanrs2/forexfactory-scraper:high_impact_events_calendar.csv
2025-02-12T13:30:00,EH-20250212T1330-USD-CPI-m-m,CPI m/m,US,USD,HIGH,0.5,0.3,0.4,,ehsanrs2/forexfactory-scraper:high_impact_events_calendar.csv
2025-02-12T13:30:00,EH-20250212T1330-USD-CPI-y-y,CPI y/y,US,USD,HIGH,3.0,2.9,2.9,,ehsanrs2/forexfactory-scraper:high_impact_events_calendar.csv
2025-02-12T15:00:00,EH-20250212T1500-USD-Fed-Chair-Powell-Testifies,Fed Chair Powell Testifies,US,USD,HIGH,,,,,ehsanrs2/forexfactory-scraper:high_impact_events_calendar.csv
2025-02-12T20:48:00,EH-20250212T2048-USD-President-Trump-Speaks,President Trump Speaks,US,USD,HIGH,,,,,ehsanrs2/forexfactory-scraper:high_impact_events_calendar.csv
2025-02-12T23:59:59,EH-20250212T2359-EUR-Greek-Presidential-Elections,Greek Presidential Elections,EU,EUR,HIGH,,,,,ehsanrs2/forexfactory-scraper:high_impact_events_calendar.csv
2025-02-13T02:00:00,EH-20250213T0200-NZD-Inflation-Expectations-q-q,Inflation Expectations q/q,NZ,NZD,HIGH,2.06,,2.12,,ehsanrs2/forexfactory-scraper:high_impact_events_calendar.csv
2025-02-13T07:00:00,EH-20250213T0700-GBP-GDP-m-m,GDP m/m,GB,GBP,HIGH,0.4,0.1,0.1,,ehsanrs2/forexfactory-scraper:high_impact_events_calendar.csv
2025-02-13T07:30:00,EH-20250213T0730-CHF-CPI-m-m,CPI m/m,CH,CHF,HIGH,-0.1,-0.1,-0.1,,ehsanrs2/forexfactory-scraper:high_impact_events_calendar.csv
2025-02-13T13:30:00,EH-20250213T1330-USD-Core-PPI-m-m,Core PPI m/m,US,USD,HIGH,0.3,0.3,0.4,,ehsanrs2/forexfactory-scraper:high_impact_events_calendar.csv
2025-02-13T13:30:00,EH-20250213T1330-USD-PPI-m-m,PPI m/m,US,USD,HIGH,0.4,0.3,0.5,,ehsanrs2/forexfactory-scraper:high_impact_events_calendar.csv
2025-02-13T13:30:00,EH-20250213T1330-USD-Unemployment-Claims,Unemployment Claims,US,USD,HIGH,213000.0,217000.0,220000.0,,ehsanrs2/forexfactory-scraper:high_impact_events_calendar.csv
2025-02-13T18:36:00,EH-20250213T1836-USD-President-Trump-Speaks,President Trump Speaks,US,USD,HIGH,,,,,ehsanrs2/forexfactory-scraper:high_impact_events_calendar.csv
2025-02-14T13:30:00,EH-20250214T1330-USD-Core-Retail-Sales-m-m,Core Retail Sales m/m,US,USD,HIGH,-0.4,0.3,0.7,,ehsanrs2/forexfactory-scraper:high_impact_events_calendar.csv
2025-02-14T13:30:00,EH-20250214T1330-USD-Retail-Sales-m-m,Retail Sales m/m,US,USD,HIGH,-0.9,-0.2,0.7,,ehsanrs2/forexfactory-scraper:high_impact_events_calendar.csv
2025-02-14T19:08:00,EH-20250214T1908-USD-President-Trump-Speaks,President Trump Speaks,US,USD,HIGH,,,,,ehsanrs2/forexfactory-scraper:high_impact_events_calendar.csv
2025-02-18T03:30:00,EH-20250218T0330-AUD-Cash-Rate,Cash Rate,AU,AUD,HIGH,4.1,4.1,4.35,,ehsanrs2/forexfactory-scraper:high_impact_events_calendar.csv
2025-02-18T03:30:00,EH-20250218T0330-AUD-RBA-Monetary-Policy-Statement,RBA Monetary Policy Statement,AU,AUD,HIGH,,,,,ehsanrs2/forexfactory-scraper:high_impact_events_calendar.csv
2025-02-18T03:30:00,EH-20250218T0330-AUD-RBA-Rate-Statement,RBA Rate Statement,AU,AUD,HIGH,,,,,ehsanrs2/forexfactory-scraper:high_impact_events_calendar.csv
2025-02-18T07:00:00,EH-20250218T0700-GBP-Claimant-Count-Change,Claimant Count Change,GB,GBP,HIGH,22000.0,10000.0,-15100.0,,ehsanrs2/forexfactory-scraper:high_impact_events_calendar.csv
2025-02-18T09:30:00,EH-20250218T0930-GBP-BOE-Gov-Bailey-Speaks,BOE Gov Bailey Speaks,GB,GBP,HIGH,,,,,ehsanrs2/forexfactory-scraper:high_impact_events_calendar.csv
2025-02-18T13:30:00,EH-20250218T1330-CAD-CPI-m-m,CPI m/m,CA,CAD,HIGH,0.1,0.1,-0.4,,ehsanrs2/forexfactory-scraper:high_impact_events_calendar.csv
2025-02-18T13:30:00,EH-20250218T1330-CAD-Median-CPI-y-y,Median CPI y/y,CA,CAD,HIGH,2.7,2.5,2.6,,ehsanrs2/forexfactory-scraper:high_impact_events_calendar.csv
2025-02-18T13:30:00,EH-20250218T1330-CAD-Trimmed-CPI-y-y,Trimmed CPI y/y,CA,CAD,HIGH,2.7,2.6,2.5,,ehsanrs2/forexfactory-scraper:high_impact_events_calendar.csv
2025-02-18T21:13:00,EH-20250218T2113-USD-President-Trump-Speaks,President Trump Speaks,US,USD,HIGH,,,,,ehsanrs2/forexfactory-scraper:high_impact_events_calendar.csv
2025-02-19T00:30:00,EH-20250219T0030-AUD-Wage-Price-Index-q-q,Wage Price Index q/q,AU,AUD,HIGH,0.7,0.8,0.9,,ehsanrs2/forexfactory-scraper:high_impact_events_calendar.csv
2025-02-19T01:00:00,EH-20250219T0100-NZD-Official-Cash-Rate,Official Cash Rate,NZ,NZD,HIGH,3.75,3.75,4.25,,ehsanrs2/forexfactory-scraper:high_impact_events_calendar.csv
2025-02-19T01:00:00,EH-20250219T0100-NZD-RBNZ-Monetary-Policy-Statement,RBNZ Monetary Policy Statement,NZ,NZD,HIGH,,,,,ehsanrs2/forexfactory-scraper:high_impact_events_calendar.csv
2025-02-19T01:00:00,EH-20250219T0100-NZD-RBNZ-Rate-Statement,RBNZ Rate Statement,NZ,NZD,HIGH,,,,,ehsanrs2/forexfactory-scraper:high_impact_events_calendar.csv
2025-02-19T02:00:00,EH-20250219T0200-NZD-RBNZ-Press-Conference,RBNZ Press Conference,NZ,NZD,HIGH,,,,,ehsanrs2/forexfactory-scraper:high_impact_events_calendar.csv
2025-02-19T02:00:00,EH-20250219T0200-USD-President-Trump-Speaks,President Trump Speaks,US,USD,HIGH,,,,,ehsanrs2/forexfactory-scraper:high_impact_events_calendar.csv
2025-02-19T07:00:00,EH-20250219T0700-GBP-CPI-y-y,CPI y/y,GB,GBP,HIGH,3.0,2.8,2.5,,ehsanrs2/forexfactory-scraper:high_impact_events_calendar.csv
2025-02-19T19:00:00,EH-20250219T1900-USD-FOMC-Meeting-Minutes,FOMC Meeting Minutes,US,USD,HIGH,,,,,ehsanrs2/forexfactory-scraper:high_impact_events_calendar.csv
2025-02-19T22:00:00,EH-20250219T2200-USD-President-Trump-Speaks,President Trump Speaks,US,USD,HIGH,,,,,ehsanrs2/forexfactory-scraper:high_impact_events_calendar.csv
2025-02-20T00:30:00,EH-20250220T0030-AUD-Employment-Change,Employment Change,AU,AUD,HIGH,44000.0,19400.0,60000.0,,ehsanrs2/forexfactory-scraper:high_impact_events_calendar.csv
2025-02-20T00:30:00,EH-20250220T0030-AUD-Unemployment-Rate,Unemployment Rate,AU,AUD,HIGH,4.1,4.1,4.0,,ehsanrs2/forexfactory-scraper:high_impact_events_calendar.csv
2025-02-20T13:30:00,EH-20250220T1330-USD-Unemployment-Claims,Unemployment Claims,US,USD,HIGH,219000.0,215000.0,214000.0,,ehsanrs2/forexfactory-scraper:high_impact_events_calendar.csv
2025-02-20T22:30:00,EH-20250220T2230-AUD-RBA-Gov-Bullock-Speaks,RBA Gov Bullock Speaks,AU,AUD,HIGH,,,,,ehsanrs2/forexfactory-scraper:high_impact_events_calendar.csv
2025-02-21T00:20:00,EH-20250221T0020-USD-President-Trump-Speaks,President Trump Speaks,US,USD,HIGH,,,,,ehsanrs2/forexfactory-scraper:high_impact_events_calendar.csv
2025-02-21T07:00:00,EH-20250221T0700-GBP-Retail-Sales-m-m,Retail Sales m/m,GB,GBP,HIGH,1.7,0.4,-0.6,,ehsanrs2/forexfactory-scraper:high_impact_events_calendar.csv
2025-02-21T08:15:00,EH-20250221T0815-EUR-French-Flash-Manufacturing-PMI,French Flash Manufacturing PMI,EU,EUR,HIGH,45.5,45.3,45.0,,ehsanrs2/forexfactory-scraper:high_impact_events_calendar.csv
2025-02-21T08:15:00,EH-20250221T0815-EUR-French-Flash-Services-PMI,French Flash Services PMI,EU,EUR,HIGH,44.5,48.8,48.2,,ehsanrs2/forexfactory-scraper:high_impact_events_calendar.csv
2025-02-21T08:30:00,EH-20250221T0830-EUR-German-Flash-Services-PMI,German Flash Services PMI,EU,EUR,HIGH,52.2,52.4,52.5,,ehsanrs2/forexfactory-scraper:high_impact_events_calendar.csv
2025-02-21T08:30:00,EH-20250221T0830-EUR-German-Flash-Manufacturing-PMI,German Flash Manufacturing PMI,EU,EUR,HIGH,46.1,45.4,45.0,,ehsanrs2/forexfactory-scraper:high_impact_events_calendar.csv
2025-02-21T09:30:00,EH-20250221T0930-GBP-Flash-Manufacturing-PMI,Flash Manufacturing PMI,GB,GBP,HIGH,46.4,48.5,48.3,,ehsanrs2/forexfactory-scraper:high_impact_events_calendar.csv
2025-02-21T09:30:00,EH-20250221T0930-GBP-Flash-Services-PMI,Flash Services PMI,GB,GBP,HIGH,51.1,50.8,50.8,,ehsanrs2/forexfactory-scraper:high_impact_events_calendar.csv
2025-02-21T13:30:00,EH-20250221T1330-CAD-Core-Retail-Sales-m-m,Core Retail Sales m/m,CA,CAD,HIGH,2.7,1.7,-0.7,,ehsanrs2/forexfactory-scraper:high_impact_events_calendar.csv
2025-02-21T13:30:00,EH-20250221T1330-CAD-Retail-Sales-m-m,Retail Sales m/m,CA,CAD,HIGH,2.5,1.5,0.2,,ehsanrs2/forexfactory-scraper:high_impact_events_calendar.csv
2025-02-21T14:45:00,EH-20250221T1445-USD-Flash-Manufacturing-PMI,Flash Manufacturing PMI,US,USD,HIGH,51.6,51.3,51.2,,ehsanrs2/forexfactory-scraper:high_impact_events_calendar.csv
2025-02-21T14:45:00,EH-20250221T1445-USD-Flash-Services-PMI,Flash Services PMI,US,USD,HIGH,49.7,53.0,52.9,,ehsanrs2/forexfactory-scraper:high_impact_events_calendar.csv
2025-02-21T17:30:00,EH-20250221T1730-CAD-BOC-Gov-Macklem-Speaks,BOC Gov Macklem Speaks,CA,CAD,HIGH,,,,,ehsanrs2/forexfactory-scraper:high_impact_events_calendar.csv
2025-02-21T20:56:00,EH-20250221T2056-USD-President-Trump-Speaks,President Trump Speaks,US,USD,HIGH,,,,,ehsanrs2/forexfactory-scraper:high_impact_events_calendar.csv
2025-02-23T23:59:59,EH-20250223T2359-EUR-German-Federal-Elections,German Federal Elections,EU,EUR,HIGH,,,,,ehsanrs2/forexfactory-scraper:high_impact_events_calendar.csv
2025-02-24T19:49:00,EH-20250224T1949-USD-President-Trump-Speaks,President Trump Speaks,US,USD,HIGH,,,,,ehsanrs2/forexfactory-scraper:high_impact_events_calendar.csv
2025-02-25T20:59:00,EH-20250225T2059-USD-President-Trump-Speaks,President Trump Speaks,US,USD,HIGH,,,,,ehsanrs2/forexfactory-scraper:high_impact_events_calendar.csv
2025-02-26T00:30:00,EH-20250226T0030-AUD-CPI-y-y,CPI y/y,AU,AUD,HIGH,2.5,2.6,2.5,,ehsanrs2/forexfactory-scraper:high_impact_events_calendar.csv
2025-02-27T13:30:00,EH-20250227T1330-USD-Prelim-GDP-q-q,Prelim GDP q/q,US,USD,HIGH,2.3,2.3,2.3,,ehsanrs2/forexfactory-scraper:high_impact_events_calendar.csv
2025-02-27T13:30:00,EH-20250227T1330-USD-Unemployment-Claims,Unemployment Claims,US,USD,HIGH,242000.0,222000.0,220000.0,,ehsanrs2/forexfactory-scraper:high_impact_events_calendar.csv
2025-02-28T13:30:00,EH-20250228T1330-CAD-GDP-m-m,GDP m/m,CA,CAD,HIGH,0.2,0.3,-0.2,,ehsanrs2/forexfactory-scraper:high_impact_events_calendar.csv
2025-02-28T13:30:00,EH-20250228T1330-USD-Core-PCE-Price-Index-m-m,Core PCE Price Index m/m,US,USD,HIGH,0.3,0.3,0.2,,ehsanrs2/forexfactory-scraper:high_impact_events_calendar.csv
2025-02-28T17:15:00,EH-20250228T1715-USD-President-Trump-Speaks,President Trump Speaks,US,USD,HIGH,,,,,ehsanrs2/forexfactory-scraper:high_impact_events_calendar.csv
2025-02-28T23:59:59,EH-20250228T2359-EUR-German-Prelim-CPI-m-m,German Prelim CPI m/m,EU,EUR,HIGH,0.4,0.4,-0.2,,ehsanrs2/forexfactory-scraper:high_impact_events_calendar.csv
2025-03-01T01:30:00,EH-20250301T0130-CNY-Manufacturing-PMI,Manufacturing PMI,CN,CNY,HIGH,50.2,49.9,49.1,,ehsanrs2/forexfactory-scraper:high_impact_events_calendar.csv
2025-03-03T15:00:00,EH-20250303T1500-USD-ISM-Manufacturing-PMI,ISM Manufacturing PMI,US,USD,HIGH,50.3,50.6,50.9,,ehsanrs2/forexfactory-scraper:high_impact_events_calendar.csv
2025-03-05T00:30:00,EH-20250305T0030-AUD-GDP-q-q,GDP q/q,AU,AUD,HIGH,0.6,0.6,0.3,,ehsanrs2/forexfactory-scraper:high_impact_events_calendar.csv
2025-03-05T02:10:00,EH-20250305T0210-USD-President-Trump-Speaks,President Trump Speaks,US,USD,HIGH,,,,,ehsanrs2/forexfactory-scraper:high_impact_events_calendar.csv
2025-03-05T07:30:00,EH-20250305T0730-CHF-CPI-m-m,CPI m/m,CH,CHF,HIGH,0.6,0.5,-0.1,,ehsanrs2/forexfactory-scraper:high_impact_events_calendar.csv
2025-03-05T13:15:00,EH-20250305T1315-USD-ADP-Non-Farm-Employment-Change,ADP Non-Farm Employment Change,US,USD,HIGH,77000.0,141000.0,186000.0,,ehsanrs2/forexfactory-scraper:high_impact_events_calendar.csv
2025-03-05T15:00:00,EH-20250305T1500-USD-ISM-Services-PMI,ISM Services PMI,US,USD,HIGH,53.5,52.5,52.8,,ehsanrs2/forexfactory-scraper:high_impact_events_calendar.csv
2025-03-06T13:15:00,EH-20250306T1315-EUR-Main-Refinancing-Rate,Main Refinancing Rate,EU,EUR,HIGH,2.65,2.65,2.9,,ehsanrs2/forexfactory-scraper:high_impact_events_calendar.csv
2025-03-06T13:15:00,EH-20250306T1315-EUR-Monetary-Policy-Statement,Monetary Policy Statement,EU,EUR,HIGH,,,,,ehsanrs2/forexfactory-scraper:high_impact_events_calendar.csv
2025-03-06T13:30:00,EH-20250306T1330-USD-Unemployment-Claims,Unemployment Claims,US,USD,HIGH,221000.0,234000.0,242000.0,,ehsanrs2/forexfactory-scraper:high_impact_events_calendar.csv
2025-03-06T13:45:00,EH-20250306T1345-EUR-ECB-Press-Conference,ECB Press Conference,EU,EUR,HIGH,,,,,ehsanrs2/forexfactory-scraper:high_impact_events_calendar.csv
2025-03-06T23:59:59,EH-20250306T2359-EUR-Euro-Summit,Euro Summit,EU,EUR,HIGH,,,,,ehsanrs2/forexfactory-scraper:high_impact_events_calendar.csv
2025-03-07T13:30:00,EH-20250307T1330-CAD-Employment-Change,Employment Change,CA,CAD,HIGH,1100.0,19700.0,76000.0,,ehsanrs2/forexfactory-scraper:high_impact_events_calendar.csv
2025-03-07T13:30:00,EH-20250307T1330-CAD-Unemployment-Rate,Unemployment Rate,CA,CAD,HIGH,6.6,6.7,6.6,,ehsanrs2/forexfactory-scraper:high_impact_events_calendar.csv
2025-03-07T13:30:00,EH-20250307T1330-USD-Average-Hourly-Earnings-m-m,Average Hourly Earnings m/m,US,USD,HIGH,0.3,0.3,0.4,,ehsanrs2/forexfactory-scraper:high_impact_events_calendar.csv
2025-03-07T13:30:00,EH-20250307T1330-USD-Non-Farm-Employment-Change,Non-Farm Employment Change,US,USD,HIGH,151000.0,159000.0,125000.0,,ehsanrs2/forexfactory-scraper:high_impact_events_calendar.csv
2025-03-07T13:30:00,EH-20250307T1330-USD-Unemployment-Rate,Unemployment Rate,US,USD,HIGH,4.1,4.0,4.0,,ehsanrs2/forexfactory-scraper:high_impact_events_calendar.csv
2025-03-07T17:30:00,EH-20250307T1730-USD-Fed-Chair-Powell-Speaks,Fed Chair Powell Speaks,US,USD,HIGH,,,,,ehsanrs2/forexfactory-scraper:high_impact_events_calendar.csv
2025-03-11T14:00:00,EH-20250311T1400-USD-JOLTS-Job-Openings,JOLTS Job Openings,US,USD,HIGH,7740000.0,7650000.0,7510000.0,,ehsanrs2/forexfactory-scraper:high_impact_events_calendar.csv
2025-03-12T12:30:00,EH-20250312T1230-USD-Core-CPI-m-m,Core CPI m/m,US,USD,HIGH,0.2,0.3,0.4,,ehsanrs2/forexfactory-scraper:high_impact_events_calendar.csv
2025-03-12T12:30:00,EH-20250312T1230-USD-CPI-m-m,CPI m/m,US,USD,HIGH,0.2,0.3,0.5,,ehsanrs2/forexfactory-scraper:high_impact_events_calendar.csv
2025-03-12T12:30:00,EH-20250312T1230-USD-CPI-y-y,CPI y/y,US,USD,HIGH,2.8,2.9,3.0,,ehsanrs2/forexfactory-scraper:high_impact_events_calendar.csv
2025-03-12T13:45:00,EH-20250312T1345-CAD-BOC-Rate-Statement,BOC Rate Statement,CA,CAD,HIGH,,,,,ehsanrs2/forexfactory-scraper:high_impact_events_calendar.csv
2025-03-12T13:45:00,EH-20250312T1345-CAD-Overnight-Rate,Overnight Rate,CA,CAD,HIGH,2.75,2.75,3.0,,ehsanrs2/forexfactory-scraper:high_impact_events_calendar.csv
2025-03-12T14:30:00,EH-20250312T1430-CAD-BOC-Press-Conference,BOC Press Conference,CA,CAD,HIGH,,,,,ehsanrs2/forexfactory-scraper:high_impact_events_calendar.csv
2025-03-13T12:30:00,EH-20250313T1230-USD-Unemployment-Claims,Unemployment Claims,US,USD,HIGH,220000.0,226000.0,222000.0,,ehsanrs2/forexfactory-scraper:high_impact_events_calendar.csv
2025-03-13T12:30:00,EH-20250313T1230-USD-PPI-m-m,PPI m/m,US,USD,HIGH,0.0,0.3,0.6,,ehsanrs2/forexfactory-scraper:high_impact_events_calendar.csv
2025-03-13T12:30:00,EH-20250313T1230-USD-Core-PPI-m-m,Core PPI m/m,US,USD,HIGH,-0.1,0.3,0.5,,ehsanrs2/forexfactory-scraper:high_impact_events_calendar.csv
2025-03-14T07:00:00,EH-20250314T0700-GBP-GDP-m-m,GDP m/m,GB,GBP,HIGH,-0.1,0.1,0.4,,ehsanrs2/forexfactory-scraper:high_impact_events_calendar.csv
2025-03-14T14:00:00,EH-20250314T1400-USD-Prelim-UoM-Consumer-Sentiment,Prelim UoM Consumer Sentiment,US,USD,HIGH,57.9,63.1,64.7,,ehsanrs2/forexfactory-scraper:high_impact_events_calendar.csv
2025-03-14T14:00:00,EH-20250314T1400-USD-Prelim-UoM-Inflation-Expectations,Prelim UoM Inflation Expectations,US,USD,HIGH,4.9,,4.3,,ehsanrs2/forexfactory-scraper:high_impact_events_calendar.csv
2025-03-17T12:30:00,EH-20250317T1230-USD-Core-Retail-Sales-m-m,Core Retail Sales m/m,US,USD,HIGH,0.3,0.3,-0.6,,ehsanrs2/forexfactory-scraper:high_impact_events_calendar.csv
2025-03-17T12:30:00,EH-20250317T1230-USD-Retail-Sales-m-m,Retail Sales m/m,US,USD,HIGH,0.2,0.6,-1.2,,ehsanrs2/forexfactory-scraper:high_impact_events_calendar.csv
2025-03-18T12:30:00,EH-20250318T1230-CAD-CPI-m-m,CPI m/m,CA,CAD,HIGH,1.1,0.6,0.1,,ehsanrs2/forexfactory-scraper:high_impact_events_calendar.csv
2025-03-18T12:30:00,EH-20250318T1230-CAD-Median-CPI-y-y,Median CPI y/y,CA,CAD,HIGH,2.9,2.7,2.7,,ehsanrs2/forexfactory-scraper:high_impact_events_calendar.csv
2025-03-18T12:30:00,EH-20250318T1230-CAD-Trimmed-CPI-y-y,Trimmed CPI y/y,CA,CAD,HIGH,2.9,2.8,2.7,,ehsanrs2/forexfactory-scraper:high_impact_events_calendar.csv
2025-03-19T02:25:00,EH-20250319T0225-JPY-BOJ-Policy-Rate,BOJ Policy Rate,JP,JPY,HIGH,,,,,ehsanrs2/forexfactory-scraper:high_impact_events_calendar.csv
2025-03-19T02:25:00,EH-20250319T0225-JPY-Monetary-Policy-Statement,Monetary Policy Statement,JP,JPY,HIGH,,,,,ehsanrs2/forexfactory-scraper:high_impact_events_calendar.csv
2025-03-19T06:30:00,EH-20250319T0630-JPY-BOJ-Press-Conference,BOJ Press Conference,JP,JPY,HIGH,,,,,ehsanrs2/forexfactory-scraper:high_impact_events_calendar.csv
2025-03-19T18:00:00,EH-20250319T1800-USD-Federal-Funds-Rate,Federal Funds Rate,US,USD,HIGH,4.5,4.5,4.5,,ehsanrs2/forexfactory-scraper:high_impact_events_calendar.csv
2025-03-19T18:00:00,EH-20250319T1800-USD-FOMC-Economic-Projections,FOMC Economic Projections,US,USD,HIGH,,,,,ehsanrs2/forexfactory-scraper:high_impact_events_calendar.csv
2025-03-19T18:00:00,EH-20250319T1800-USD-FOMC-Statement,FOMC Statement,US,USD,HIGH,,,,,ehsanrs2/forexfactory-scraper:high_impact_events_calendar.csv
2025-03-19T18:30:00,EH-20250319T1830-USD-FOMC-Press-Conference,FOMC Press Conference,US,USD,HIGH,,,,,ehsanrs2/forexfactory-scraper:high_impact_events_calendar.csv
2025-03-19T21:45:00,EH-20250319T2145-NZD-GDP-q-q,GDP q/q,NZ,NZD,HIGH,0.7,0.4,-1.1,,ehsanrs2/forexfactory-scraper:high_impact_events_calendar.csv
2025-03-20T00:30:00,EH-20250320T0030-AUD-Employment-Change,Employment Change,AU,AUD,HIGH,-52800.0,30800.0,30500.0,,ehsanrs2/forexfactory-scraper:high_impact_events_calendar.csv
2025-03-20T00:30:00,EH-20250320T0030-AUD-Unemployment-Rate,Unemployment Rate,AU,AUD,HIGH,4.1,4.1,4.1,,ehsanrs2/forexfactory-scraper:high_impact_events_calendar.csv
2025-03-20T07:00:00,EH-20250320T0700-GBP-Claimant-Count-Change,Claimant Count Change,GB,GBP,HIGH,44200.0,7900.0,2800.0,,ehsanrs2/forexfactory-scraper:high_impact_events_calendar.csv
2025-03-20T08:30:00,EH-20250320T0830-CHF-SNB-Monetary-Policy-Assessment,SNB Monetary Policy Assessment,CH,CHF,HIGH,,,,,ehsanrs2/forexfactory-scraper:high_impact_events_calendar.csv
2025-03-20T08:30:00,EH-20250320T0830-CHF-SNB-Policy-Rate,SNB Policy Rate,CH,CHF,HIGH,0.25,0.25,0.5,,ehsanrs2/forexfactory-scraper:high_impact_events_calendar.csv
2025-03-20T09:00:00,EH-20250320T0900-CHF-SNB-Press-Conference,SNB Press Conference,CH,CHF,HIGH,,,,,ehsanrs2/forexfactory-scraper:high_impact_events_calendar.csv
2025-03-20T12:00:00,EH-20250320T1200-GBP-MPC-Official-Bank-Rate-Votes,MPC Official Bank Rate Votes,GB,GBP,HIGH,0.0,0.0,0.0,,ehsanrs2/forexfactory-scraper:high_impact_events_calendar.csv
2025-03-20T12:00:00,EH-20250320T1200-GBP-Official-Bank-Rate,Official Bank Rate,GB,GBP,HIGH,4.5,4.5,4.5,,ehsanrs2/forexfactory-scraper:high_impact_events_calendar.csv
2025-03-20T12:00:00,EH-20250320T1200-GBP-Monetary-Policy-Summary,Monetary Policy Summary,GB,GBP,HIGH,,,,,ehsanrs2/forexfactory-scraper:high_impact_events_calendar.csv
2025-03-20T12:30:00,EH-20250320T1230-USD-Unemployment-Claims,Unemployment Claims,US,USD,HIGH,223000.0,224000.0,221000.0,,ehsanrs2/forexfactory-scraper:high_impact_events_calendar.csv
2025-03-20T16:50:00,EH-20250320T1650-CAD-BOC-Gov-Macklem-Speaks,BOC Gov Macklem Speaks,CA,CAD,HIGH,,,,,ehsanrs2/forexfactory-scraper:high_impact_events_calendar.csv
2025-03-21T12:30:00,EH-20250321T1230-CAD-Core-Retail-Sales-m-m,Core Retail Sales m/m,CA,CAD,HIGH,0.2,-0.1,2.9,,ehsanrs2/forexfactory-scraper:high_impact_events_calendar.csv
2025-03-21T12:30:00,EH-20250321T1230-CAD-Retail-Sales-m-m,Retail Sales m/m,CA,CAD,HIGH,-0.6,-0.4,2.6,,ehsanrs2/forexfactory-scraper:high_impact_events_calendar.csv
2025-03-24T08:15:00,EH-20250324T0815-EUR-French-Flash-Manufacturing-PMI,French Flash Manufacturing PMI,EU,EUR,HIGH,48.9,46.2,45.8,,ehsanrs2/forexfactory-scraper:high_impact_events_calendar.csv
2025-03-24T08:15:00,EH-20250324T0815-EUR-French-Flash-Services-PMI,French Flash Services PMI,EU,EUR,HIGH,46.6,46.3,45.3,,ehsanrs2/forexfactory-scraper:high_impact_events_calendar.csv
2025-03-24T08:30:00,EH-20250324T0830-EUR-German-Flash-Manufacturing-PMI,German Flash Manufacturing PMI,EU,EUR,HIGH,48.3,47.1,46.5,,ehsanrs2/forexfactory-scraper:high_impact_events_calendar.csv
2025-03-24T08:30:00,EH-20250324T0830-EUR-German-Flash-Services-PMI,German Flash Services PMI,EU,EUR,HIGH,50.2,52.3,51.1,,ehsanrs2/forexfactory-scraper:high_impact_events_calendar.csv
2025-03-24T09:30:00,EH-20250324T0930-GBP-Flash-Services-PMI,Flash Services PMI,GB,GBP,HIGH,53.2,51.2,51.0,,ehsanrs2/forexfactory-scraper:high_impact_events_calendar.csv
2025-03-24T09:30:00,EH-20250324T0930-GBP-Flash-Manufacturing-PMI,Flash Manufacturing PMI,GB,GBP,HIGH,44.6,47.3,46.9,,ehsanrs2/forexfactory-scraper:high_impact_events_calendar.csv
2025-03-24T13:45:00,EH-20250324T1345-USD-Flash-Manufacturing-PMI,Flash Manufacturing PMI,US,USD,HIGH,49.8,51.9,52.7,,ehsanrs2/forexfactory-scraper:high_impact_events_calendar.csv
2025-03-24T13:45:00,EH-20250324T1345-USD-Flash-Services-PMI,Flash Services PMI,US,USD,HIGH,54.3,51.2,51.0,,ehsanrs2/forexfactory-scraper:high_impact_events_calendar.csv
2025-03-24T18:00:00,EH-20250324T1800-GBP-BOE-Gov-Bailey-Speaks,BOE Gov Bailey Speaks,GB,GBP,HIGH,,,,,ehsanrs2/forexfactory-scraper:high_impact_events_calendar.csv
2025-03-26T00:30:00,EH-20250326T0030-AUD-CPI-y-y,CPI y/y,AU,AUD,HIGH,2.4,2.5,2.5,,ehsanrs2/forexfactory-scraper:high_impact_events_calendar.csv
2025-03-26T07:00:00,EH-20250326T0700-GBP-CPI-y-y,CPI y/y,GB,GBP,HIGH,2.8,3.0,3.0,,ehsanrs2/forexfactory-scraper:high_impact_events_calendar.csv
2025-03-26T12:30:00,EH-20250326T1230-GBP-Annual-Budget-Release,Annual Budget Release,GB,GBP,HIGH,,,,,ehsanrs2/forexfactory-scraper:high_impact_events_calendar.csv
2025-03-26T20:00:00,EH-20250326T2000-USD-President-Trump-Speaks,President Trump Speaks,US,USD,HIGH,,,,,ehsanrs2/forexfactory-scraper:high_impact_events_calendar.csv
2025-03-27T12:30:00,EH-20250327T1230-USD-Unemployment-Claims,Unemployment Claims,US,USD,HIGH,224000.0,225000.0,225000.0,,ehsanrs2/forexfactory-scraper:high_impact_events_calendar.csv
2025-03-27T12:30:00,EH-20250327T1230-USD-Final-GDP-q-q,Final GDP q/q,US,USD,HIGH,2.4,2.3,2.3,,ehsanrs2/forexfactory-scraper:high_impact_events_calendar.csv
2025-03-28T07:00:00,EH-20250328T0700-GBP-Retail-Sales-m-m,Retail Sales m/m,GB,GBP,HIGH,1.0,-0.3,1.4,,ehsanrs2/forexfactory-scraper:high_impact_events_calendar.csv
2025-03-28T12:30:00,EH-20250328T1230-CAD-GDP-m-m,GDP m/m,CA,CAD,HIGH,0.4,0.3,0.3,,ehsanrs2/forexfactory-scraper:high_impact_events_calendar.csv
2025-03-28T12:30:00,EH-20250328T1230-USD-Core-PCE-Price-Index-m-m,Core PCE Price Index m/m,US,USD,HIGH,0.4,0.3,0.3,,ehsanrs2/forexfactory-scraper:high_impact_events_calendar.csv
2025-03-31T01:30:00,EH-20250331T0130-CNY-Manufacturing-PMI,Manufacturing PMI,CN,CNY,HIGH,50.5,50.4,50.2,,ehsanrs2/forexfactory-scraper:high_impact_events_calendar.csv
2025-03-31T22:59:59,EH-20250331T2259-EUR-German-Prelim-CPI-m-m,German Prelim CPI m/m,EU,EUR,HIGH,0.3,0.3,0.4,,ehsanrs2/forexfactory-scraper:high_impact_events_calendar.csv
2025-04-01T03:30:00,EH-20250401T0330-AUD-Cash-Rate,Cash Rate,AU,AUD,HIGH,4.1,4.1,4.1,,ehsanrs2/forexfactory-scraper:high_impact_events_calendar.csv
2025-04-01T03:30:00,EH-20250401T0330-AUD-RBA-Rate-Statement,RBA Rate Statement,AU,AUD,HIGH,,,,,ehsanrs2/forexfactory-scraper:high_impact_events_calendar.csv
2025-04-01T14:00:00,EH-20250401T1400-USD-JOLTS-Job-Openings,JOLTS Job Openings,US,USD,HIGH,7570000.0,7690000.0,7760000.0,,ehsanrs2/forexfactory-scraper:high_impact_events_calendar.csv
2025-04-01T14:00:00,EH-20250401T1400-USD-ISM-Manufacturing-PMI,ISM Manufacturing PMI,US,USD,HIGH,49.0,49.5,50.3,,ehsanrs2/forexfactory-scraper:high_impact_events_calendar.csv
2025-04-02T12:15:00,EH-20250402T1215-USD-ADP-Non-Farm-Employment-Change,ADP Non-Farm Employment Change,US,USD,HIGH,155000.0,118000.0,84000.0,,ehsanrs2/forexfactory-scraper:high_impact_events_calendar.csv
2025-04-02T20:00:00,EH-20250402T2000-USD-President-Trump-Speaks,President Trump Speaks,US,USD,HIGH,,,,,ehsanrs2/forexfactory-scraper:high_impact_events_calendar.csv
2025-04-03T06:30:00,EH-20250403T0630-CHF-CPI-m-m,CPI m/m,CH,CHF,HIGH,0.0,0.1,0.6,,ehsanrs2/forexfactory-scraper:high_impact_events_calendar.csv
2025-04-03T12:30:00,EH-20250403T1230-USD-Unemployment-Claims,Unemployment Claims,US,USD,HIGH,219000.0,225000.0,225000.0,,ehsanrs2/forexfactory-scraper:high_impact_events_calendar.csv
2025-04-03T14:00:00,EH-20250403T1400-USD-ISM-Services-PMI,ISM Services PMI,US,USD,HIGH,50.8,53.0,53.5,,ehsanrs2/forexfactory-scraper:high_impact_events_calendar.csv
2025-04-04T12:30:00,EH-20250404T1230-CAD-Employment-Change,Employment Change,CA,CAD,HIGH,-32600.0,10400.0,1100.0,,ehsanrs2/forexfactory-scraper:high_impact_events_calendar.csv
2025-04-04T12:30:00,EH-20250404T1230-CAD-Unemployment-Rate,Unemployment Rate,CA,CAD,HIGH,6.7,6.7,6.6,,ehsanrs2/forexfactory-scraper:high_impact_events_calendar.csv
2025-04-04T12:30:00,EH-20250404T1230-USD-Average-Hourly-Earnings-m-m,Average Hourly Earnings m/m,US,USD,HIGH,0.3,0.3,0.2,,ehsanrs2/forexfactory-scraper:high_impact_events_calendar.csv
2025-04-04T12:30:00,EH-20250404T1230-USD-Non-Farm-Employment-Change,Non-Farm Employment Change,US,USD,HIGH,228000.0,137000.0,117000.0,,ehsanrs2/forexfactory-scraper:high_impact_events_calendar.csv
2025-04-04T12:30:00,EH-20250404T1230-USD-Unemployment-Rate,Unemployment Rate,US,USD,HIGH,4.2,4.1,4.1,,ehsanrs2/forexfactory-scraper:high_impact_events_calendar.csv
2025-04-04T15:25:00,EH-20250404T1525-USD-Fed-Chair-Powell-Speaks,Fed Chair Powell Speaks,US,USD,HIGH,,,,,ehsanrs2/forexfactory-scraper:high_impact_events_calendar.csv
2025-04-09T02:00:00,EH-20250409T0200-NZD-Official-Cash-Rate,Official Cash Rate,NZ,NZD,HIGH,3.5,3.5,3.75,,ehsanrs2/forexfactory-scraper:high_impact_events_calendar.csv
2025-04-09T02:00:00,EH-20250409T0200-NZD-RBNZ-Rate-Statement,RBNZ Rate Statement,NZ,NZD,HIGH,,,,,ehsanrs2/forexfactory-scraper:high_impact_events_calendar.csv
2025-04-09T06:15:00,EH-20250409T0615-JPY-BOJ-Gov-Ueda-Speaks,BOJ Gov Ueda Speaks,JP,JPY,HIGH,,,,,ehsanrs2/forexfactory-scraper:high_impact_events_calendar.csv
2025-04-09T18:00:00,EH-20250409T1800-USD-FOMC-Meeting-Minutes,FOMC Meeting Minutes,US,USD,HIGH,,,,,ehsanrs2/forexfactory-scraper:high_impact_events_calendar.csv
2025-04-10T10:00:00,EH-20250410T1000-AUD-RBA-Gov-Bullock-Speaks,RBA Gov Bullock Speaks,AU,AUD,HIGH,,,,,ehsanrs2/forexfactory-scraper:high_impact_events_calendar.csv
2025-04-10T12:30:00,EH-20250410T1230-USD-Unemployment-Claims,Unemployment Claims,US,USD,HIGH,223000.0,223000.0,219000.0,,ehsanrs2/forexfactory-scraper:high_impact_events_calendar.csv
2025-04-10T12:30:00,EH-20250410T1230-USD-CPI-y-y,CPI y/y,US,USD,HIGH,2.4,2.5,2.8,,ehsanrs2/forexfactory-scraper:high_impact_events_calendar.csv
2025-04-10T12:30:00,EH-20250410T1230-USD-CPI-m-m,CPI m/m,US,USD,HIGH,-0.1,0.1,0.2,,ehsanrs2/forexfactory-scraper:high_impact_events_calendar.csv
2025-04-10T12:30:00,EH-20250410T1230-USD-Core-CPI-m-m,Core CPI m/m,US,USD,HIGH,0.1,0.3,0.2,,ehsanrs2/forexfactory-scraper:high_impact_events_calendar.csv
2025-04-11T06:00:00,EH-20250411T0600-GBP-GDP-m-m,GDP m/m,GB,GBP,HIGH,0.5,0.1,0.0,,ehsanrs2/forexfactory-scraper:high_impact_events_calendar.csv
2025-04-11T12:30:00,EH-20250411T1230-USD-Core-PPI-m-m,Core PPI m/m,US,USD,HIGH,-0.1,0.3,0.1,,ehsanrs2/forexfactory-scraper:high_impact_events_calendar.csv
2025-04-11T12:30:00,EH-20250411T1230-USD-PPI-m-m,PPI m/m,US,USD,HIGH,-0.4,0.2,0.1,,ehsanrs2/forexfactory-scraper:high_impact_events_calendar.csv
2025-04-11T14:00:00,EH-20250411T1400-USD-Prelim-UoM-Consumer-Sentiment,Prelim UoM Consumer Sentiment,US,USD,HIGH,50.8,54.0,57.0,,ehsanrs2/forexfactory-scraper:high_impact_events_calendar.csv
2025-04-11T14:00:00,EH-20250411T1400-USD-Prelim-UoM-Inflation-Expectations,Prelim UoM Inflation Expectations,US,USD,HIGH,6.7,,5.0,,ehsanrs2/forexfactory-scraper:high_impact_events_calendar.csv
2025-04-15T06:00:00,EH-20250415T0600-GBP-Claimant-Count-Change,Claimant Count Change,GB,GBP,HIGH,18700.0,30300.0,16500.0,,ehsanrs2/forexfactory-scraper:high_impact_events_calendar.csv
2025-04-15T12:30:00,EH-20250415T1230-CAD-Trimmed-CPI-y-y,Trimmed CPI y/y,CA,CAD,HIGH,2.8,3.0,2.9,,ehsanrs2/forexfactory-scraper:high_impact_events_calendar.csv
2025-04-15T12:30:00,EH-20250415T1230-CAD-CPI-m-m,CPI m/m,CA,CAD,HIGH,0.3,0.7,1.1,,ehsanrs2/forexfactory-scraper:high_impact_events_calendar.csv
2025-04-15T12:30:00,EH-20250415T1230-CAD-Median-CPI-y-y,Median CPI y/y,CA,CAD,HIGH,2.9,2.9,2.9,,ehsanrs2/forexfactory-scraper:high_impact_events_calendar.csv
2025-04-16T06:00:00,EH-20250416T0600-GBP-CPI-y-y,CPI y/y,GB,GBP,HIGH,2.6,2.7,2.8,,ehsanrs2/forexfactory-scraper:high_impact_events_calendar.csv
2025-04-16T12:30:00,EH-20250416T1230-USD-Core-Retail-Sales-m-m,Core Retail Sales m/m,US,USD,HIGH,0.5,0.4,0.7,,ehsanrs2/forexfactory-scraper:high_impact_events_calendar.csv
2025-04-16T12:30:00,EH-20250416T1230-USD-Retail-Sales-m-m,Retail Sales m/m,US,USD,HIGH,1.4,1.3,0.2,,ehsanrs2/forexfactory-scraper:high_impact_events_calendar.csv
2025-04-16T13:45:00,EH-20250416T1345-CAD-BOC-Rate-Statement,BOC Rate Statement,CA,CAD,HIGH,,,,,ehsanrs2/forexfactory-scraper:high_impact_events_calendar.csv
2025-04-16T13:45:00,EH-20250416T1345-CAD-BOC-Monetary-Policy-Report,BOC Monetary Policy Report,CA,CAD,HIGH,,,,,ehsanrs2/forexfactory-scraper:high_impact_events_calendar.csv
2025-04-16T13:45:00,EH-20250416T1345-CAD-Overnight-Rate,Overnight Rate,CA,CAD,HIGH,2.75,2.75,2.75,,ehsanrs2/forexfactory-scraper:high_impact_events_calendar.csv
2025-04-16T14:30:00,EH-20250416T1430-CAD-BOC-Press-Conference,BOC Press Conference,CA,CAD,HIGH,,,,,ehsanrs2/forexfactory-scraper:high_impact_events_calendar.csv
2025-04-16T17:30:00,EH-20250416T1730-USD-Fed-Chair-Powell-Speaks,Fed Chair Powell Speaks,US,USD,HIGH,,,,,ehsanrs2/forexfactory-scraper:high_impact_events_calendar.csv
2025-04-16T22:45:00,EH-20250416T2245-NZD-CPI-q-q,CPI q/q,NZ,NZD,HIGH,0.9,0.8,0.5,,ehsanrs2/forexfactory-scraper:high_impact_events_calendar.csv
2025-04-17T01:30:00,EH-20250417T0130-AUD-Employment-Change,Employment Change,AU,AUD,HIGH,32200.000000000004,39800.0,-57500.0,,ehsanrs2/forexfactory-scraper:high_impact_events_calendar.csv
2025-04-17T01:30:00,EH-20250417T0130-AUD-Unemployment-Rate,Unemployment Rate,AU,AUD,HIGH,4.1,4.2,4.0,,ehsanrs2/forexfactory-scraper:high_impact_events_calendar.csv
2025-04-17T12:15:00,EH-20250417T1215-EUR-Main-Refinancing-Rate,Main Refinancing Rate,EU,EUR,HIGH,2.4,2.4,2.65,,ehsanrs2/forexfactory-scraper:high_impact_events_calendar.csv
2025-04-17T12:15:00,EH-20250417T1215-EUR-Monetary-Policy-Statement,Monetary Policy Statement,EU,EUR,HIGH,,,,,ehsanrs2/forexfactory-scraper:high_impact_events_calendar.csv
2025-04-17T12:30:00,EH-20250417T1230-USD-Unemployment-Claims,Unemployment Claims,US,USD,HIGH,215000.0,225000.0,224000.0,,ehsanrs2/forexfactory-scraper:high_impact_events_calendar.csv
2025-04-17T12:45:00,EH-20250417T1245-EUR-ECB-Press-Conference,ECB Press Conference,EU,EUR,HIGH,,,,,ehsanrs2/forexfactory-scraper:high_impact_events_calendar.csv
2025-04-23T07:15:00,EH-20250423T0715-EUR-French-Flash-Manufacturing-PMI,French Flash Manufacturing PMI,EU,EUR,HIGH,48.2,47.9,48.5,,ehsanrs2/forexfactory-scraper:high_impact_events_calendar.csv
2025-04-23T07:15:00,EH-20250423T0715-EUR-French-Flash-Services-PMI,French Flash Services PMI,EU,EUR,HIGH,46.8,47.7,47.9,,ehsanrs2/forexfactory-scraper:high_impact_events_calendar.csv
2025-04-23T07:30:00,EH-20250423T0730-EUR-German-Flash-Manufacturing-PMI,German Flash Manufacturing PMI,EU,EUR,HIGH,48.0,47.5,48.3,,ehsanrs2/forexfactory-scraper:high_impact_events_calendar.csv
2025-04-23T07:30:00,EH-20250423T0730-EUR-German-Flash-Services-PMI,German Flash Services PMI,EU,EUR,HIGH,48.8,50.3,50.9,,ehsanrs2/forexfactory-scraper:high_impact_events_calendar.csv
2025-04-23T08:30:00,EH-20250423T0830-GBP-Flash-Manufacturing-PMI,Flash Manufacturing PMI,GB,GBP,HIGH,44.0,44.0,44.9,,ehsanrs2/forexfactory-scraper:high_impact_events_calendar.csv
2025-04-23T08:30:00,EH-20250423T0830-GBP-Flash-Services-PMI,Flash Services PMI,GB,GBP,HIGH,48.9,51.5,52.5,,ehsanrs2/forexfactory-scraper:high_impact_events_calendar.csv
2025-04-23T13:45:00,EH-20250423T1345-USD-Flash-Manufacturing-PMI,Flash Manufacturing PMI,US,USD,HIGH,50.7,49.0,50.2,,ehsanrs2/forexfactory-scraper:high_impact_events_calendar.csv
2025-04-23T13:45:00,EH-20250423T1345-USD-Flash-Services-PMI,Flash Services PMI,US,USD,HIGH,51.4,52.8,54.4,,ehsanrs2/forexfactory-scraper:high_impact_events_calendar.csv
2025-04-23T17:15:00,EH-20250423T1715-GBP-BOE-Gov-Bailey-Speaks,BOE Gov Bailey Speaks,GB,GBP,HIGH,,,,,ehsanrs2/forexfactory-scraper:high_impact_events_calendar.csv
2025-04-24T12:30:00,EH-20250424T1230-USD-Unemployment-Claims,Unemployment Claims,US,USD,HIGH,222000.0,222000.0,216000.0,,ehsanrs2/forexfactory-scraper:high_impact_events_calendar.csv
2025-04-25T06:00:00,EH-20250425T0600-GBP-Retail-Sales-m-m,Retail Sales m/m,GB,GBP,HIGH,0.4,-0.3,0.7,,ehsanrs2/forexfactory-scraper:high_impact_events_calendar.csv
2025-04-25T08:00:00,EH-20250425T0800-CHF-SNB-Chairman-Schlegel-Speaks,SNB Chairman Schlegel Speaks,CH,CHF,HIGH,,,,,ehsanrs2/forexfactory-scraper:high_impact_events_calendar.csv
2025-04-25T12:30:00,EH-20250425T1230-CAD-Core-Retail-Sales-m-m,Core Retail Sales m/m,CA,CAD,HIGH,0.5,-0.1,0.1,,ehsanrs2/forexfactory-scraper:high_impact_events_calendar.csv
2025-04-25T12:30:00,EH-20250425T1230-CAD-Retail-Sales-m-m,Retail Sales m/m,CA,CAD,HIGH,-0.4,-0.4,-0.6,,ehsanrs2/forexfactory-scraper:high_impact_events_calendar.csv
2025-04-28T22:59:59,EH-20250428T2259-CAD-Federal-Election,Federal Election,CA,CAD,HIGH,,,,,ehsanrs2/forexfactory-scraper:high_impact_events_calendar.csv
2025-04-29T14:00:00,EH-20250429T1400-USD-JOLTS-Job-Openings,JOLTS Job Openings,US,USD,HIGH,7190000.0,7490000.0,7480000.0,,ehsanrs2/forexfactory-scraper:high_impact_events_calendar.csv
2025-04-30T01:30:00,EH-20250430T0130-AUD-CPI-m-m,CPI m/m,AU,AUD,HIGH,0.9,0.8,0.2,,ehsanrs2/forexfactory-scraper:high_impact_events_calendar.csv
2025-04-30T01:30:00,EH-20250430T0130-AUD-CPI-y-y,CPI y/y,AU,AUD,HIGH,2.4,2.3,2.4,,ehsanrs2/forexfactory-scraper:high_impact_events_calendar.csv
2025-04-30T01:30:00,EH-20250430T0130-AUD-Trimmed-Mean-CPI-m-m,Trimmed Mean CPI m/m,AU,AUD,HIGH,0.7,0.6,0.5,,ehsanrs2/forexfactory-scraper:high_impact_events_calendar.csv
2025-04-30T01:30:00,EH-20250430T0130-CNY-Manufacturing-PMI,Manufacturing PMI,CN,CNY,HIGH,49.0,49.7,50.5,,ehsanrs2/forexfactory-scraper:high_impact_events_calendar.csv
2025-04-30T12:15:00,EH-20250430T1215-USD-ADP-Non-Farm-Employment-Change,ADP Non-Farm Employment Change,US,USD,HIGH,62000.0,114000.0,147000.0,,ehsanrs2/forexfactory-scraper:high_impact_events_calendar.csv
2025-04-30T12:30:00,EH-20250430T1230-CAD-GDP-m-m,GDP m/m,CA,CAD,HIGH,-0.2,0.0,0.4,,ehsanrs2/forexfactory-scraper:high_impact_events_calendar.csv
2025-04-30T12:30:00,EH-20250430T1230-USD-Advance-GDP-q-q,Advance GDP q/q,US,USD,HIGH,-0.3,0.2,2.4,,ehsanrs2/forexfactory-scraper:high_impact_events_calendar.csv
2025-04-30T12:30:00,EH-20250430T1230-USD-Employment-Cost-Index-q-q,Employment Cost Index q/q,US,USD,HIGH,0.9,0.9,0.9,,ehsanrs2/forexfactory-scraper:high_impact_events_calendar.csv
2025-04-30T14:00:00,EH-20250430T1400-USD-Core-PCE-Price-Index-m-m,Core PCE Price Index m/m,US,USD,HIGH,0.0,0.1,0.5,,ehsanrs2/forexfactory-scraper:high_impact_events_calendar.csv
2025-04-30T22:59:59,EH-20250430T2259-EUR-German-Prelim-CPI-m-m,German Prelim CPI m/m,EU,EUR,HIGH,0.4,0.3,0.3,,ehsanrs2/forexfactory-scraper:high_impact_events_calendar.csv
2025-05-01T03:03:00,EH-20250501T0303-JPY-Monetary-Policy-Statement,Monetary Policy Statement,JP,JPY,HIGH,,,,,ehsanrs2/forexfactory-scraper:high_impact_events_calendar.csv
2025-05-01T03:03:00,EH-20250501T0303-JPY-BOJ-Policy-Rate,BOJ Policy Rate,JP,JPY,HIGH,,,,,ehsanrs2/forexfactory-scraper:high_impact_events_calendar.csv
2025-05-01T03:03:00,EH-20250501T0303-JPY-BOJ-Outlook-Report,BOJ Outlook Report,JP,JPY,HIGH,,,,,ehsanrs2/forexfactory-scraper:high_impact_events_calendar.csv
2025-05-01T06:30:00,EH-20250501T0630-JPY-BOJ-Press-Conference,BOJ Press Conference,JP,JPY,HIGH,,,,,ehsanrs2/forexfactory-scraper:high_impact_events_calendar.csv
2025-05-01T12:30:00,EH-20250501T1230-USD-Unemployment-Claims,Unemployment Claims,US,USD,HIGH,241000.0,224000.0,223000.0,,ehsanrs2/forexfactory-scraper:high_impact_events_calendar.csv
2025-05-01T14:00:00,EH-20250501T1400-USD-ISM-Manufacturing-PMI,ISM Manufacturing PMI,US,USD,HIGH,48.7,48.0,49.0,,ehsanrs2/forexfactory-scraper:high_impact_events_calendar.csv
2025-05-02T12:30:00,EH-20250502T1230-USD-Average-Hourly-Earnings-m-m,Average Hourly Earnings m/m,US,USD,HIGH,0.2,0.3,0.3,,ehsanrs2/forexfactory-scraper:high_impact_events_calendar.csv
2025-05-02T12:30:00,EH-20250502T1230-USD-Non-Farm-Employment-Change,Non-Farm Employment Change,US,USD,HIGH,177000.0,138000.0,185000.0,,ehsanrs2/forexfactory-scraper:high_impact_events_calendar.csv
2025-05-02T12:30:00,EH-20250502T1230-USD-Unemployment-Rate,Unemployment Rate,US,USD,HIGH,4.2,4.2,4.2,,ehsanrs2/forexfactory-scraper:high_impact_events_calendar.csv
2025-05-03T22:59:59,EH-20250503T2259-AUD-Parliamentary-Elections,Parliamentary Elections,AU,AUD,HIGH,,,,,ehsanrs2/forexfactory-scraper:high_impact_events_calendar.csv
2025-05-05T06:30:00,EH-20250505T0630-CHF-CPI-m-m,CPI m/m,CH,CHF,HIGH,0.0,0.2,0.0,,ehsanrs2/forexfactory-scraper:high_impact_events_calendar.csv
2025-05-05T14:00:00,EH-20250505T1400-USD-ISM-Services-PMI,ISM Services PMI,US,USD,HIGH,51.6,50.2,50.8,,ehsanrs2/forexfactory-scraper:high_impact_events_calendar.csv
2025-05-06T22:45:00,EH-20250506T2245-NZD-Employment-Change-q-q,Employment Change q/q,NZ,NZD,HIGH,0.1,0.1,-0.2,,ehsanrs2/forexfactory-scraper:high_impact_events_calendar.csv
2025-05-06T22:45:00,EH-20250506T2245-NZD-Unemployment-Rate,Unemployment Rate,NZ,NZD,HIGH,5.1,5.3,5.1,,ehsanrs2/forexfactory-scraper:high_impact_events_calendar.csv
2025-05-07T18:00:00,EH-20250507T1800-USD-Federal-Funds-Rate,Federal Funds Rate,US,USD,HIGH,4.5,4.5,4.5,,ehsanrs2/forexfactory-scraper:high_impact_events_calendar.csv
2025-05-07T18:00:00,EH-20250507T1800-USD-FOMC-Statement,FOMC Statement,US,USD,HIGH,,,,,ehsanrs2/forexfactory-scraper:high_impact_events_calendar.csv
2025-05-07T18:30:00,EH-20250507T1830-USD-FOMC-Press-Conference,FOMC Press Conference,US,USD,HIGH,,,,,ehsanrs2/forexfactory-scraper:high_impact_events_calendar.csv
2025-05-08T11:02:00,EH-20250508T1102-GBP-Monetary-Policy-Summary,Monetary Policy Summary,GB,GBP,HIGH,,,,,ehsanrs2/forexfactory-scraper:high_impact_events_calendar.csv
2025-05-08T11:02:00,EH-20250508T1102-GBP-MPC-Official-Bank-Rate-Votes,MPC Official Bank Rate Votes,GB,GBP,HIGH,0.0,0.0,0.0,,ehsanrs2/forexfactory-scraper:high_impact_events_calendar.csv
2025-05-08T11:02:00,EH-20250508T1102-GBP-BOE-Monetary-Policy-Report,BOE Monetary Policy Report,GB,GBP,HIGH,,,,,ehsanrs2/forexfactory-scraper:high_impact_events_calendar.csv
2025-05-08T11:02:00,EH-20250508T1102-GBP-Official-Bank-Rate,Official Bank Rate,GB,GBP,HIGH,4.25,4.25,4.5,,ehsanrs2/forexfactory-scraper:high_impact_events_calendar.csv
2025-05-08T11:30:00,EH-20250508T1130-GBP-BOE-Gov-Bailey-Speaks,BOE Gov Bailey Speaks,GB,GBP,HIGH,,,,,ehsanrs2/forexfactory-scraper:high_impact_events_calendar.csv
2025-05-08T12:30:00,EH-20250508T1230-USD-Unemployment-Claims,Unemployment Claims,US,USD,HIGH,228000.0,231000.0,241000.0,,ehsanrs2/forexfactory-scraper:high_impact_events_calendar.csv
2025-05-08T14:00:00,EH-20250508T1400-USD-President-Trump-Speaks,President Trump Speaks,US,USD,HIGH,,,,,ehsanrs2/forexfactory-scraper:high_impact_events_calendar.csv
2025-05-08T15:00:00,EH-20250508T1500-CAD-BOC-Press-Conference,BOC Press Conference,CA,CAD,HIGH,,,,,ehsanrs2/forexfactory-scraper:high_impact_events_calendar.csv
2025-05-09T08:40:00,EH-20250509T0840-GBP-BOE-Gov-Bailey-Speaks,BOE Gov Bailey Speaks,GB,GBP,HIGH,,,,,ehsanrs2/forexfactory-scraper:high_impact_events_calendar.csv
2025-05-09T12:30:00,EH-20250509T1230-CAD-Employment-Change,Employment Change,CA,CAD,HIGH,7400.0,4100.0,-32600.0,,ehsanrs2/forexfactory-scraper:high_impact_events_calendar.csv
2025-05-09T12:30:00,EH-20250509T1230-CAD-Unemployment-Rate,Unemployment Rate,CA,CAD,HIGH,6.9,6.8,6.7,,ehsanrs2/forexfactory-scraper:high_impact_events_calendar.csv
2025-05-13T06:00:00,EH-20250513T0600-GBP-Claimant-Count-Change,Claimant Count Change,GB,GBP,HIGH,5200.0,22300.0,-16900.0,,ehsanrs2/forexfactory-scraper:high_impact_events_calendar.csv
2025-05-13T12:30:00,EH-20250513T1230-USD-Core-CPI-m-m,Core CPI m/m,US,USD,HIGH,0.2,0.3,0.1,,ehsanrs2/forexfactory-scraper:high_impact_events_calendar.csv
2025-05-13T12:30:00,EH-20250513T1230-USD-CPI-m-m,CPI m/m,US,USD,HIGH,0.2,0.3,-0.1,,ehsanrs2/forexfactory-scraper:high_impact_events_calendar.csv
2025-05-13T12:30:00,EH-20250513T1230-USD-CPI-y-y,CPI y/y,US,USD,HIGH,2.3,2.4,2.4,,ehsanrs2/forexfactory-scraper:high_impact_events_calendar.csv
2025-05-13T15:00:00,EH-20250513T1500-GBP-BOE-Gov-Bailey-Speaks,BOE Gov Bailey Speaks,GB,GBP,HIGH,,,,,ehsanrs2/forexfactory-scraper:high_impact_events_calendar.csv
2025-05-14T01:30:00,EH-20250514T0130-AUD-Wage-Price-Index-q-q,Wage Price Index q/q,AU,AUD,HIGH,0.9,0.8,0.7,,ehsanrs2/forexfactory-scraper:high_impact_events_calendar.csv
2025-05-15T01:30:00,EH-20250515T0130-AUD-Employment-Change,Employment Change,AU,AUD,HIGH,89000.0,20900.0,36400.0,,ehsanrs2/forexfactory-scraper:high_impact_events_calendar.csv
2025-05-15T01:30:00,EH-20250515T0130-AUD-Unemployment-Rate,Unemployment Rate,AU,AUD,HIGH,4.1,4.1,4.1,,ehsanrs2/forexfactory-scraper:high_impact_events_calendar.csv
2025-05-15T06:00:00,EH-20250515T0600-GBP-GDP-m-m,GDP m/m,GB,GBP,HIGH,0.2,0.0,0.5,,ehsanrs2/forexfactory-scraper:high_impact_events_calendar.csv
2025-05-15T12:30:00,EH-20250515T1230-USD-Retail-Sales-m-m,Retail Sales m/m,US,USD,HIGH,0.1,0.0,1.7,,ehsanrs2/forexfactory-scraper:high_impact_events_calendar.csv
2025-05-15T12:30:00,EH-20250515T1230-USD-PPI-m-m,PPI m/m,US,USD,HIGH,-0.5,0.2,0.0,,ehsanrs2/forexfactory-scraper:high_impact_events_calendar.csv
2025-05-15T12:30:00,EH-20250515T1230-USD-Unemployment-Claims,Unemployment Claims,US,USD,HIGH,229000.0,229000.0,229000.0,,ehsanrs2/forexfactory-scraper:high_impact_events_calendar.csv
2025-05-15T12:30:00,EH-20250515T1230-USD-Core-PPI-m-m,Core PPI m/m,US,USD,HIGH,-0.4,0.3,0.4,,ehsanrs2/forexfactory-scraper:high_impact_events_calendar.csv
2025-05-15T12:30:00,EH-20250515T1230-USD-Core-Retail-Sales-m-m,Core Retail Sales m/m,US,USD,HIGH,0.1,0.3,0.8,,ehsanrs2/forexfactory-scraper:high_impact_events_calendar.csv
2025-05-15T12:40:00,EH-20250515T1240-USD-Fed-Chair-Powell-Speaks,Fed Chair Powell Speaks,US,USD,HIGH,,,,,ehsanrs2/forexfactory-scraper:high_impact_events_calendar.csv
2025-05-16T14:00:00,EH-20250516T1400-USD-Prelim-UoM-Consumer-Sentiment,Prelim UoM Consumer Sentiment,US,USD,HIGH,50.8,53.1,52.2,,ehsanrs2/forexfactory-scraper:high_impact_events_calendar.csv
2025-05-16T14:00:00,EH-20250516T1400-USD-Prelim-UoM-Inflation-Expectations,Prelim UoM Inflation Expectations,US,USD,HIGH,7.3,,6.5,,ehsanrs2/forexfactory-scraper:high_impact_events_calendar.csv
2025-05-20T04:30:00,EH-20250520T0430-AUD-Cash-Rate,Cash Rate,AU,AUD,HIGH,3.85,3.85,4.1,,ehsanrs2/forexfactory-scraper:high_impact_events_calendar.csv
2025-05-20T04:30:00,EH-20250520T0430-AUD-RBA-Monetary-Policy-Statement,RBA Monetary Policy Statement,AU,AUD,HIGH,,,,,ehsanrs2/forexfactory-scraper:high_impact_events_calendar.csv
2025-05-20T04:30:00,EH-20250520T0430-AUD-RBA-Rate-Statement,RBA Rate Statement,AU,AUD,HIGH,,,,,ehsanrs2/forexfactory-scraper:high_impact_events_calendar.csv
2025-05-20T12:30:00,EH-20250520T1230-CAD-Trimmed-CPI-y-y,Trimmed CPI y/y,CA,CAD,HIGH,3.1,2.8,2.8,,ehsanrs2/forexfactory-scraper:high_impact_events_calendar.csv
2025-05-20T12:30:00,EH-20250520T1230-CAD-Median-CPI-y-y,Median CPI y/y,CA,CAD,HIGH,3.2,2.9,2.9,,ehsanrs2/forexfactory-scraper:high_impact_events_calendar.csv
2025-05-20T12:30:00,EH-20250520T1230-CAD-CPI-m-m,CPI m/m,CA,CAD,HIGH,-0.1,-0.1,0.3,,ehsanrs2/forexfactory-scraper:high_impact_events_calendar.csv
2025-05-21T06:00:00,EH-20250521T0600-GBP-CPI-y-y,CPI y/y,GB,GBP,HIGH,3.5,3.3,2.6,,ehsanrs2/forexfactory-scraper:high_impact_events_calendar.csv
2025-05-22T07:15:00,EH-20250522T0715-EUR-French-Flash-Manufacturing-PMI,French Flash Manufacturing PMI,EU,EUR,HIGH,49.5,48.9,48.7,,ehsanrs2/forexfactory-scraper:high_impact_events_calendar.csv
2025-05-22T07:15:00,EH-20250522T0715-EUR-French-Flash-Services-PMI,French Flash Services PMI,EU,EUR,HIGH,47.4,47.7,47.3,,ehsanrs2/forexfactory-scraper:high_impact_events_calendar.csv
2025-05-22T07:30:00,EH-20250522T0730-EUR-German-Flash-Manufacturing-PMI,German Flash Manufacturing PMI,EU,EUR,HIGH,48.8,48.8,48.4,,ehsanrs2/forexfactory-scraper:high_impact_events_calendar.csv
2025-05-22T07:30:00,EH-20250522T0730-EUR-German-Flash-Services-PMI,German Flash Services PMI,EU,EUR,HIGH,47.2,49.6,49.0,,ehsanrs2/forexfactory-scraper:high_impact_events_calendar.csv
2025-05-22T08:30:00,EH-20250522T0830-GBP-Flash-Manufacturing-PMI,Flash Manufacturing PMI,GB,GBP,HIGH,45.1,46.2,45.4,,ehsanrs2/forexfactory-scraper:high_impact_events_calendar.csv
2025-05-22T08:30:00,EH-20250522T0830-GBP-Flash-Services-PMI,Flash Services PMI,GB,GBP,HIGH,50.2,50.0,49.0,,ehsanrs2/forexfactory-scraper:high_impact_events_calendar.csv
2025-05-22T12:30:00,EH-20250522T1230-USD-Unemployment-Claims,Unemployment Claims,US,USD,HIGH,227000.0,230000.0,229000.0,,ehsanrs2/forexfactory-scraper:high_impact_events_calendar.csv
2025-05-22T13:45:00,EH-20250522T1345-USD-Flash-Services-PMI,Flash Services PMI,US,USD,HIGH,52.3,51.0,50.8,,ehsanrs2/forexfactory-scraper:high_impact_events_calendar.csv
2025-05-22T13:45:00,EH-20250522T1345-USD-Flash-Manufacturing-PMI,Flash Manufacturing PMI,US,USD,HIGH,52.3,49.9,50.2,,ehsanrs2/forexfactory-scraper:high_impact_events_calendar.csv
2025-05-22T18:30:00,EH-20250522T1830-CAD-BOC-Gov-Macklem-Speaks,BOC Gov Macklem Speaks,CA,CAD,HIGH,,,,,ehsanrs2/forexfactory-scraper:high_impact_events_calendar.csv
2025-05-23T06:00:00,EH-20250523T0600-GBP-Retail-Sales-m-m,Retail Sales m/m,GB,GBP,HIGH,1.2,0.3,0.1,,ehsanrs2/forexfactory-scraper:high_impact_events_calendar.csv
2025-05-23T12:30:00,EH-20250523T1230-CAD-Core-Retail-Sales-m-m,Core Retail Sales m/m,CA,CAD,HIGH,-0.7,-0.1,0.6,,ehsanrs2/forexfactory-scraper:high_impact_events_calendar.csv
2025-05-23T12:30:00,EH-20250523T1230-CAD-Retail-Sales-m-m,Retail Sales m/m,CA,CAD,HIGH,0.8,0.6,-0.5,,ehsanrs2/forexfactory-scraper:high_impact_events_calendar.csv
2025-05-27T00:00:00,EH-20250527T0000-JPY-BOJ-Gov-Ueda-Speaks,BOJ Gov Ueda Speaks,JP,JPY,HIGH,,,,,ehsanrs2/forexfactory-scraper:high_impact_events_calendar.csv
2025-05-28T01:30:00,EH-20250528T0130-AUD-CPI-y-y,CPI y/y,AU,AUD,HIGH,2.4,2.3,2.4,,ehsanrs2/forexfactory-scraper:high_impact_events_calendar.csv
2025-05-28T02:00:00,EH-20250528T0200-NZD-RBNZ-Monetary-Policy-Statement,RBNZ Monetary Policy Statement,NZ,NZD,HIGH,,,,,ehsanrs2/forexfactory-scraper:high_impact_events_calendar.csv
2025-05-28T02:00:00,EH-20250528T0200-NZD-RBNZ-Rate-Statement,RBNZ Rate Statement,NZ,NZD,HIGH,,,,,ehsanrs2/forexfactory-scraper:high_impact_events_calendar.csv
2025-05-28T02:00:00,EH-20250528T0200-NZD-Official-Cash-Rate,Official Cash Rate,NZ,NZD,HIGH,3.25,3.25,3.5,,ehsanrs2/forexfactory-scraper:high_impact_events_calendar.csv
2025-05-28T03:00:00,EH-20250528T0300-NZD-RBNZ-Press-Conference,RBNZ Press Conference,NZ,NZD,HIGH,,,,,ehsanrs2/forexfactory-scraper:high_impact_events_calendar.csv
2025-05-28T18:00:00,EH-20250528T1800-USD-FOMC-Meeting-Minutes,FOMC Meeting Minutes,US,USD,HIGH,,,,,ehsanrs2/forexfactory-scraper:high_impact_events_calendar.csv
2025-05-29T12:30:00,EH-20250529T1230-USD-Prelim-GDP-q-q,Prelim GDP q/q,US,USD,HIGH,-0.2,-0.3,-0.3,,ehsanrs2/forexfactory-scraper:high_impact_events_calendar.csv
2025-05-29T12:30:00,EH-20250529T1230-USD-Unemployment-Claims,Unemployment Claims,US,USD,HIGH,240000.0,229000.0,226000.0,,ehsanrs2/forexfactory-scraper:high_impact_events_calendar.csv
2025-05-29T15:00:00,EH-20250529T1500-GBP-BOE-Gov-Bailey-Speaks,BOE Gov Bailey Speaks,GB,GBP,HIGH,,,,,ehsanrs2/forexfactory-scraper:high_impact_events_calendar.csv
2025-05-30T12:30:00,EH-20250530T1230-CAD-GDP-m-m,GDP m/m,CA,CAD,HIGH,0.1,0.1,-0.2,,ehsanrs2/forexfactory-scraper:high_impact_events_calendar.csv
2025-05-30T12:30:00,EH-20250530T1230-USD-Core-PCE-Price-Index-m-m,Core PCE Price Index m/m,US,USD,HIGH,0.1,0.1,0.1,,ehsanrs2/forexfactory-scraper:high_impact_events_calendar.csv
2025-05-30T22:59:59,EH-20250530T2259-EUR-German-Prelim-CPI-m-m,German Prelim CPI m/m,EU,EUR,HIGH,0.1,0.1,0.4,,ehsanrs2/forexfactory-scraper:high_impact_events_calendar.csv
2025-05-31T01:30:00,EH-20250531T0130-CNY-Manufacturing-PMI,Manufacturing PMI,CN,CNY,HIGH,49.5,49.5,49.0,,ehsanrs2/forexfactory-scraper:high_impact_events_calendar.csv
2025-06-02T14:00:00,EH-20250602T1400-USD-ISM-Manufacturing-PMI,ISM Manufacturing PMI,US,USD,HIGH,48.5,49.3,48.7,,ehsanrs2/forexfactory-scraper:high_impact_events_calendar.csv
2025-06-02T17:00:00,EH-20250602T1700-USD-Fed-Chair-Powell-Speaks,Fed Chair Powell Speaks,US,USD,HIGH,,,,,ehsanrs2/forexfactory-scraper:high_impact_events_calendar.csv
2025-06-03T06:30:00,EH-20250603T0630-CHF-CPI-m-m,CPI m/m,CH,CHF,HIGH,0.1,0.1,0.0,,ehsanrs2/forexfactory-scraper:high_impact_events_calendar.csv
2025-06-03T07:50:00,EH-20250603T0750-JPY-BOJ-Gov-Ueda-Speaks,BOJ Gov Ueda Speaks,JP,JPY,HIGH,,,,,ehsanrs2/forexfactory-scraper:high_impact_events_calendar.csv
2025-06-03T14:00:00,EH-20250603T1400-USD-JOLTS-Job-Openings,JOLTS Job Openings,US,USD,HIGH,7390000.0,7110000.0,7200000.0,,ehsanrs2/forexfactory-scraper:high_impact_events_calendar.csv
2025-06-04T01:30:00,EH-20250604T0130-AUD-GDP-q-q,GDP q/q,AU,AUD,HIGH,0.2,0.4,0.6,,ehsanrs2/forexfactory-scraper:high_impact_events_calendar.csv
2025-06-04T12:15:00,EH-20250604T1215-USD-ADP-Non-Farm-Employment-Change,ADP Non-Farm Employment Change,US,USD,HIGH,37000.0,111000.0,60000.0,,ehsanrs2/forexfactory-scraper:high_impact_events_calendar.csv
2025-06-04T13:45:00,EH-20250604T1345-CAD-Overnight-Rate,Overnight Rate,CA,CAD,HIGH,2.75,2.75,2.75,,ehsanrs2/forexfactory-scraper:high_impact_events_calendar.csv
2025-06-04T13:45:00,EH-20250604T1345-CAD-BOC-Rate-Statement,BOC Rate Statement,CA,CAD,HIGH,,,,,ehsanrs2/forexfactory-scraper:high_impact_events_calendar.csv
2025-06-04T14:00:00,EH-20250604T1400-USD-ISM-Services-PMI,ISM Services PMI,US,USD,HIGH,49.9,52.0,51.6,,ehsanrs2/forexfactory-scraper:high_impact_events_calendar.csv
2025-06-04T14:30:00,EH-20250604T1430-CAD-BOC-Press-Conference,BOC Press Conference,CA,CAD,HIGH,,,,,ehsanrs2/forexfactory-scraper:high_impact_events_calendar.csv
2025-06-05T12:15:00,EH-20250605T1215-EUR-Main-Refinancing-Rate,Main Refinancing Rate,EU,EUR,HIGH,2.15,2.15,2.4,,ehsanrs2/forexfactory-scraper:high_impact_events_calendar.csv
2025-06-05T12:15:00,EH-20250605T1215-EUR-Monetary-Policy-Statement,Monetary Policy Statement,EU,EUR,HIGH,,,,,ehsanrs2/forexfactory-scraper:high_impact_events_calendar.csv
2025-06-05T12:30:00,EH-20250605T1230-USD-Unemployment-Claims,Unemployment Claims,US,USD,HIGH,247000.0,236000.0,239000.0,,ehsanrs2/forexfactory-scraper:high_impact_events_calendar.csv
2025-06-05T12:45:00,EH-20250605T1245-EUR-ECB-Press-Conference,ECB Press Conference,EU,EUR,HIGH,,,,,ehsanrs2/forexfactory-scraper:high_impact_events_calendar.csv
2025-06-06T12:30:00,EH-20250606T1230-USD-Unemployment-Rate,Unemployment Rate,US,USD,HIGH,4.2,4.2,4.2,,ehsanrs2/forexfactory-scraper:high_impact_events_calendar.csv
2025-06-06T12:30:00,EH-20250606T1230-USD-Non-Farm-Employment-Change,Non-Farm Employment Change,US,USD,HIGH,139000.0,126000.0,147000.0,,ehsanrs2/forexfactory-scraper:high_impact_events_calendar.csv
2025-06-06T12:30:00,EH-20250606T1230-USD-Average-Hourly-Earnings-m-m,Average Hourly Earnings m/m,US,USD,HIGH,0.4,0.3,0.2,,ehsanrs2/forexfactory-scraper:high_impact_events_calendar.csv
2025-06-06T12:30:00,EH-20250606T1230-CAD-Unemployment-Rate,Unemployment Rate,CA,CAD,HIGH,7.0,7.0,6.9,,ehsanrs2/forexfactory-scraper:high_impact_events_calendar.csv
2025-06-06T12:30:00,EH-20250606T1230-CAD-Employment-Change,Employment Change,CA,CAD,HIGH,8800.0,-11900.0,7400.0,,ehsanrs2/forexfactory-scraper:high_impact_events_calendar.csv
2025-06-11T12:30:00,EH-20250611T1230-USD-Core-CPI-m-m,Core CPI m/m,US,USD,HIGH,0.1,0.3,0.2,,ehsanrs2/forexfactory-scraper:high_impact_events_calendar.csv
2025-06-11T12:30:00,EH-20250611T1230-USD-CPI-m-m,CPI m/m,US,USD,HIGH,0.1,0.2,0.2,,ehsanrs2/forexfactory-scraper:high_impact_events_calendar.csv
2025-06-11T12:30:00,EH-20250611T1230-USD-CPI-y-y,CPI y/y,US,USD,HIGH,2.4,2.5,2.3,,ehsanrs2/forexfactory-scraper:high_impact_events_calendar.csv
2025-06-12T06:00:00,EH-20250612T0600-GBP-GDP-m-m,GDP m/m,GB,GBP,HIGH,-0.3,-0.1,0.2,,ehsanrs2/forexfactory-scraper:high_impact_events_calendar.csv
2025-06-12T12:30:00,EH-20250612T1230-USD-PPI-m-m,PPI m/m,US,USD,HIGH,0.1,0.2,-0.2,,ehsanrs2/forexfactory-scraper:high_impact_events_calendar.csv
2025-06-12T12:30:00,EH-20250612T1230-USD-Unemployment-Claims,Unemployment Claims,US,USD,HIGH,248000.0,242000.0,248000.0,,ehsanrs2/forexfactory-scraper:high_impact_events_calendar.csv
2025-06-12T12:30:00,EH-20250612T1230-USD-Core-PPI-m-m,Core PPI m/m,US,USD,HIGH,0.1,0.3,-0.2,,ehsanrs2/forexfactory-scraper:high_impact_events_calendar.csv
2025-06-13T14:00:00,EH-20250613T1400-USD-Prelim-UoM-Consumer-Sentiment,Prelim UoM Consumer Sentiment,US,USD,HIGH,60.5,53.5,52.2,,ehsanrs2/forexfactory-scraper:high_impact_events_calendar.csv
2025-06-13T14:00:00,EH-20250613T1400-USD-Prelim-UoM-Inflation-Expectations,Prelim UoM Inflation Expectations,US,USD,HIGH,5.1,,6.6,,ehsanrs2/forexfactory-scraper:high_impact_events_calendar.csv
2025-06-17T03:30:00,EH-20250617T0330-JPY-BOJ-Policy-Rate,BOJ Policy Rate,JP,JPY,HIGH,,,,,ehsanrs2/forexfactory-scraper:high_impact_events_calendar.csv
2025-06-17T03:30:00,EH-20250617T0330-JPY-Monetary-Policy-Statement,Monetary Policy Statement,JP,JPY,HIGH,,,,,ehsanrs2/forexfactory-scraper:high_impact_events_calendar.csv
2025-06-17T06:30:00,EH-20250617T0630-JPY-BOJ-Press-Conference,BOJ Press Conference,JP,JPY,HIGH,,,,,ehsanrs2/forexfactory-scraper:high_impact_events_calendar.csv
2025-06-17T12:30:00,EH-20250617T1230-USD-Retail-Sales-m-m,Retail Sales m/m,US,USD,HIGH,-0.9,-0.5,-0.1,,ehsanrs2/forexfactory-scraper:high_impact_events_calendar.csv
2025-06-17T12:30:00,EH-20250617T1230-USD-Core-Retail-Sales-m-m,Core Retail Sales m/m,US,USD,HIGH,-0.3,0.2,0.0,,ehsanrs2/forexfactory-scraper:high_impact_events_calendar.csv
2025-06-18T06:00:00,EH-20250618T0600-GBP-CPI-y-y,CPI y/y,GB,GBP,HIGH,3.4,3.3,3.5,,ehsanrs2/forexfactory-scraper:high_impact_events_calendar.csv
2025-06-18T12:30:00,EH-20250618T1230-USD-Unemployment-Claims,Unemployment Claims,US,USD,HIGH,245000.0,246000.0,250000.0,,ehsanrs2/forexfactory-scraper:high_impact_events_calendar.csv
2025-06-18T15:15:00,EH-20250618T1515-CAD-BOC-Gov-Macklem-Speaks,BOC Gov Macklem Speaks,CA,CAD,HIGH,,,,,ehsanrs2/forexfactory-scraper:high_impact_events_calendar.csv
2025-06-18T18:00:00,EH-20250618T1800-USD-Federal-Funds-Rate,Federal Funds Rate,US,USD,HIGH,4.5,4.5,4.5,,ehsanrs2/forexfactory-scraper:high_impact_events_calendar.csv
2025-06-18T18:00:00,EH-20250618T1800-USD-FOMC-Economic-Projections,FOMC Economic Projections,US,USD,HIGH,,,,,ehsanrs2/forexfactory-scraper:high_impact_events_calendar.csv
2025-06-18T18:00:00,EH-20250618T1800-USD-FOMC-Statement,FOMC Statement,US,USD,HIGH,,,,,ehsanrs2/forexfactory-scraper:high_impact_events_calendar.csv
2025-06-18T18:30:00,EH-20250618T1830-USD-FOMC-Press-Conference,FOMC Press Conference,US,USD,HIGH,,,,,ehsanrs2/forexfactory-scraper:high_impact_events_calendar.csv
2025-06-18T22:45:00,EH-20250618T2245-NZD-GDP-q-q,GDP q/q,NZ,NZD,HIGH,0.8,0.7,0.5,,ehsanrs2/forexfactory-scraper:high_impact_events_calendar.csv
2025-06-19T01:30:00,EH-20250619T0130-AUD-Employment-Change,Employment Change,AU,AUD,HIGH,-2500.0,20600.0,87600.0,,ehsanrs2/forexfactory-scraper:high_impact_events_calendar.csv
2025-06-19T01:30:00,EH-20250619T0130-AUD-Unemployment-Rate,Unemployment Rate,AU,AUD,HIGH,4.1,4.1,4.1,,ehsanrs2/forexfactory-scraper:high_impact_events_calendar.csv
2025-06-19T07:30:00,EH-20250619T0730-CHF-SNB-Policy-Rate,SNB Policy Rate,CH,CHF,HIGH,0.0,0.0,0.25,,ehsanrs2/forexfactory-scraper:high_impact_events_calendar.csv
2025-06-19T07:30:00,EH-20250619T0730-CHF-SNB-Monetary-Policy-Assessment,SNB Monetary Policy Assessment,CH,CHF,HIGH,,,,,ehsanrs2/forexfactory-scraper:high_impact_events_calendar.csv
2025-06-19T08:00:00,EH-20250619T0800-CHF-SNB-Press-Conference,SNB Press Conference,CH,CHF,HIGH,,,,,ehsanrs2/forexfactory-scraper:high_impact_events_calendar.csv
2025-06-19T11:00:00,EH-20250619T1100-GBP-Monetary-Policy-Summary,Monetary Policy Summary,GB,GBP,HIGH,,,,,ehsanrs2/forexfactory-scraper:high_impact_events_calendar.csv
2025-06-19T11:00:00,EH-20250619T1100-GBP-MPC-Official-Bank-Rate-Votes,MPC Official Bank Rate Votes,GB,GBP,HIGH,0.0,0.0,0.0,,ehsanrs2/forexfactory-scraper:high_impact_events_calendar.csv
2025-06-19T11:00:00,EH-20250619T1100-GBP-Official-Bank-Rate,Official Bank Rate,GB,GBP,HIGH,4.25,4.25,4.25,,ehsanrs2/forexfactory-scraper:high_impact_events_calendar.csv
2025-06-20T06:00:00,EH-20250620T0600-GBP-Retail-Sales-m-m,Retail Sales m/m,GB,GBP,HIGH,-2.7,-0.5,1.3,,ehsanrs2/forexfactory-scraper:high_impact_events_calendar.csv
2025-06-20T06:40:00,EH-20250620T0640-JPY-BOJ-Gov-Ueda-Speaks,BOJ Gov Ueda Speaks,JP,JPY,HIGH,,,,,ehsanrs2/forexfactory-scraper:high_impact_events_calendar.csv
2025-06-22T02:00:00,EH-20250622T0200-USD-President-Trump-Speaks,President Trump Speaks,US,USD,HIGH,,,,,ehsanrs2/forexfactory-scraper:high_impact_events_calendar.csv
2025-06-23T07:15:00,EH-20250623T0715-EUR-French-Flash-Services-PMI,French Flash Services PMI,EU,EUR,HIGH,48.7,49.2,48.9,,ehsanrs2/forexfactory-scraper:high_impact_events_calendar.csv
2025-06-23T07:15:00,EH-20250623T0715-EUR-French-Flash-Manufacturing-PMI,French Flash Manufacturing PMI,EU,EUR,HIGH,47.8,49.8,49.8,,ehsanrs2/forexfactory-scraper:high_impact_events_calendar.csv
2025-06-23T07:30:00,EH-20250623T0730-EUR-German-Flash-Manufacturing-PMI,German Flash Manufacturing PMI,EU,EUR,HIGH,49.0,48.9,48.3,,ehsanrs2/forexfactory-scraper:high_impact_events_calendar.csv
2025-06-23T07:30:00,EH-20250623T0730-EUR-German-Flash-Services-PMI,German Flash Services PMI,EU,EUR,HIGH,49.4,47.8,47.1,,ehsanrs2/forexfactory-scraper:high_impact_events_calendar.csv
2025-06-23T08:30:00,EH-20250623T0830-GBP-Flash-Manufacturing-PMI,Flash Manufacturing PMI,GB,GBP,HIGH,47.7,46.9,46.4,,ehsanrs2/forexfactory-scraper:high_impact_events_calendar.csv
2025-06-23T08:30:00,EH-20250623T0830-GBP-Flash-Services-PMI,Flash Services PMI,GB,GBP,HIGH,51.3,51.2,50.9,,ehsanrs2/forexfactory-scraper:high_impact_events_calendar.csv
2025-06-23T13:45:00,EH-20250623T1345-USD-Flash-Manufacturing-PMI,Flash Manufacturing PMI,US,USD,HIGH,52.0,51.1,52.0,,ehsanrs2/forexfactory-scraper:high_impact_events_calendar.csv
2025-06-23T13:45:00,EH-20250623T1345-USD-Flash-Services-PMI,Flash Services PMI,US,USD,HIGH,53.1,52.9,53.7,,ehsanrs2/forexfactory-scraper:high_impact_events_calendar.csv
2025-06-24T08:00:00,EH-20250624T0800-GBP-BOE-Gov-Bailey-Speaks,BOE Gov Bailey Speaks,GB,GBP,HIGH,,,,,ehsanrs2/forexfactory-scraper:high_impact_events_calendar.csv
2025-06-24T12:30:00,EH-20250624T1230-CAD-Trimmed-CPI-y-y,Trimmed CPI y/y,CA,CAD,HIGH,3.0,3.0,3.1,,ehsanrs2/forexfactory-scraper:high_impact_events_calendar.csv
2025-06-24T12:30:00,EH-20250624T1230-CAD-Median-CPI-y-y,Median CPI y/y,CA,CAD,HIGH,3.0,3.0,3.1,,ehsanrs2/forexfactory-scraper:high_impact_events_calendar.csv
2025-06-24T12:30:00,EH-20250624T1230-CAD-CPI-m-m,CPI m/m,CA,CAD,HIGH,0.6,0.5,-0.1,,ehsanrs2/forexfactory-scraper:high_impact_events_calendar.csv
2025-06-24T14:00:00,EH-20250624T1400-GBP-BOE-Gov-Bailey-Speaks,BOE Gov Bailey Speaks,GB,GBP,HIGH,,,,,ehsanrs2/forexfactory-scraper:high_impact_events_calendar.csv
2025-06-24T14:00:00,EH-20250624T1400-USD-Fed-Chair-Powell-Testifies,Fed Chair Powell Testifies,US,USD,HIGH,,,,,ehsanrs2/forexfactory-scraper:high_impact_events_calendar.csv
2025-06-25T01:30:00,EH-20250625T0130-AUD-CPI-y-y,CPI y/y,AU,AUD,HIGH,2.1,2.3,2.4,,ehsanrs2/forexfactory-scraper:high_impact_events_calendar.csv
2025-06-25T14:00:00,EH-20250625T1400-USD-Fed-Chair-Powell-Testifies,Fed Chair Powell Testifies,US,USD,HIGH,,,,,ehsanrs2/forexfactory-scraper:high_impact_events_calendar.csv
2025-06-26T11:00:00,EH-20250626T1100-GBP-BOE-Gov-Bailey-Speaks,BOE Gov Bailey Speaks,GB,GBP,HIGH,,,,,ehsanrs2/forexfactory-scraper:high_impact_events_calendar.csv
2025-06-26T12:30:00,EH-20250626T1230-USD-Final-GDP-q-q,Final GDP q/q,US,USD,HIGH,-0.5,-0.2,-0.2,,ehsanrs2/forexfactory-scraper:high_impact_events_calendar.csv
2025-06-26T12:30:00,EH-20250626T1230-USD-Unemployment-Claims,Unemployment Claims,US,USD,HIGH,236000.0,244000.0,246000.0,,ehsanrs2/forexfactory-scraper:high_impact_events_calendar.csv
2025-06-27T12:30:00,EH-20250627T1230-USD-Core-PCE-Price-Index-m-m,Core PCE Price Index m/m,US,USD,HIGH,0.2,0.1,0.1,,ehsanrs2/forexfactory-scraper:high_impact_events_calendar.csv
2025-06-27T12:30:00,EH-20250627T1230-CAD-GDP-m-m,GDP m/m,CA,CAD,HIGH,-0.1,0.0,0.2,,ehsanrs2/forexfactory-scraper:high_impact_events_calendar.csv
2025-06-30T01:30:00,EH-20250630T0130-CNY-Manufacturing-PMI,Manufacturing PMI,CN,CNY,HIGH,49.7,49.6,49.5,,ehsanrs2/forexfactory-scraper:high_impact_events_calendar.csv
2025-07-01T13:30:00,EH-20250701T1330-GBP-BOE-Gov-Bailey-Speaks,BOE Gov Bailey Speaks,GB,GBP,HIGH,,,,,ehsanrs2/forexfactory-scraper:high_impact_events_calendar.csv
2025-07-01T13:30:00,EH-20250701T1330-JPY-BOJ-Gov-Ueda-Speaks,BOJ Gov Ueda Speaks,JP,JPY,HIGH,,,,,ehsanrs2/forexfactory-scraper:high_impact_events_calendar.csv
2025-07-01T13:30:00,EH-20250701T1330-USD-Fed-Chair-Powell-Speaks,Fed Chair Powell Speaks,US,USD,HIGH,,,,,ehsanrs2/forexfactory-scraper:high_impact_events_calendar.csv
2025-07-01T14:00:00,EH-20250701T1400-USD-ISM-Manufacturing-PMI,ISM Manufacturing PMI,US,USD,HIGH,49.0,48.8,48.5,,ehsanrs2/forexfactory-scraper:high_impact_events_calendar.csv
2025-07-01T14:00:00,EH-20250701T1400-USD-JOLTS-Job-Openings,JOLTS Job Openings,US,USD,HIGH,7770000.0,7320000.0,7400000.0,,ehsanrs2/forexfactory-scraper:high_impact_events_calendar.csv
2025-07-02T12:15:00,EH-20250702T1215-USD-ADP-Non-Farm-Employment-Change,ADP Non-Farm Employment Change,US,USD,HIGH,-33000.0,99000.0,29000.0,,ehsanrs2/forexfactory-scraper:high_impact_events_calendar.csv
2025-07-03T06:30:00,EH-20250703T0630-CHF-CPI-m-m,CPI m/m,CH,CHF,HIGH,0.2,0.1,0.1,,ehsanrs2/forexfactory-scraper:high_impact_events_calendar.csv
2025-07-03T12:20:00,EH-20250703T1220-GBP-BOE-Gov-Bailey-Speaks,BOE Gov Bailey Speaks,GB,GBP,HIGH,,,,,ehsanrs2/forexfactory-scraper:high_impact_events_calendar.csv
2025-07-03T12:30:00,EH-20250703T1230-USD-Average-Hourly-Earnings-m-m,Average Hourly Earnings m/m,US,USD,HIGH,0.2,0.3,0.4,,ehsanrs2/forexfactory-scraper:high_impact_events_calendar.csv
2025-07-03T12:30:00,EH-20250703T1230-USD-Non-Farm-Employment-Change,Non-Farm Employment Change,US,USD,HIGH,147000.0,111000.0,144000.0,,ehsanrs2/forexfactory-scraper:high_impact_events_calendar.csv
2025-07-03T12:30:00,EH-20250703T1230-USD-Unemployment-Rate,Unemployment Rate,US,USD,HIGH,4.1,4.3,4.2,,ehsanrs2/forexfactory-scraper:high_impact_events_calendar.csv
2025-07-03T14:00:00,EH-20250703T1400-USD-ISM-Services-PMI,ISM Services PMI,US,USD,HIGH,50.8,50.8,49.9,,ehsanrs2/forexfactory-scraper:high_impact_events_calendar.csv
2025-07-08T04:30:00,EH-20250708T0430-AUD-Cash-Rate,Cash Rate,AU,AUD,HIGH,3.85,3.6,3.85,,ehsanrs2/forexfactory-scraper:high_impact_events_calendar.csv
2025-07-08T04:30:00,EH-20250708T0430-AUD-RBA-Rate-Statement,RBA Rate Statement,AU,AUD,HIGH,,,,,ehsanrs2/forexfactory-scraper:high_impact_events_calendar.csv
2025-07-08T05:30:00,EH-20250708T0530-AUD-RBA-Press-Conference,RBA Press Conference,AU,AUD,HIGH,,,,,ehsanrs2/forexfactory-scraper:high_impact_events_calendar.csv
2025-07-09T02:00:00,EH-20250709T0200-NZD-RBNZ-Rate-Statement,RBNZ Rate Statement,NZ,NZD,HIGH,,,,,ehsanrs2/forexfactory-scraper:high_impact_events_calendar.csv
2025-07-09T02:00:00,EH-20250709T0200-NZD-Official-Cash-Rate,Official Cash Rate,NZ,NZD,HIGH,3.25,3.25,3.25,,ehsanrs2/forexfactory-scraper:high_impact_events_calendar.csv
2025-07-09T10:00:00,EH-20250709T1000-GBP-BOE-Gov-Bailey-Speaks,BOE Gov Bailey Speaks,GB,GBP,HIGH,,,,,ehsanrs2/forexfactory-scraper:high_impact_events_calendar.csv
2025-07-09T18:00:00,EH-20250709T1800-USD-FOMC-Meeting-Minutes,FOMC Meeting Minutes,US,USD,HIGH,,,,,ehsanrs2/forexfactory-scraper:high_impact_events_calendar.csv
2025-07-10T12:30:00,EH-20250710T1230-USD-Unemployment-Claims,Unemployment Claims,US,USD,HIGH,227000.0,236000.0,232000.0,,ehsanrs2/forexfactory-scraper:high_impact_events_calendar.csv
2025-07-11T06:00:00,EH-20250711T0600-GBP-GDP-m-m,GDP m/m,GB,GBP,HIGH,-0.1,0.1,-0.3,,ehsanrs2/forexfactory-scraper:high_impact_events_calendar.csv
2025-07-11T12:30:00,EH-20250711T1230-CAD-Employment-Change,Employment Change,CA,CAD,HIGH,83100.0,900.0,8800.0,,ehsanrs2/forexfactory-scraper:high_impact_events_calendar.csv
2025-07-11T12:30:00,EH-20250711T1230-CAD-Unemployment-Rate,Unemployment Rate,CA,CAD,HIGH,6.9,7.1,7.0,,ehsanrs2/forexfactory-scraper:high_impact_events_calendar.csv
2025-07-15T12:30:00,EH-20250715T1230-CAD-CPI-m-m,CPI m/m,CA,CAD,HIGH,0.1,0.1,0.6,,ehsanrs2/forexfactory-scraper:high_impact_events_calendar.csv
2025-07-15T12:30:00,EH-20250715T1230-CAD-Median-CPI-y-y,Median CPI y/y,CA,CAD,HIGH,3.1,3.0,3.0,,ehsanrs2/forexfactory-scraper:high_impact_events_calendar.csv
2025-07-15T12:30:00,EH-20250715T1230-CAD-Trimmed-CPI-y-y,Trimmed CPI y/y,CA,CAD,HIGH,3.0,3.0,3.0,,ehsanrs2/forexfactory-scraper:high_impact_events_calendar.csv
2025-07-15T12:30:00,EH-20250715T1230-USD-Core-CPI-m-m,Core CPI m/m,US,USD,HIGH,0.2,0.3,0.1,,ehsanrs2/forexfactory-scraper:high_impact_events_calendar.csv
2025-07-15T12:30:00,EH-20250715T1230-USD-CPI-m-m,CPI m/m,US,USD,HIGH,0.3,0.3,0.1,,ehsanrs2/forexfactory-scraper:high_impact_events_calendar.csv
2025-07-15T12:30:00,EH-20250715T1230-USD-CPI-y-y,CPI y/y,US,USD,HIGH,2.7,2.6,2.4,,ehsanrs2/forexfactory-scraper:high_impact_events_calendar.csv
2025-07-15T20:00:00,EH-20250715T2000-GBP-BOE-Gov-Bailey-Speaks,BOE Gov Bailey Speaks,GB,GBP,HIGH,,,,,ehsanrs2/forexfactory-scraper:high_impact_events_calendar.csv
2025-07-16T06:00:00,EH-20250716T0600-GBP-CPI-y-y,CPI y/y,GB,GBP,HIGH,3.6,3.4,3.4,,ehsanrs2/forexfactory-scraper:high_impact_events_calendar.csv
2025-07-16T12:30:00,EH-20250716T1230-USD-Core-PPI-m-m,Core PPI m/m,US,USD,HIGH,0.0,0.2,0.4,,ehsanrs2/forexfactory-scraper:high_impact_events_calendar.csv
2025-07-16T12:30:00,EH-20250716T1230-USD-PPI-m-m,PPI m/m,US,USD,HIGH,0.0,0.2,0.3,,ehsanrs2/forexfactory-scraper:high_impact_events_calendar.csv
2025-07-17T01:30:00,EH-20250717T0130-AUD-Unemployment-Rate,Unemployment Rate,AU,AUD,HIGH,4.3,4.1,4.1,,ehsanrs2/forexfactory-scraper:high_impact_events_calendar.csv
2025-07-17T01:30:00,EH-20250717T0130-AUD-Employment-Change,Employment Change,AU,AUD,HIGH,2000.0,21000.0,-1100.0,,ehsanrs2/forexfactory-scraper:high_impact_events_calendar.csv
2025-07-17T12:30:00,EH-20250717T1230-USD-Core-Retail-Sales-m-m,Core Retail Sales m/m,US,USD,HIGH,0.5,0.3,-0.2,,ehsanrs2/forexfactory-scraper:high_impact_events_calendar.csv
2025-07-17T12:30:00,EH-20250717T1230-USD-Retail-Sales-m-m,Retail Sales m/m,US,USD,HIGH,0.6,0.1,-0.9,,ehsanrs2/forexfactory-scraper:high_impact_events_calendar.csv
2025-07-17T12:30:00,EH-20250717T1230-USD-Unemployment-Claims,Unemployment Claims,US,USD,HIGH,221000.0,233000.0,228000.0,,ehsanrs2/forexfactory-scraper:high_impact_events_calendar.csv
2025-07-20T22:45:00,EH-20250720T2245-NZD-CPI-q-q,CPI q/q,NZ,NZD,HIGH,0.5,0.6,0.9,,ehsanrs2/forexfactory-scraper:high_impact_events_calendar.csv
2025-07-20T22:59:59,EH-20250720T2259-JPY-Upper-House-Elections,Upper House Elections,JP,JPY,HIGH,,,,,ehsanrs2/forexfactory-scraper:high_impact_events_calendar.csv
2025-07-22T09:15:00,EH-20250722T0915-GBP-BOE-Gov-Bailey-Speaks,BOE Gov Bailey Speaks,GB,GBP,HIGH,,,,,ehsanrs2/forexfactory-scraper:high_impact_events_calendar.csv
2025-07-24T03:05:00,EH-20250724T0305-AUD-RBA-Gov-Bullock-Speaks,RBA Gov Bullock Speaks,AU,AUD,HIGH,,,,,ehsanrs2/forexfactory-scraper:high_impact_events_calendar.csv
2025-07-24T07:15:00,EH-20250724T0715-EUR-French-Flash-Services-PMI,French Flash Services PMI,EU,EUR,HIGH,49.7,49.7,49.6,,ehsanrs2/forexfactory-scraper:high_impact_events_calendar.csv
2025-07-24T07:15:00,EH-20250724T0715-EUR-French-Flash-Manufacturing-PMI,French Flash Manufacturing PMI,EU,EUR,HIGH,48.4,48.5,48.1,,ehsanrs2/forexfactory-scraper:high_impact_events_calendar.csv
2025-07-24T07:30:00,EH-20250724T0730-EUR-German-Flash-Manufacturing-PMI,German Flash Manufacturing PMI,EU,EUR,HIGH,49.2,49.4,49.0,,ehsanrs2/forexfactory-scraper:high_impact_events_calendar.csv
2025-07-24T07:30:00,EH-20250724T0730-EUR-German-Flash-Services-PMI,German Flash Services PMI,EU,EUR,HIGH,50.1,50.0,49.7,,ehsanrs2/forexfactory-scraper:high_impact_events_calendar.csv
2025-07-24T08:30:00,EH-20250724T0830-GBP-Flash-Manufacturing-PMI,Flash Manufacturing PMI,GB,GBP,HIGH,48.2,47.9,47.7,,ehsanrs2/forexfactory-scraper:high_impact_events_calendar.csv
2025-07-24T08:30:00,EH-20250724T0830-GBP-Flash-Services-PMI,Flash Services PMI,GB,GBP,HIGH,51.2,52.8,52.8,,ehsanrs2/forexfactory-scraper:high_impact_events_calendar.csv
2025-07-24T12:15:00,EH-20250724T1215-EUR-Main-Refinancing-Rate,Main Refinancing Rate,EU,EUR,HIGH,2.15,2.15,2.15,,ehsanrs2/forexfactory-scraper:high_impact_events_calendar.csv
2025-07-24T12:15:00,EH-20250724T1215-EUR-Monetary-Policy-Statement,Monetary Policy Statement,EU,EUR,HIGH,,,,,ehsanrs2/forexfactory-scraper:high_impact_events_calendar.csv
2025-07-24T12:30:00,EH-20250724T1230-USD-Unemployment-Claims,Unemployment Claims,US,USD,HIGH,217000.0,227000.0,221000.0,,ehsanrs2/forexfactory-scraper:high_impact_events_calendar.csv
2025-07-24T12:45:00,EH-20250724T1245-EUR-ECB-Press-Conference,ECB Press Conference,EU,EUR,HIGH,,,,,ehsanrs2/forexfactory-scraper:high_impact_events_calendar.csv
2025-07-24T13:45:00,EH-20250724T1345-USD-Flash-Services-PMI,Flash Services PMI,US,USD,HIGH,55.2,53.0,52.9,,ehsanrs2/forexfactory-scraper:high_impact_events_calendar.csv
2025-07-24T13:45:00,EH-20250724T1345-USD-Flash-Manufacturing-PMI,Flash Manufacturing PMI,US,USD,HIGH,49.5,52.7,52.9,,ehsanrs2/forexfactory-scraper:high_impact_events_calendar.csv
2025-07-29T14:00:00,EH-20250729T1400-USD-JOLTS-Job-Openings,JOLTS Job Openings,US,USD,HIGH,7440000.0,7510000.0,7710000.0,,ehsanrs2/forexfactory-scraper:high_impact_events_calendar.csv
2025-07-30T01:30:00,EH-20250730T0130-AUD-CPI-m-m,CPI m/m,AU,AUD,HIGH,0.7,0.8,0.9,,ehsanrs2/forexfactory-scraper:high_impact_events_calendar.csv
2025-07-30T01:30:00,EH-20250730T0130-AUD-CPI-y-y,CPI y/y,AU,AUD,HIGH,1.9,2.1,2.1,,ehsanrs2/forexfactory-scraper:high_impact_events_calendar.csv
2025-07-30T01:30:00,EH-20250730T0130-AUD-Trimmed-Mean-CPI-m-m,Trimmed Mean CPI m/m,AU,AUD,HIGH,0.6,0.7,0.7,,ehsanrs2/forexfactory-scraper:high_impact_events_calendar.csv
2025-07-30T08:00:00,EH-20250730T0800-EUR-German-Prelim-GDP-q-q,German Prelim GDP q/q,EU,EUR,HIGH,-0.1,-0.1,0.4,,ehsanrs2/forexfactory-scraper:high_impact_events_calendar.csv
2025-07-30T12:15:00,EH-20250730T1215-USD-ADP-Non-Farm-Employment-Change,ADP Non-Farm Employment Change,US,USD,HIGH,104000.0,77000.0,-23000.0,,ehsanrs2/forexfactory-scraper:high_impact_events_calendar.csv
2025-07-30T12:30:00,EH-20250730T1230-USD-Advance-GDP-q-q,Advance GDP q/q,US,USD,HIGH,3.0,2.5,-0.5,,ehsanrs2/forexfactory-scraper:high_impact_events_calendar.csv
2025-07-30T13:45:00,EH-20250730T1345-CAD-BOC-Monetary-Policy-Report,BOC Monetary Policy Report,CA,CAD,HIGH,,,,,ehsanrs2/forexfactory-scraper:high_impact_events_calendar.csv
2025-07-30T13:45:00,EH-20250730T1345-CAD-BOC-Rate-Statement,BOC Rate Statement,CA,CAD,HIGH,,,,,ehsanrs2/forexfactory-scraper:high_impact_events_calendar.csv
2025-07-30T13:45:00,EH-20250730T1345-CAD-Overnight-Rate,Overnight Rate,CA,CAD,HIGH,2.75,2.75,2.75,,ehsanrs2/forexfactory-scraper:high_impact_events_calendar.csv
2025-07-30T14:30:00,EH-20250730T1430-CAD-BOC-Press-Conference,BOC Press Conference,CA,CAD,HIGH,,,,,ehsanrs2/forexfactory-scraper:high_impact_events_calendar.csv
2025-07-30T18:00:00,EH-20250730T1800-USD-Federal-Funds-Rate,Federal Funds Rate,US,USD,HIGH,4.5,4.5,4.5,,ehsanrs2/forexfactory-scraper:high_impact_events_calendar.csv
2025-07-30T18:00:00,EH-20250730T1800-USD-FOMC-Statement,FOMC Statement,US,USD,HIGH,,,,,ehsanrs2/forexfactory-scraper:high_impact_events_calendar.csv
2025-07-30T18:30:00,EH-20250730T1830-USD-FOMC-Press-Conference,FOMC Press Conference,US,USD,HIGH,,,,,ehsanrs2/forexfactory-scraper:high_impact_events_calendar.csv
2025-07-31T01:30:00,EH-20250731T0130-CNY-Manufacturing-PMI,Manufacturing PMI,CN,CNY,HIGH,49.3,49.7,49.7,,ehsanrs2/forexfactory-scraper:high_impact_events_calendar.csv
2025-07-31T02:57:00,EH-20250731T0257-JPY-BOJ-Policy-Rate,BOJ Policy Rate,JP,JPY,HIGH,,,,,ehsanrs2/forexfactory-scraper:high_impact_events_calendar.csv
2025-07-31T02:57:00,EH-20250731T0257-JPY-Monetary-Policy-Statement,Monetary Policy Statement,JP,JPY,HIGH,,,,,ehsanrs2/forexfactory-scraper:high_impact_events_calendar.csv
2025-07-31T02:57:00,EH-20250731T0257-JPY-BOJ-Outlook-Report,BOJ Outlook Report,JP,JPY,HIGH,,,,,ehsanrs2/forexfactory-scraper:high_impact_events_calendar.csv
2025-07-31T06:30:00,EH-20250731T0630-JPY-BOJ-Press-Conference,BOJ Press Conference,JP,JPY,HIGH,,,,,ehsanrs2/forexfactory-scraper:high_impact_events_calendar.csv
2025-07-31T12:30:00,EH-20250731T1230-CAD-GDP-m-m,GDP m/m,CA,CAD,HIGH,-0.1,-0.1,-0.1,,ehsanrs2/forexfactory-scraper:high_impact_events_calendar.csv
2025-07-31T12:30:00,EH-20250731T1230-USD-Core-PCE-Price-Index-m-m,Core PCE Price Index m/m,US,USD,HIGH,0.3,0.3,0.2,,ehsanrs2/forexfactory-scraper:high_impact_events_calendar.csv
2025-07-31T12:30:00,EH-20250731T1230-USD-Employment-Cost-Index-q-q,Employment Cost Index q/q,US,USD,HIGH,0.9,0.8,0.9,,ehsanrs2/forexfactory-scraper:high_impact_events_calendar.csv
2025-07-31T12:30:00,EH-20250731T1230-USD-Unemployment-Claims,Unemployment Claims,US,USD,HIGH,218000.0,222000.0,217000.0,,ehsanrs2/forexfactory-scraper:high_impact_events_calendar.csv
2025-08-01T12:30:00,EH-20250801T1230-USD-Unemployment-Rate,Unemployment Rate,US,USD,HIGH,4.2,4.2,4.1,,ehsanrs2/forexfactory-scraper:high_impact_events_calendar.csv
2025-08-01T12:30:00,EH-20250801T1230-USD-Average-Hourly-Earnings-m-m,Average Hourly Earnings m/m,US,USD,HIGH,0.3,0.3,0.2,,ehsanrs2/forexfactory-scraper:high_impact_events_calendar.csv
2025-08-01T12:30:00,EH-20250801T1230-USD-Non-Farm-Employment-Change,Non-Farm Employment Change,US,USD,HIGH,73000.0,106000.0,14000.0,,ehsanrs2/forexfactory-scraper:high_impact_events_calendar.csv
2025-08-01T14:00:00,EH-20250801T1400-USD-ISM-Manufacturing-PMI,ISM Manufacturing PMI,US,USD,HIGH,48.0,49.5,49.0,,ehsanrs2/forexfactory-scraper:high_impact_events_calendar.csv
2025-08-04T06:30:00,EH-20250804T0630-CHF-CPI-m-m,CPI m/m,CH,CHF,HIGH,0.0,-0.2,0.2,,ehsanrs2/forexfactory-scraper:high_impact_events_calendar.csv
2025-08-05T14:00:00,EH-20250805T1400-USD-ISM-Services-PMI,ISM Services PMI,US,USD,HIGH,50.1,51.5,50.8,,ehsanrs2/forexfactory-scraper:high_impact_events_calendar.csv
2025-08-05T22:45:00,EH-20250805T2245-NZD-Employment-Change-q-q,Employment Change q/q,NZ,NZD,HIGH,-0.1,-0.1,0.0,,ehsanrs2/forexfactory-scraper:high_impact_events_calendar.csv
2025-08-05T22:45:00,EH-20250805T2245-NZD-Unemployment-Rate,Unemployment Rate,NZ,NZD,HIGH,5.2,5.3,5.1,,ehsanrs2/forexfactory-scraper:high_impact_events_calendar.csv
2025-08-07T11:00:00,EH-20250807T1100-GBP-Monetary-Policy-Summary,Monetary Policy Summary,GB,GBP,HIGH,,,,,ehsanrs2/forexfactory-scraper:high_impact_events_calendar.csv
2025-08-07T11:00:00,EH-20250807T1100-GBP-MPC-Official-Bank-Rate-Votes,MPC Official Bank Rate Votes,GB,GBP,HIGH,0.0,0.0,0.0,,ehsanrs2/forexfactory-scraper:high_impact_events_calendar.csv
2025-08-07T11:00:00,EH-20250807T1100-GBP-BOE-Monetary-Policy-Report,BOE Monetary Policy Report,GB,GBP,HIGH,,,,,ehsanrs2/forexfactory-scraper:high_impact_events_calendar.csv
2025-08-07T11:00:00,EH-20250807T1100-GBP-Official-Bank-Rate,Official Bank Rate,GB,GBP,HIGH,4.0,4.0,4.25,,ehsanrs2/forexfactory-scraper:high_impact_events_calendar.csv
2025-08-07T11:30:00,EH-20250807T1130-GBP-BOE-Gov-Bailey-Speaks,BOE Gov Bailey Speaks,GB,GBP,HIGH,,,,,ehsanrs2/forexfactory-scraper:high_impact_events_calendar.csv
2025-08-07T12:30:00,EH-20250807T1230-USD-Unemployment-Claims,Unemployment Claims,US,USD,HIGH,226000.0,221000.0,219000.0,,ehsanrs2/forexfactory-scraper:high_impact_events_calendar.csv
2025-08-08T12:30:00,EH-20250808T1230-CAD-Employment-Change,Employment Change,CA,CAD,HIGH,-40800.0,15300.0,83100.0,,ehsanrs2/forexfactory-scraper:high_impact_events_calendar.csv
2025-08-08T12:30:00,EH-20250808T1230-CAD-Unemployment-Rate,Unemployment Rate,CA,CAD,HIGH,6.9,7.0,6.9,,ehsanrs2/forexfactory-scraper:high_impact_events_calendar.csv
2025-08-12T04:30:00,EH-20250812T0430-AUD-Cash-Rate,Cash Rate,AU,AUD,HIGH,3.6,3.6,3.85,,ehsanrs2/forexfactory-scraper:high_impact_events_calendar.csv
2025-08-12T04:30:00,EH-20250812T0430-AUD-RBA-Monetary-Policy-Statement,RBA Monetary Policy Statement,AU,AUD,HIGH,,,,,ehsanrs2/forexfactory-scraper:high_impact_events_calendar.csv
2025-08-12T04:30:00,EH-20250812T0430-AUD-RBA-Rate-Statement,RBA Rate Statement,AU,AUD,HIGH,,,,,ehsanrs2/forexfactory-scraper:high_impact_events_calendar.csv
2025-08-12T05:30:00,EH-20250812T0530-AUD-RBA-Press-Conference,RBA Press Conference,AU,AUD,HIGH,,,,,ehsanrs2/forexfactory-scraper:high_impact_events_calendar.csv
2025-08-12T12:30:00,EH-20250812T1230-USD-CPI-y-y,CPI y/y,US,USD,HIGH,2.7,2.8,2.7,,ehsanrs2/forexfactory-scraper:high_impact_events_calendar.csv
2025-08-12T12:30:00,EH-20250812T1230-USD-CPI-m-m,CPI m/m,US,USD,HIGH,0.2,0.2,0.3,,ehsanrs2/forexfactory-scraper:high_impact_events_calendar.csv
2025-08-12T12:30:00,EH-20250812T1230-USD-Core-CPI-m-m,Core CPI m/m,US,USD,HIGH,0.3,0.3,0.2,,ehsanrs2/forexfactory-scraper:high_impact_events_calendar.csv
2025-08-13T01:30:00,EH-20250813T0130-AUD-Wage-Price-Index-q-q,Wage Price Index q/q,AU,AUD,HIGH,0.8,0.8,0.9,,ehsanrs2/forexfactory-scraper:high_impact_events_calendar.csv
2025-08-14T01:30:00,EH-20250814T0130-AUD-Employment-Change,Employment Change,AU,AUD,HIGH,24500.0,25300.0,1000.0,,ehsanrs2/forexfactory-scraper:high_impact_events_calendar.csv
2025-08-14T01:30:00,EH-20250814T0130-AUD-Unemployment-Rate,Unemployment Rate,AU,AUD,HIGH,4.2,4.2,4.3,,ehsanrs2/forexfactory-scraper:high_impact_events_calendar.csv
2025-08-14T06:00:00,EH-20250814T0600-GBP-GDP-m-m,GDP m/m,GB,GBP,HIGH,0.4,0.2,-0.1,,ehsanrs2/forexfactory-scraper:high_impact_events_calendar.csv
2025-08-14T12:30:00,EH-20250814T1230-USD-Core-PPI-m-m,Core PPI m/m,US,USD,HIGH,0.9,0.2,0.0,,ehsanrs2/forexfactory-scraper:high_impact_events_calendar.csv
2025-08-14T12:30:00,EH-20250814T1230-USD-PPI-m-m,PPI m/m,US,USD,HIGH,0.9,0.2,0.0,,ehsanrs2/forexfactory-scraper:high_impact_events_calendar.csv
2025-08-14T12:30:00,EH-20250814T1230-USD-Unemployment-Claims,Unemployment Claims,US,USD,HIGH,224000.0,225000.0,227000.0,,ehsanrs2/forexfactory-scraper:high_impact_events_calendar.csv
2025-08-15T12:30:00,EH-20250815T1230-USD-Retail-Sales-m-m,Retail Sales m/m,US,USD,HIGH,0.5,0.6,0.9,,ehsanrs2/forexfactory-scraper:high_impact_events_calendar.csv
2025-08-15T12:30:00,EH-20250815T1230-USD-Core-Retail-Sales-m-m,Core Retail Sales m/m,US,USD,HIGH,0.3,0.3,0.8,,ehsanrs2/forexfactory-scraper:high_impact_events_calendar.csv
2025-08-15T14:00:00,EH-20250815T1400-USD-Prelim-UoM-Consumer-Sentiment,Prelim UoM Consumer Sentiment,US,USD,HIGH,58.6,61.9,61.7,,ehsanrs2/forexfactory-scraper:high_impact_events_calendar.csv
2025-08-15T14:00:00,EH-20250815T1400-USD-Prelim-UoM-Inflation-Expectations,Prelim UoM Inflation Expectations,US,USD,HIGH,4.9,,4.5,,ehsanrs2/forexfactory-scraper:high_impact_events_calendar.csv
2025-08-15T22:55:00,EH-20250815T2255-USD-President-Trump-Speaks,President Trump Speaks,US,USD,HIGH,,,,,ehsanrs2/forexfactory-scraper:high_impact_events_calendar.csv
2025-08-19T12:30:00,EH-20250819T1230-CAD-CPI-m-m,CPI m/m,CA,CAD,HIGH,0.3,0.3,0.1,,ehsanrs2/forexfactory-scraper:high_impact_events_calendar.csv
2025-08-19T12:30:00,EH-20250819T1230-CAD-Median-CPI-y-y,Median CPI y/y,CA,CAD,HIGH,3.1,3.1,3.0,,ehsanrs2/forexfactory-scraper:high_impact_events_calendar.csv
2025-08-19T12:30:00,EH-20250819T1230-CAD-Trimmed-CPI-y-y,Trimmed CPI y/y,CA,CAD,HIGH,3.0,3.0,3.0,,ehsanrs2/forexfactory-scraper:high_impact_events_calendar.csv
2025-08-20T02:00:00,EH-20250820T0200-NZD-Official-Cash-Rate,Official Cash Rate,NZ,NZD,HIGH,3.0,3.0,3.25,,ehsanrs2/forexfactory-scraper:high_impact_events_calendar.csv
2025-08-20T02:00:00,EH-20250820T0200-NZD-RBNZ-Monetary-Policy-Statement,RBNZ Monetary Policy Statement,NZ,NZD,HIGH,,,,,ehsanrs2/forexfactory-scraper:high_impact_events_calendar.csv
2025-08-20T02:00:00,EH-20250820T0200-NZD-RBNZ-Rate-Statement,RBNZ Rate Statement,NZ,NZD,HIGH,,,,,ehsanrs2/forexfactory-scraper:high_impact_events_calendar.csv
2025-08-20T03:00:00,EH-20250820T0300-NZD-RBNZ-Press-Conference,RBNZ Press Conference,NZ,NZD,HIGH,,,,,ehsanrs2/forexfactory-scraper:high_impact_events_calendar.csv
2025-08-20T06:00:00,EH-20250820T0600-GBP-CPI-y-y,CPI y/y,GB,GBP,HIGH,3.8,3.7,3.6,,ehsanrs2/forexfactory-scraper:high_impact_events_calendar.csv
2025-08-20T18:00:00,EH-20250820T1800-USD-FOMC-Meeting-Minutes,FOMC Meeting Minutes,US,USD,HIGH,,,,,ehsanrs2/forexfactory-scraper:high_impact_events_calendar.csv
2025-08-21T07:30:00,EH-20250821T0730-EUR-German-Flash-Manufacturing-PMI,German Flash Manufacturing PMI,EU,EUR,HIGH,49.9,48.8,49.1,,ehsanrs2/forexfactory-scraper:high_impact_events_calendar.csv
2025-08-21T07:30:00,EH-20250821T0730-EUR-German-Flash-Services-PMI,German Flash Services PMI,EU,EUR,HIGH,50.1,50.4,50.6,,ehsanrs2/forexfactory-scraper:high_impact_events_calendar.csv
2025-08-21T08:30:00,EH-20250821T0830-GBP-Flash-Manufacturing-PMI,Flash Manufacturing PMI,GB,GBP,HIGH,47.3,48.2,48.0,,ehsanrs2/forexfactory-scraper:high_impact_events_calendar.csv
2025-08-21T08:30:00,EH-20250821T0830-GBP-Flash-Services-PMI,Flash Services PMI,GB,GBP,HIGH,53.6,51.8,51.8,,ehsanrs2/forexfactory-scraper:high_impact_events_calendar.csv
2025-08-21T12:30:00,EH-20250821T1230-USD-Unemployment-Claims,Unemployment Claims,US,USD,HIGH,235000.0,226000.0,224000.0,,ehsanrs2/forexfactory-scraper:high_impact_events_calendar.csv
2025-08-21T13:45:00,EH-20250821T1345-USD-Flash-Manufacturing-PMI,Flash Manufacturing PMI,US,USD,HIGH,53.3,49.7,49.8,,ehsanrs2/forexfactory-scraper:high_impact_events_calendar.csv
2025-08-21T13:45:00,EH-20250821T1345-USD-Flash-Services-PMI,Flash Services PMI,US,USD,HIGH,55.4,54.2,55.7,,ehsanrs2/forexfactory-scraper:high_impact_events_calendar.csv
2025-08-22T14:00:00,EH-20250822T1400-USD-Fed-Chair-Powell-Speaks,Fed Chair Powell Speaks,US,USD,HIGH,,,,,ehsanrs2/forexfactory-scraper:high_impact_events_calendar.csv
2025-08-22T17:05:00,EH-20250822T1705-USD-President-Trump-Speaks,President Trump Speaks,US,USD,HIGH,,,,,ehsanrs2/forexfactory-scraper:high_impact_events_calendar.csv
2025-08-22T22:59:59,EH-20250822T2259-ALL-Jackson-Hole-Symposium,Jackson Hole Symposium,ALL,ALL,HIGH,,,,,ehsanrs2/forexfactory-scraper:high_impact_events_calendar.csv
2025-08-23T16:25:00,EH-20250823T1625-EUR-ECB-President-Lagarde-Speaks,ECB President Lagarde Speaks,EU,EUR,HIGH,,,,,ehsanrs2/forexfactory-scraper:high_impact_events_calendar.csv
2025-08-23T16:25:00,EH-20250823T1625-GBP-BOE-Gov-Bailey-Speaks,BOE Gov Bailey Speaks,GB,GBP,HIGH,,,,,ehsanrs2/forexfactory-scraper:high_impact_events_calendar.csv
2025-08-23T16:25:00,EH-20250823T1625-JPY-BOJ-Gov-Ueda-Speaks,BOJ Gov Ueda Speaks,JP,JPY,HIGH,,,,,ehsanrs2/forexfactory-scraper:high_impact_events_calendar.csv
2025-08-26T18:30:00,EH-20250826T1830-CAD-BOC-Gov-Macklem-Speaks,BOC Gov Macklem Speaks,CA,CAD,HIGH,,,,,ehsanrs2/forexfactory-scraper:high_impact_events_calendar.csv
2025-08-27T01:30:00,EH-20250827T0130-AUD-CPI-y-y,CPI y/y,AU,AUD,HIGH,2.8,2.3,1.9,,ehsanrs2/forexfactory-scraper:high_impact_events_calendar.csv
2025-08-28T12:30:00,EH-20250828T1230-USD-Prelim-GDP-q-q,Prelim GDP q/q,US,USD,HIGH,3.3,3.1,3.0,,ehsanrs2/forexfactory-scraper:high_impact_events_calendar.csv
2025-08-28T12:30:00,EH-20250828T1230-USD-Unemployment-Claims,Unemployment Claims,US,USD,HIGH,229000.0,231000.0,234000.0,,ehsanrs2/forexfactory-scraper:high_impact_events_calendar.csv
2025-08-29T12:30:00,EH-20250829T1230-CAD-GDP-m-m,GDP m/m,CA,CAD,HIGH,-0.1,0.1,-0.1,,ehsanrs2/forexfactory-scraper:high_impact_events_calendar.csv
2025-08-29T12:30:00,EH-20250829T1230-USD-Core-PCE-Price-Index-m-m,Core PCE Price Index m/m,US,USD,HIGH,0.3,0.3,0.3,,ehsanrs2/forexfactory-scraper:high_impact_events_calendar.csv
2025-08-31T01:30:00,EH-20250831T0130-CNY-Manufacturing-PMI,Manufacturing PMI,CN,CNY,HIGH,49.4,49.5,49.3,,ehsanrs2/forexfactory-scraper:high_impact_events_calendar.csv
2025-09-02T14:00:00,EH-20250902T1400-USD-ISM-Manufacturing-PMI,ISM Manufacturing PMI,US,USD,HIGH,48.7,49.0,48.0,,ehsanrs2/forexfactory-scraper:high_impact_events_calendar.csv
2025-09-03T01:30:00,EH-20250903T0130-AUD-GDP-q-q,GDP q/q,AU,AUD,HIGH,0.6,0.5,0.3,,ehsanrs2/forexfactory-scraper:high_impact_events_calendar.csv
2025-09-03T08:00:00,EH-20250903T0800-AUD-RBA-Gov-Bullock-Speaks,RBA Gov Bullock Speaks,AU,AUD,HIGH,,,,,ehsanrs2/forexfactory-scraper:high_impact_events_calendar.csv
2025-09-03T13:15:00,EH-20250903T1315-GBP-Monetary-Policy-Report-Hearings,Monetary Policy Report Hearings,GB,GBP,HIGH,,,,,ehsanrs2/forexfactory-scraper:high_impact_events_calendar.csv
2025-09-03T14:00:00,EH-20250903T1400-USD-JOLTS-Job-Openings,JOLTS Job Openings,US,USD,HIGH,7180000.0,7380000.0,7360000.0,,ehsanrs2/forexfactory-scraper:high_impact_events_calendar.csv
2025-09-04T06:30:00,EH-20250904T0630-CHF-CPI-m-m,CPI m/m,CH,CHF,HIGH,-0.1,0.0,0.0,,ehsanrs2/forexfactory-scraper:high_impact_events_calendar.csv
2025-09-04T12:15:00,EH-20250904T1215-USD-ADP-Non-Farm-Employment-Change,ADP Non-Farm Employment Change,US,USD,HIGH,54000.0,73000.0,106000.0,,ehsanrs2/forexfactory-scraper:high_impact_events_calendar.csv
2025-09-04T12:30:00,EH-20250904T1230-USD-Unemployment-Claims,Unemployment Claims,US,USD,HIGH,237000.0,230000.0,229000.0,,ehsanrs2/forexfactory-scraper:high_impact_events_calendar.csv
2025-09-04T14:00:00,EH-20250904T1400-USD-ISM-Services-PMI,ISM Services PMI,US,USD,HIGH,52.0,50.9,50.1,,ehsanrs2/forexfactory-scraper:high_impact_events_calendar.csv
2025-09-05T12:30:00,EH-20250905T1230-USD-Unemployment-Rate,Unemployment Rate,US,USD,HIGH,4.3,4.3,4.2,,ehsanrs2/forexfactory-scraper:high_impact_events_calendar.csv
2025-09-05T12:30:00,EH-20250905T1230-USD-Non-Farm-Employment-Change,Non-Farm Employment Change,US,USD,HIGH,22000.0,75000.0,79000.0,,ehsanrs2/forexfactory-scraper:high_impact_events_calendar.csv
2025-09-05T12:30:00,EH-20250905T1230-USD-Average-Hourly-Earnings-m-m,Average Hourly Earnings m/m,US,USD,HIGH,0.3,0.3,0.3,,ehsanrs2/forexfactory-scraper:high_impact_events_calendar.csv
2025-09-05T12:30:00,EH-20250905T1230-CAD-Unemployment-Rate,Unemployment Rate,CA,CAD,HIGH,7.1,7.0,6.9,,ehsanrs2/forexfactory-scraper:high_impact_events_calendar.csv
2025-09-05T12:30:00,EH-20250905T1230-CAD-Employment-Change,Employment Change,CA,CAD,HIGH,-65500.0,4900.0,-40800.0,,ehsanrs2/forexfactory-scraper:high_impact_events_calendar.csv
2025-09-09T14:00:00,EH-20250909T1400-USD-Prelim-Benchmark-Payrolls-Revision,Prelim Benchmark Payrolls Revision,US,USD,HIGH,-911000.0,,-818000.0,,ehsanrs2/forexfactory-scraper:high_impact_events_calendar.csv
2025-09-10T12:30:00,EH-20250910T1230-USD-Core-PPI-m-m,Core PPI m/m,US,USD,HIGH,-0.1,0.3,0.7,,ehsanrs2/forexfactory-scraper:high_impact_events_calendar.csv
2025-09-10T12:30:00,EH-20250910T1230-USD-PPI-m-m,PPI m/m,US,USD,HIGH,-0.1,0.3,0.7,,ehsanrs2/forexfactory-scraper:high_impact_events_calendar.csv
2025-09-10T23:15:00,EH-20250910T2315-NZD-RBNZ-Gov-Hawkesby-Speaks,RBNZ Gov Hawkesby Speaks,NZ,NZD,HIGH,,,,,ehsanrs2/forexfactory-scraper:high_impact_events_calendar.csv
2025-09-11T12:15:00,EH-20250911T1215-EUR-Main-Refinancing-Rate,Main Refinancing Rate,EU,EUR,HIGH,2.15,2.15,2.15,,ehsanrs2/forexfactory-scraper:high_impact_events_calendar.csv
2025-09-11T12:15:00,EH-20250911T1215-EUR-Monetary-Policy-Statement,Monetary Policy Statement,EU,EUR,HIGH,,,,,ehsanrs2/forexfactory-scraper:high_impact_events_calendar.csv
2025-09-11T12:30:00,EH-20250911T1230-USD-Unemployment-Claims,Unemployment Claims,US,USD,HIGH,263000.0,235000.0,236000.0,,ehsanrs2/forexfactory-scraper:high_impact_events_calendar.csv
2025-09-11T12:30:00,EH-20250911T1230-USD-CPI-y-y,CPI y/y,US,USD,HIGH,2.9,2.9,2.7,,ehsanrs2/forexfactory-scraper:high_impact_events_calendar.csv
2025-09-11T12:30:00,EH-20250911T1230-USD-CPI-m-m,CPI m/m,US,USD,HIGH,0.4,0.3,0.2,,ehsanrs2/forexfactory-scraper:high_impact_events_calendar.csv
2025-09-11T12:30:00,EH-20250911T1230-USD-Core-CPI-m-m,Core CPI m/m,US,USD,HIGH,0.3,0.3,0.3,,ehsanrs2/forexfactory-scraper:high_impact_events_calendar.csv
2025-09-11T12:45:00,EH-20250911T1245-EUR-ECB-Press-Conference,ECB Press Conference,EU,EUR,HIGH,,,,,ehsanrs2/forexfactory-scraper:high_impact_events_calendar.csv
2025-09-12T06:00:00,EH-20250912T0600-GBP-GDP-m-m,GDP m/m,GB,GBP,HIGH,0.0,0.0,0.4,,ehsanrs2/forexfactory-scraper:high_impact_events_calendar.csv
2025-09-12T14:00:00,EH-20250912T1400-USD-Prelim-UoM-Consumer-Sentiment,Prelim UoM Consumer Sentiment,US,USD,HIGH,55.4,58.2,58.2,,ehsanrs2/forexfactory-scraper:high_impact_events_calendar.csv
2025-09-12T14:00:00,EH-20250912T1400-USD-Prelim-UoM-Inflation-Expectations,Prelim UoM Inflation Expectations,US,USD,HIGH,4.8,,4.8,,ehsanrs2/forexfactory-scraper:high_impact_events_calendar.csv
2025-09-16T12:30:00,EH-20250916T1230-CAD-CPI-m-m,CPI m/m,CA,CAD,HIGH,-0.1,0.0,0.3,,ehsanrs2/forexfactory-scraper:high_impact_events_calendar.csv
2025-09-16T12:30:00,EH-20250916T1230-CAD-Median-CPI-y-y,Median CPI y/y,CA,CAD,HIGH,3.1,3.1,3.1,,ehsanrs2/forexfactory-scraper:high_impact_events_calendar.csv
2025-09-16T12:30:00,EH-20250916T1230-CAD-Trimmed-CPI-y-y,Trimmed CPI y/y,CA,CAD,HIGH,3.0,3.0,3.1,,ehsanrs2/forexfactory-scraper:high_impact_events_calendar.csv
2025-09-16T12:30:00,EH-20250916T1230-USD-Core-Retail-Sales-m-m,Core Retail Sales m/m,US,USD,HIGH,0.7,0.4,0.4,,ehsanrs2/forexfactory-scraper:high_impact_events_calendar.csv
2025-09-16T12:30:00,EH-20250916T1230-USD-Retail-Sales-m-m,Retail Sales m/m,US,USD,HIGH,0.6,0.2,0.6,,ehsanrs2/forexfactory-scraper:high_impact_events_calendar.csv
2025-09-17T06:00:00,EH-20250917T0600-GBP-CPI-y-y,CPI y/y,GB,GBP,HIGH,3.8,3.8,3.8,,ehsanrs2/forexfactory-scraper:high_impact_events_calendar.csv
2025-09-17T13:45:00,EH-20250917T1345-CAD-BOC-Rate-Statement,BOC Rate Statement,CA,CAD,HIGH,,,,,ehsanrs2/forexfactory-scraper:high_impact_events_calendar.csv
2025-09-17T13:45:00,EH-20250917T1345-CAD-Overnight-Rate,Overnight Rate,CA,CAD,HIGH,2.5,2.5,2.75,,ehsanrs2/forexfactory-scraper:high_impact_events_calendar.csv
2025-09-17T14:30:00,EH-20250917T1430-CAD-BOC-Press-Conference,BOC Press Conference,CA,CAD,HIGH,,,,,ehsanrs2/forexfactory-scraper:high_impact_events_calendar.csv
2025-09-17T18:00:00,EH-20250917T1800-USD-FOMC-Statement,FOMC Statement,US,USD,HIGH,,,,,ehsanrs2/forexfactory-scraper:high_impact_events_calendar.csv
2025-09-17T18:00:00,EH-20250917T1800-USD-FOMC-Economic-Projections,FOMC Economic Projections,US,USD,HIGH,,,,,ehsanrs2/forexfactory-scraper:high_impact_events_calendar.csv
2025-09-17T18:00:00,EH-20250917T1800-USD-Federal-Funds-Rate,Federal Funds Rate,US,USD,HIGH,4.25,4.25,4.5,,ehsanrs2/forexfactory-scraper:high_impact_events_calendar.csv
2025-09-17T18:30:00,EH-20250917T1830-USD-FOMC-Press-Conference,FOMC Press Conference,US,USD,HIGH,,,,,ehsanrs2/forexfactory-scraper:high_impact_events_calendar.csv
2025-09-17T22:45:00,EH-20250917T2245-NZD-GDP-q-q,GDP q/q,NZ,NZD,HIGH,-0.9,-0.3,0.9,,ehsanrs2/forexfactory-scraper:high_impact_events_calendar.csv
2025-09-18T01:30:00,EH-20250918T0130-AUD-Employment-Change,Employment Change,AU,AUD,HIGH,-5400.0,21200.0,26500.0,,ehsanrs2/forexfactory-scraper:high_impact_events_calendar.csv
2025-09-18T01:30:00,EH-20250918T0130-AUD-Unemployment-Rate,Unemployment Rate,AU,AUD,HIGH,4.2,4.2,4.2,,ehsanrs2/forexfactory-scraper:high_impact_events_calendar.csv
2025-09-18T11:00:00,EH-20250918T1100-GBP-Monetary-Policy-Summary,Monetary Policy Summary,GB,GBP,HIGH,,,,,ehsanrs2/forexfactory-scraper:high_impact_events_calendar.csv
2025-09-18T11:00:00,EH-20250918T1100-GBP-MPC-Official-Bank-Rate-Votes,MPC Official Bank Rate Votes,GB,GBP,HIGH,0.0,0.0,0.0,,ehsanrs2/forexfactory-scraper:high_impact_events_calendar.csv
2025-09-18T11:00:00,EH-20250918T1100-GBP-Official-Bank-Rate,Official Bank Rate,GB,GBP,HIGH,4.0,4.0,4.0,,ehsanrs2/forexfactory-scraper:high_impact_events_calendar.csv
2025-09-18T12:30:00,EH-20250918T1230-USD-Unemployment-Claims,Unemployment Claims,US,USD,HIGH,231000.0,241000.0,264000.0,,ehsanrs2/forexfactory-scraper:high_impact_events_calendar.csv
2025-09-19T03:47:00,EH-20250919T0347-JPY-BOJ-Policy-Rate,BOJ Policy Rate,JP,JPY,HIGH,,,,,ehsanrs2/forexfactory-scraper:high_impact_events_calendar.csv
2025-09-19T03:47:00,EH-20250919T0347-JPY-Monetary-Policy-Statement,Monetary Policy Statement,JP,JPY,HIGH,,,,,ehsanrs2/forexfactory-scraper:high_impact_events_calendar.csv
2025-09-19T06:30:00,EH-20250919T0630-JPY-BOJ-Press-Conference,BOJ Press Conference,JP,JPY,HIGH,,,,,ehsanrs2/forexfactory-scraper:high_impact_events_calendar.csv
2025-09-22T01:00:00,EH-20250922T0100-AUD-RBA-Gov-Bullock-Speaks,RBA Gov Bullock Speaks,AU,AUD,HIGH,,,,,ehsanrs2/forexfactory-scraper:high_impact_events_calendar.csv
2025-09-23T07:30:00,EH-20250923T0730-EUR-German-Flash-Manufacturing-PMI,German Flash Manufacturing PMI,EU,EUR,HIGH,48.5,50.0,48.8,,ehsanrs2/forexfactory-scraper:high_impact_events_calendar.csv
2025-09-23T07:30:00,EH-20250923T0730-EUR-German-Flash-Services-PMI,German Flash Services PMI,EU,EUR,HIGH,52.5,49.5,49.3,,ehsanrs2/forexfactory-scraper:high_impact_events_calendar.csv
2025-09-23T08:30:00,EH-20250923T0830-GBP-Flash-Manufacturing-PMI,Flash Manufacturing PMI,GB,GBP,HIGH,46.2,47.1,47.0,,ehsanrs2/forexfactory-scraper:high_impact_events_calendar.csv
2025-09-23T08:30:00,EH-20250923T0830-GBP-Flash-Services-PMI,Flash Services PMI,GB,GBP,HIGH,51.9,53.4,54.2,,ehsanrs2/forexfactory-scraper:high_impact_events_calendar.csv
2025-09-23T13:45:00,EH-20250923T1345-USD-Flash-Services-PMI,Flash Services PMI,US,USD,HIGH,53.9,54.0,54.5,,ehsanrs2/forexfactory-scraper:high_impact_events_calendar.csv
2025-09-23T13:45:00,EH-20250923T1345-USD-Flash-Manufacturing-PMI,Flash Manufacturing PMI,US,USD,HIGH,52.0,52.2,53.0,,ehsanrs2/forexfactory-scraper:high_impact_events_calendar.csv
2025-09-23T16:35:00,EH-20250923T1635-USD-Fed-Chair-Powell-Speaks,Fed Chair Powell Speaks,US,USD,HIGH,,,,,ehsanrs2/forexfactory-scraper:high_impact_events_calendar.csv
2025-09-23T18:15:00,EH-20250923T1815-CAD-BOC-Gov-Macklem-Speaks,BOC Gov Macklem Speaks,CA,CAD,HIGH,,,,,ehsanrs2/forexfactory-scraper:high_impact_events_calendar.csv
2025-09-24T01:30:00,EH-20250924T0130-AUD-CPI-y-y,CPI y/y,AU,AUD,HIGH,3.0,2.9,2.8,,ehsanrs2/forexfactory-scraper:high_impact_events_calendar.csv
2025-09-25T07:30:00,EH-20250925T0730-CHF-SNB-Monetary-Policy-Assessment,SNB Monetary Policy Assessment,CH,CHF,HIGH,,,,,ehsanrs2/forexfactory-scraper:high_impact_events_calendar.csv
2025-09-25T07:30:00,EH-20250925T0730-CHF-SNB-Policy-Rate,SNB Policy Rate,CH,CHF,HIGH,0.0,0.0,0.0,,ehsanrs2/forexfactory-scraper:high_impact_events_calendar.csv
2025-09-25T08:00:00,EH-20250925T0800-CHF-SNB-Press-Conference,SNB Press Conference,CH,CHF,HIGH,,,,,ehsanrs2/forexfactory-scraper:high_impact_events_calendar.csv
2025-09-25T12:30:00,EH-20250925T1230-USD-Unemployment-Claims,Unemployment Claims,US,USD,HIGH,218000.0,233000.0,232000.0,,ehsanrs2/forexfactory-scraper:high_impact_events_calendar.csv
2025-09-25T12:30:00,EH-20250925T1230-USD-Final-GDP-q-q,Final GDP q/q,US,USD,HIGH,3.8,3.3,3.3,,ehsanrs2/forexfactory-scraper:high_impact_events_calendar.csv
2025-09-26T12:30:00,EH-20250926T1230-CAD-GDP-m-m,GDP m/m,CA,CAD,HIGH,0.2,0.1,-0.1,,ehsanrs2/forexfactory-scraper:high_impact_events_calendar.csv
2025-09-26T12:30:00,EH-20250926T1230-USD-Core-PCE-Price-Index-m-m,Core PCE Price Index m/m,US,USD,HIGH,0.2,0.2,0.2,,ehsanrs2/forexfactory-scraper:high_impact_events_calendar.csv
2025-09-30T01:30:00,EH-20250930T0130-CNY-Manufacturing-PMI,Manufacturing PMI,CN,CNY,HIGH,49.8,49.6,49.4,,ehsanrs2/forexfactory-scraper:high_impact_events_calendar.csv
2025-09-30T04:30:00,EH-20250930T0430-AUD-Cash-Rate,Cash Rate,AU,AUD,HIGH,3.6,3.6,3.6,,ehsanrs2/forexfactory-scraper:high_impact_events_calendar.csv
2025-09-30T04:30:00,EH-20250930T0430-AUD-RBA-Rate-Statement,RBA Rate Statement,AU,AUD,HIGH,,,,,ehsanrs2/forexfactory-scraper:high_impact_events_calendar.csv
2025-09-30T05:30:00,EH-20250930T0530-AUD-RBA-Press-Conference,RBA Press Conference,AU,AUD,HIGH,,,,,ehsanrs2/forexfactory-scraper:high_impact_events_calendar.csv
2025-09-30T14:00:00,EH-20250930T1400-USD-JOLTS-Job-Openings,JOLTS Job Openings,US,USD,HIGH,7230000.0,7190000.0,7210000.0,,ehsanrs2/forexfactory-scraper:high_impact_events_calendar.csv
2025-10-01T12:15:00,EH-20251001T1215-USD-ADP-Non-Farm-Employment-Change,ADP Non-Farm Employment Change,US,USD,HIGH,-32000.0,52000.0,-3000.0,,ehsanrs2/forexfactory-scraper:high_impact_events_calendar.csv
2025-10-01T14:00:00,EH-20251001T1400-USD-ISM-Manufacturing-PMI,ISM Manufacturing PMI,US,USD,HIGH,49.1,49.0,48.7,,ehsanrs2/forexfactory-scraper:high_impact_events_calendar.csv
2025-10-02T06:30:00,EH-20251002T0630-CHF-CPI-m-m,CPI m/m,CH,CHF,HIGH,-0.2,-0.2,-0.1,,ehsanrs2/forexfactory-scraper:high_impact_events_calendar.csv
2025-10-03T01:05:00,EH-20251003T0105-JPY-BOJ-Gov-Ueda-Speaks,BOJ Gov Ueda Speaks,JP,JPY,HIGH,,,,,ehsanrs2/forexfactory-scraper:high_impact_events_calendar.csv
2025-10-03T13:20:00,EH-20251003T1320-GBP-BOE-Gov-Bailey-Speaks,BOE Gov Bailey Speaks,GB,GBP,HIGH,,,,,ehsanrs2/forexfactory-scraper:high_impact_events_calendar.csv
2025-10-03T14:00:00,EH-20251003T1400-USD-ISM-Services-PMI,ISM Services PMI,US,USD,HIGH,50.0,51.8,52.0,,ehsanrs2/forexfactory-scraper:high_impact_events_calendar.csv
2025-10-06T15:00:00,EH-20251006T1500-GBP-BOE-Gov-Bailey-Speaks,BOE Gov Bailey Speaks,GB,GBP,HIGH,,,,,ehsanrs2/forexfactory-scraper:high_impact_events_calendar.csv
2025-10-06T17:00:00,EH-20251006T1700-EUR-ECB-President-Lagarde-Speaks,ECB President Lagarde Speaks,EU,EUR,HIGH,,,,,ehsanrs2/forexfactory-scraper:high_impact_events_calendar.csv
2025-10-08T01:00:00,EH-20251008T0100-NZD-Official-Cash-Rate,Official Cash Rate,NZ,NZD,HIGH,2.5,2.75,3.0,,ehsanrs2/forexfactory-scraper:high_impact_events_calendar.csv
2025-10-08T01:00:00,EH-20251008T0100-NZD-RBNZ-Rate-Statement,RBNZ Rate Statement,NZ,NZD,HIGH,,,,,ehsanrs2/forexfactory-scraper:high_impact_events_calendar.csv
2025-10-08T18:00:00,EH-20251008T1800-USD-FOMC-Meeting-Minutes,FOMC Meeting Minutes,US,USD,HIGH,,,,,ehsanrs2/forexfactory-scraper:high_impact_events_calendar.csv
2025-10-09T22:00:00,EH-20251009T2200-AUD-RBA-Gov-Bullock-Speaks,RBA Gov Bullock Speaks,AU,AUD,HIGH,,,,,ehsanrs2/forexfactory-scraper:high_impact_events_calendar.csv
2025-10-10T12:30:00,EH-20251010T1230-CAD-Employment-Change,Employment Change,CA,CAD,HIGH,60400.0,2800.0,-65500.0,,ehsanrs2/forexfactory-scraper:high_impact_events_calendar.csv
2025-10-10T12:30:00,EH-20251010T1230-CAD-Unemployment-Rate,Unemployment Rate,CA,CAD,HIGH,7.1,7.2,7.1,,ehsanrs2/forexfactory-scraper:high_impact_events_calendar.csv
2025-10-10T14:00:00,EH-20251010T1400-USD-Prelim-UoM-Consumer-Sentiment,Prelim UoM Consumer Sentiment,US,USD,HIGH,55.0,54.1,55.1,,ehsanrs2/forexfactory-scraper:high_impact_events_calendar.csv
2025-10-10T14:00:00,EH-20251010T1400-USD-Prelim-UoM-Inflation-Expectations,Prelim UoM Inflation Expectations,US,USD,HIGH,4.6,,4.7,,ehsanrs2/forexfactory-scraper:high_impact_events_calendar.csv
2025-10-14T16:20:00,EH-20251014T1620-USD-Fed-Chair-Powell-Speaks,Fed Chair Powell Speaks,US,USD,HIGH,,,,,ehsanrs2/forexfactory-scraper:high_impact_events_calendar.csv
2025-10-14T17:00:00,EH-20251014T1700-GBP-BOE-Gov-Bailey-Speaks,BOE Gov Bailey Speaks,GB,GBP,HIGH,,,,,ehsanrs2/forexfactory-scraper:high_impact_events_calendar.csv
2025-10-15T19:45:00,EH-20251015T1945-AUD-RBA-Gov-Bullock-Speaks,RBA Gov Bullock Speaks,AU,AUD,HIGH,,,,,ehsanrs2/forexfactory-scraper:high_impact_events_calendar.csv
2025-10-16T00:30:00,EH-20251016T0030-AUD-Employment-Change,Employment Change,AU,AUD,HIGH,14900.0,20500.0,-11900.0,,ehsanrs2/forexfactory-scraper:high_impact_events_calendar.csv
2025-10-16T00:30:00,EH-20251016T0030-AUD-Unemployment-Rate,Unemployment Rate,AU,AUD,HIGH,4.5,4.3,4.3,,ehsanrs2/forexfactory-scraper:high_impact_events_calendar.csv
2025-10-16T06:00:00,EH-20251016T0600-GBP-GDP-m-m,GDP m/m,GB,GBP,HIGH,0.1,0.1,-0.1,,ehsanrs2/forexfactory-scraper:high_impact_events_calendar.csv
2025-10-16T17:30:00,EH-20251016T1730-CAD-BOC-Gov-Macklem-Speaks,BOC Gov Macklem Speaks,CA,CAD,HIGH,,,,,ehsanrs2/forexfactory-scraper:high_impact_events_calendar.csv
2025-10-18T13:00:00,EH-20251018T1300-GBP-BOE-Gov-Bailey-Speaks,BOE Gov Bailey Speaks,GB,GBP,HIGH,,,,,ehsanrs2/forexfactory-scraper:high_impact_events_calendar.csv
2025-10-19T21:45:00,EH-20251019T2145-NZD-CPI-q-q,CPI q/q,NZ,NZD,HIGH,1.0,0.8,0.5,,ehsanrs2/forexfactory-scraper:high_impact_events_calendar.csv
2025-10-21T12:30:00,EH-20251021T1230-CAD-CPI-m-m,CPI m/m,CA,CAD,HIGH,0.1,-0.1,-0.1,,ehsanrs2/forexfactory-scraper:high_impact_events_calendar.csv
2025-10-21T12:30:00,EH-20251021T1230-CAD-Median-CPI-y-y,Median CPI y/y,CA,CAD,HIGH,3.2,3.0,3.2,,ehsanrs2/forexfactory-scraper:high_impact_events_calendar.csv
2025-10-21T12:30:00,EH-20251021T1230-CAD-Trimmed-CPI-y-y,Trimmed CPI y/y,CA,CAD,HIGH,3.1,3.0,3.0,,ehsanrs2/forexfactory-scraper:high_impact_events_calendar.csv
2025-10-22T06:00:00,EH-20251022T0600-GBP-CPI-y-y,CPI y/y,GB,GBP,HIGH,3.8,4.0,3.8,,ehsanrs2/forexfactory-scraper:high_impact_events_calendar.csv
2025-10-24T07:30:00,EH-20251024T0730-EUR-German-Flash-Services-PMI,German Flash Services PMI,EU,EUR,HIGH,54.5,51.1,51.5,,ehsanrs2/forexfactory-scraper:high_impact_events_calendar.csv
2025-10-24T07:30:00,EH-20251024T0730-EUR-German-Flash-Manufacturing-PMI,German Flash Manufacturing PMI,EU,EUR,HIGH,49.6,49.5,49.5,,ehsanrs2/forexfactory-scraper:high_impact_events_calendar.csv
2025-10-24T08:30:00,EH-20251024T0830-GBP-Flash-Manufacturing-PMI,Flash Manufacturing PMI,GB,GBP,HIGH,49.6,46.6,46.2,,ehsanrs2/forexfactory-scraper:high_impact_events_calendar.csv
2025-10-24T08:30:00,EH-20251024T0830-GBP-Flash-Services-PMI,Flash Services PMI,GB,GBP,HIGH,51.1,51.0,50.8,,ehsanrs2/forexfactory-scraper:high_impact_events_calendar.csv
2025-10-24T12:30:00,EH-20251024T1230-USD-Core-CPI-m-m,Core CPI m/m,US,USD,HIGH,0.2,0.3,0.3,,ehsanrs2/forexfactory-scraper:high_impact_events_calendar.csv
2025-10-24T12:30:00,EH-20251024T1230-USD-CPI-m-m,CPI m/m,US,USD,HIGH,0.3,0.4,0.4,,ehsanrs2/forexfactory-scraper:high_impact_events_calendar.csv
2025-10-24T12:30:00,EH-20251024T1230-USD-CPI-y-y,CPI y/y,US,USD,HIGH,3.0,3.1,2.9,,ehsanrs2/forexfactory-scraper:high_impact_events_calendar.csv
2025-10-24T13:45:00,EH-20251024T1345-USD-Flash-Manufacturing-PMI,Flash Manufacturing PMI,US,USD,HIGH,52.2,51.9,52.0,,ehsanrs2/forexfactory-scraper:high_impact_events_calendar.csv
2025-10-24T13:45:00,EH-20251024T1345-USD-Flash-Services-PMI,Flash Services PMI,US,USD,HIGH,55.2,53.5,54.2,,ehsanrs2/forexfactory-scraper:high_impact_events_calendar.csv
2025-10-27T08:15:00,EH-20251027T0815-AUD-RBA-Gov-Bullock-Speaks,RBA Gov Bullock Speaks,AU,AUD,HIGH,,,,,ehsanrs2/forexfactory-scraper:high_impact_events_calendar.csv
2025-10-29T00:30:00,EH-20251029T0030-AUD-Trimmed-Mean-CPI-m-m,Trimmed Mean CPI m/m,AU,AUD,HIGH,1.0,0.8,0.7,,ehsanrs2/forexfactory-scraper:high_impact_events_calendar.csv
2025-10-29T00:30:00,EH-20251029T0030-AUD-CPI-m-m,CPI m/m,AU,AUD,HIGH,1.3,1.1,0.7,,ehsanrs2/forexfactory-scraper:high_impact_events_calendar.csv
2025-10-29T00:30:00,EH-20251029T0030-AUD-CPI-y-y,CPI y/y,AU,AUD,HIGH,3.5,3.1,3.0,,ehsanrs2/forexfactory-scraper:high_impact_events_calendar.csv
2025-10-29T13:45:00,EH-20251029T1345-CAD-BOC-Monetary-Policy-Report,BOC Monetary Policy Report,CA,CAD,HIGH,,,,,ehsanrs2/forexfactory-scraper:high_impact_events_calendar.csv
2025-10-29T13:45:00,EH-20251029T1345-CAD-BOC-Rate-Statement,BOC Rate Statement,CA,CAD,HIGH,,,,,ehsanrs2/forexfactory-scraper:high_impact_events_calendar.csv
2025-10-29T13:45:00,EH-20251029T1345-CAD-Overnight-Rate,Overnight Rate,CA,CAD,HIGH,2.25,2.25,2.5,,ehsanrs2/forexfactory-scraper:high_impact_events_calendar.csv
2025-10-29T14:30:00,EH-20251029T1430-CAD-BOC-Press-Conference,BOC Press Conference,CA,CAD,HIGH,,,,,ehsanrs2/forexfactory-scraper:high_impact_events_calendar.csv
2025-10-29T18:00:00,EH-20251029T1800-USD-Federal-Funds-Rate,Federal Funds Rate,US,USD,HIGH,4.0,4.0,4.25,,ehsanrs2/forexfactory-scraper:high_impact_events_calendar.csv
2025-10-29T18:00:00,EH-20251029T1800-USD-FOMC-Statement,FOMC Statement,US,USD,HIGH,,,,,ehsanrs2/forexfactory-scraper:high_impact_events_calendar.csv
2025-10-29T18:30:00,EH-20251029T1830-USD-FOMC-Press-Conference,FOMC Press Conference,US,USD,HIGH,,,,,ehsanrs2/forexfactory-scraper:high_impact_events_calendar.csv
2025-10-30T03:15:00,EH-20251030T0315-JPY-BOJ-Outlook-Report,BOJ Outlook Report,JP,JPY,HIGH,,,,,ehsanrs2/forexfactory-scraper:high_impact_events_calendar.csv
2025-10-30T03:15:00,EH-20251030T0315-JPY-BOJ-Policy-Rate,BOJ Policy Rate,JP,JPY,HIGH,,,,,ehsanrs2/forexfactory-scraper:high_impact_events_calendar.csv
2025-10-30T03:15:00,EH-20251030T0315-JPY-Monetary-Policy-Statement,Monetary Policy Statement,JP,JPY,HIGH,,,,,ehsanrs2/forexfactory-scraper:high_impact_events_calendar.csv
2025-10-30T06:30:00,EH-20251030T0630-JPY-BOJ-Press-Conference,BOJ Press Conference,JP,JPY,HIGH,,,,,ehsanrs2/forexfactory-scraper:high_impact_events_calendar.csv
2025-10-30T13:15:00,EH-20251030T1315-EUR-Main-Refinancing-Rate,Main Refinancing Rate,EU,EUR,HIGH,2.15,2.15,2.15,,ehsanrs2/forexfactory-scraper:high_impact_events_calendar.csv
2025-10-30T13:15:00,EH-20251030T1315-EUR-Monetary-Policy-Statement,Monetary Policy Statement,EU,EUR,HIGH,,,,,ehsanrs2/forexfactory-scraper:high_impact_events_calendar.csv
2025-10-30T13:45:00,EH-20251030T1345-EUR-ECB-Press-Conference,ECB Press Conference,EU,EUR,HIGH,,,,,ehsanrs2/forexfactory-scraper:high_impact_events_calendar.csv
2025-10-31T01:30:00,EH-20251031T0130-CNY-Manufacturing-PMI,Manufacturing PMI,CN,CNY,HIGH,49.0,49.6,49.8,,ehsanrs2/forexfactory-scraper:high_impact_events_calendar.csv
2025-10-31T12:30:00,EH-20251031T1230-CAD-GDP-m-m,GDP m/m,CA,CAD,HIGH,-0.3,0.0,0.3,,ehsanrs2/forexfactory-scraper:high_impact_events_calendar.csv
2025-11-03T07:30:00,EH-20251103T0730-CHF-CPI-m-m,CPI m/m,CH,CHF,HIGH,-0.3,-0.1,-0.2,,ehsanrs2/forexfactory-scraper:high_impact_events_calendar.csv
2025-11-03T15:00:00,EH-20251103T1500-USD-ISM-Manufacturing-PMI,ISM Manufacturing PMI,US,USD,HIGH,48.7,49.4,49.1,,ehsanrs2/forexfactory-scraper:high_impact_events_calendar.csv
2025-11-03T18:30:00,EH-20251103T1830-CAD-BOC-Gov-Macklem-Speaks,BOC Gov Macklem Speaks,CA,CAD,HIGH,,,,,ehsanrs2/forexfactory-scraper:high_impact_events_calendar.csv
2025-11-04T03:30:00,EH-20251104T0330-AUD-Cash-Rate,Cash Rate,AU,AUD,HIGH,3.6,3.6,3.6,,ehsanrs2/forexfactory-scraper:high_impact_events_calendar.csv
2025-11-04T03:30:00,EH-20251104T0330-AUD-RBA-Monetary-Policy-Statement,RBA Monetary Policy Statement,AU,AUD,HIGH,,,,,ehsanrs2/forexfactory-scraper:high_impact_events_calendar.csv
2025-11-04T03:30:00,EH-20251104T0330-AUD-RBA-Rate-Statement,RBA Rate Statement,AU,AUD,HIGH,,,,,ehsanrs2/forexfactory-scraper:high_impact_events_calendar.csv
2025-11-04T04:30:00,EH-20251104T0430-AUD-RBA-Press-Conference,RBA Press Conference,AU,AUD,HIGH,,,,,ehsanrs2/forexfactory-scraper:high_impact_events_calendar.csv
2025-11-04T21:45:00,EH-20251104T2145-NZD-Employment-Change-q-q,Employment Change q/q,NZ,NZD,HIGH,0.0,0.1,-0.2,,ehsanrs2/forexfactory-scraper:high_impact_events_calendar.csv
2025-11-04T21:45:00,EH-20251104T2145-NZD-Unemployment-Rate,Unemployment Rate,NZ,NZD,HIGH,5.3,5.3,5.2,,ehsanrs2/forexfactory-scraper:high_impact_events_calendar.csv
2025-11-05T13:15:00,EH-20251105T1315-USD-ADP-Non-Farm-Employment-Change,ADP Non-Farm Employment Change,US,USD,HIGH,42000.0,32000.0,-29000.0,,ehsanrs2/forexfactory-scraper:high_impact_events_calendar.csv
2025-11-05T15:00:00,EH-20251105T1500-USD-ISM-Services-PMI,ISM Services PMI,US,USD,HIGH,52.4,50.7,50.0,,ehsanrs2/forexfactory-scraper:high_impact_events_calendar.csv
2025-11-05T21:30:00,EH-20251105T2130-CAD-BOC-Gov-Macklem-Speaks,BOC Gov Macklem Speaks,CA,CAD,HIGH,,,,,ehsanrs2/forexfactory-scraper:high_impact_events_calendar.csv
2025-11-06T12:00:00,EH-20251106T1200-GBP-BOE-Monetary-Policy-Report,BOE Monetary Policy Report,GB,GBP,HIGH,,,,,ehsanrs2/forexfactory-scraper:high_impact_events_calendar.csv
2025-11-06T12:00:00,EH-20251106T1200-GBP-Monetary-Policy-Summary,Monetary Policy Summary,GB,GBP,HIGH,,,,,ehsanrs2/forexfactory-scraper:high_impact_events_calendar.csv
2025-11-06T12:00:00,EH-20251106T1200-GBP-MPC-Official-Bank-Rate-Votes,MPC Official Bank Rate Votes,GB,GBP,HIGH,0.0,0.0,0.0,,ehsanrs2/forexfactory-scraper:high_impact_events_calendar.csv
2025-11-06T12:00:00,EH-20251106T1200-GBP-Official-Bank-Rate,Official Bank Rate,GB,GBP,HIGH,4.0,4.0,4.0,,ehsanrs2/forexfactory-scraper:high_impact_events_calendar.csv
2025-11-06T12:30:00,EH-20251106T1230-GBP-BOE-Gov-Bailey-Speaks,BOE Gov Bailey Speaks,GB,GBP,HIGH,,,,,ehsanrs2/forexfactory-scraper:high_impact_events_calendar.csv
2025-11-06T15:30:00,EH-20251106T1530-CAD-BOC-Gov-Macklem-Speaks,BOC Gov Macklem Speaks,CA,CAD,HIGH,,,,,ehsanrs2/forexfactory-scraper:high_impact_events_calendar.csv
2025-11-07T13:30:00,EH-20251107T1330-CAD-Unemployment-Rate,Unemployment Rate,CA,CAD,HIGH,6.9,7.1,7.1,,ehsanrs2/forexfactory-scraper:high_impact_events_calendar.csv
2025-11-07T13:30:00,EH-20251107T1330-CAD-Employment-Change,Employment Change,CA,CAD,HIGH,66600.0,-5000.0,60400.0,,ehsanrs2/forexfactory-scraper:high_impact_events_calendar.csv
2025-11-11T07:00:00,EH-20251111T0700-GBP-Claimant-Count-Change,Claimant Count Change,GB,GBP,HIGH,29000.0,17600.0,400.0,,ehsanrs2/forexfactory-scraper:high_impact_events_calendar.csv
2025-11-13T00:30:00,EH-20251113T0030-AUD-Employment-Change,Employment Change,AU,AUD,HIGH,42200.0,20000.0,12800.0,,ehsanrs2/forexfactory-scraper:high_impact_events_calendar.csv
2025-11-13T00:30:00,EH-20251113T0030-AUD-Unemployment-Rate,Unemployment Rate,AU,AUD,HIGH,4.3,4.4,4.5,,ehsanrs2/forexfactory-scraper:high_impact_events_calendar.csv
2025-11-13T07:00:00,EH-20251113T0700-GBP-GDP-m-m,GDP m/m,GB,GBP,HIGH,-0.1,0.0,0.0,,ehsanrs2/forexfactory-scraper:high_impact_events_calendar.csv
2025-11-17T13:30:00,EH-20251117T1330-CAD-CPI-m-m,CPI m/m,CA,CAD,HIGH,0.2,0.2,0.1,,ehsanrs2/forexfactory-scraper:high_impact_events_calendar.csv
2025-11-17T13:30:00,EH-20251117T1330-CAD-Median-CPI-y-y,Median CPI y/y,CA,CAD,HIGH,2.9,3.1,3.1,,ehsanrs2/forexfactory-scraper:high_impact_events_calendar.csv
2025-11-17T13:30:00,EH-20251117T1330-CAD-Trimmed-CPI-y-y,Trimmed CPI y/y,CA,CAD,HIGH,3.0,3.0,3.1,,ehsanrs2/forexfactory-scraper:high_impact_events_calendar.csv
2025-11-18T08:10:00,EH-20251118T0810-USD-Unemployment-Claims,Unemployment Claims,US,USD,HIGH,232000.0,,220000.0,,ehsanrs2/forexfactory-scraper:high_impact_events_calendar.csv
2025-11-19T00:30:00,EH-20251119T0030-AUD-Wage-Price-Index-q-q,Wage Price Index q/q,AU,AUD,HIGH,0.8,0.8,0.8,,ehsanrs2/forexfactory-scraper:high_impact_events_calendar.csv
2025-11-19T07:00:00,EH-20251119T0700-GBP-CPI-y-y,CPI y/y,GB,GBP,HIGH,3.6,3.5,3.8,,ehsanrs2/forexfactory-scraper:high_impact_events_calendar.csv
2025-11-19T19:00:00,EH-20251119T1900-USD-FOMC-Meeting-Minutes,FOMC Meeting Minutes,US,USD,HIGH,,,,,ehsanrs2/forexfactory-scraper:high_impact_events_calendar.csv
2025-11-20T13:30:00,EH-20251120T1330-USD-Average-Hourly-Earnings-m-m,Average Hourly Earnings m/m,US,USD,HIGH,0.2,0.3,0.4,,ehsanrs2/forexfactory-scraper:high_impact_events_calendar.csv
2025-11-20T13:30:00,EH-20251120T1330-USD-Non-Farm-Employment-Change,Non-Farm Employment Change,US,USD,HIGH,119000.0,53000.0,-4000.0,,ehsanrs2/forexfactory-scraper:high_impact_events_calendar.csv
2025-11-20T13:30:00,EH-20251120T1330-USD-Unemployment-Claims,Unemployment Claims,US,USD,HIGH,220000.0,227000.0,228000.0,,ehsanrs2/forexfactory-scraper:high_impact_events_calendar.csv
2025-11-20T13:30:00,EH-20251120T1330-USD-Unemployment-Rate,Unemployment Rate,US,USD,HIGH,4.4,4.3,4.3,,ehsanrs2/forexfactory-scraper:high_impact_events_calendar.csv
2025-11-21T07:00:00,EH-20251121T0700-GBP-Retail-Sales-m-m,Retail Sales m/m,GB,GBP,HIGH,-1.1,-0.1,0.7,,ehsanrs2/forexfactory-scraper:high_impact_events_calendar.csv
2025-11-21T08:30:00,EH-20251121T0830-EUR-German-Flash-Services-PMI,German Flash Services PMI,EU,EUR,HIGH,52.7,54.0,54.6,,ehsanrs2/forexfactory-scraper:high_impact_events_calendar.csv
2025-11-21T08:30:00,EH-20251121T0830-EUR-German-Flash-Manufacturing-PMI,German Flash Manufacturing PMI,EU,EUR,HIGH,48.4,49.8,49.6,,ehsanrs2/forexfactory-scraper:high_impact_events_calendar.csv
2025-11-21T09:30:00,EH-20251121T0930-GBP-Flash-Manufacturing-PMI,Flash Manufacturing PMI,GB,GBP,HIGH,50.2,49.3,49.7,,ehsanrs2/forexfactory-scraper:high_impact_events_calendar.csv
2025-11-21T09:30:00,EH-20251121T0930-GBP-Flash-Services-PMI,Flash Services PMI,GB,GBP,HIGH,50.5,51.9,52.3,,ehsanrs2/forexfactory-scraper:high_impact_events_calendar.csv
2025-11-21T14:45:00,EH-20251121T1445-USD-Flash-Manufacturing-PMI,Flash Manufacturing PMI,US,USD,HIGH,51.9,52.0,52.5,,ehsanrs2/forexfactory-scraper:high_impact_events_calendar.csv
2025-11-21T14:45:00,EH-20251121T1445-USD-Flash-Services-PMI,Flash Services PMI,US,USD,HIGH,55.0,54.6,54.8,,ehsanrs2/forexfactory-scraper:high_impact_events_calendar.csv
2025-11-25T13:30:00,EH-20251125T1330-USD-Core-PPI-m-m,Core PPI m/m,US,USD,HIGH,0.1,0.2,-0.1,,ehsanrs2/forexfactory-scraper:high_impact_events_calendar.csv
2025-11-25T13:30:00,EH-20251125T1330-USD-Core-Retail-Sales-m-m,Core Retail Sales m/m,US,USD,HIGH,0.3,0.3,0.6,,ehsanrs2/forexfactory-scraper:high_impact_events_calendar.csv
2025-11-25T13:30:00,EH-20251125T1330-USD-PPI-m-m,PPI m/m,US,USD,HIGH,0.3,0.3,-0.1,,ehsanrs2/forexfactory-scraper:high_impact_events_calendar.csv
2025-11-25T13:30:00,EH-20251125T1330-USD-Retail-Sales-m-m,Retail Sales m/m,US,USD,HIGH,0.2,0.4,0.6,,ehsanrs2/forexfactory-scraper:high_impact_events_calendar.csv
2025-11-26T00:30:00,EH-20251126T0030-AUD-Trimmed-Mean-CPI-m-m,Trimmed Mean CPI m/m,AU,AUD,HIGH,0.3,,1.0,,ehsanrs2/forexfactory-scraper:high_impact_events_calendar.csv
2025-11-26T00:30:00,EH-20251126T0030-AUD-CPI-m-m,CPI m/m,AU,AUD,HIGH,0.0,,0.5,,ehsanrs2/forexfactory-scraper:high_impact_events_calendar.csv
2025-11-26T00:30:00,EH-20251126T0030-AUD-CPI-y-y,CPI y/y,AU,AUD,HIGH,3.8,3.6,3.5,,ehsanrs2/forexfactory-scraper:high_impact_events_calendar.csv
2025-11-26T01:00:00,EH-20251126T0100-NZD-Official-Cash-Rate,Official Cash Rate,NZ,NZD,HIGH,2.25,2.25,2.5,,ehsanrs2/forexfactory-scraper:high_impact_events_calendar.csv
2025-11-26T01:00:00,EH-20251126T0100-NZD-RBNZ-Monetary-Policy-Statement,RBNZ Monetary Policy Statement,NZ,NZD,HIGH,,,,,ehsanrs2/forexfactory-scraper:high_impact_events_calendar.csv
2025-11-26T01:00:00,EH-20251126T0100-NZD-RBNZ-Rate-Statement,RBNZ Rate Statement,NZ,NZD,HIGH,,,,,ehsanrs2/forexfactory-scraper:high_impact_events_calendar.csv
2025-11-26T02:00:00,EH-20251126T0200-NZD-RBNZ-Press-Conference,RBNZ Press Conference,NZ,NZD,HIGH,,,,,ehsanrs2/forexfactory-scraper:high_impact_events_calendar.csv
2025-11-26T12:30:00,EH-20251126T1230-GBP-Autumn-Forecast-Statement,Autumn Forecast Statement,GB,GBP,HIGH,,,,,ehsanrs2/forexfactory-scraper:high_impact_events_calendar.csv
2025-11-26T13:30:00,EH-20251126T1330-USD-Unemployment-Claims,Unemployment Claims,US,USD,HIGH,216000.0,226000.0,222000.0,,ehsanrs2/forexfactory-scraper:high_impact_events_calendar.csv
2025-11-28T13:30:00,EH-20251128T1330-CAD-GDP-m-m,GDP m/m,CA,CAD,HIGH,0.2,0.2,-0.1,,ehsanrs2/forexfactory-scraper:high_impact_events_calendar.csv
2025-12-01T01:05:00,EH-20251201T0105-JPY-BOJ-Gov-Ueda-Speaks,BOJ Gov Ueda Speaks,JP,JPY,HIGH,,,,,ehsanrs2/forexfactory-scraper:high_impact_events_calendar.csv
2025-12-01T15:00:00,EH-20251201T1500-USD-ISM-Manufacturing-PMI,ISM Manufacturing PMI,US,USD,HIGH,48.2,49.0,48.7,,ehsanrs2/forexfactory-scraper:high_impact_events_calendar.csv
2025-12-02T10:00:00,EH-20251202T1000-GBP-BOE-Gov-Bailey-Speaks,BOE Gov Bailey Speaks,GB,GBP,HIGH,,,,,ehsanrs2/forexfactory-scraper:high_impact_events_calendar.csv
2025-12-03T00:30:00,EH-20251203T0030-AUD-GDP-q-q,GDP q/q,AU,AUD,HIGH,0.4,0.7,0.7,,ehsanrs2/forexfactory-scraper:high_impact_events_calendar.csv
2025-12-03T07:30:00,EH-20251203T0730-CHF-CPI-m-m,CPI m/m,CH,CHF,HIGH,-0.2,-0.1,-0.3,,ehsanrs2/forexfactory-scraper:high_impact_events_calendar.csv
2025-12-03T13:15:00,EH-20251203T1315-USD-ADP-Non-Farm-Employment-Change,ADP Non-Farm Employment Change,US,USD,HIGH,-32000.0,5000.0,47000.0,,ehsanrs2/forexfactory-scraper:high_impact_events_calendar.csv
2025-12-03T15:00:00,EH-20251203T1500-USD-ISM-Services-PMI,ISM Services PMI,US,USD,HIGH,52.6,52.0,52.4,,ehsanrs2/forexfactory-scraper:high_impact_events_calendar.csv
2025-12-04T13:30:00,EH-20251204T1330-USD-Unemployment-Claims,Unemployment Claims,US,USD,HIGH,191000.0,219000.0,218000.0,,ehsanrs2/forexfactory-scraper:high_impact_events_calendar.csv
2025-12-05T13:30:00,EH-20251205T1330-CAD-Unemployment-Rate,Unemployment Rate,CA,CAD,HIGH,6.5,7.0,6.9,,ehsanrs2/forexfactory-scraper:high_impact_events_calendar.csv
2025-12-05T13:30:00,EH-20251205T1330-CAD-Employment-Change,Employment Change,CA,CAD,HIGH,53600.0,-1500.0,66600.0,,ehsanrs2/forexfactory-scraper:high_impact_events_calendar.csv
2025-12-05T15:00:00,EH-20251205T1500-USD-Core-PCE-Price-Index-m-m,Core PCE Price Index m/m,US,USD,HIGH,0.2,0.2,0.2,,ehsanrs2/forexfactory-scraper:high_impact_events_calendar.csv
2025-12-05T15:00:00,EH-20251205T1500-USD-Prelim-UoM-Consumer-Sentiment,Prelim UoM Consumer Sentiment,US,USD,HIGH,53.3,52.0,51.0,,ehsanrs2/forexfactory-scraper:high_impact_events_calendar.csv
2025-12-05T15:00:00,EH-20251205T1500-USD-Prelim-UoM-Inflation-Expectations,Prelim UoM Inflation Expectations,US,USD,HIGH,4.1,,4.5,,ehsanrs2/forexfactory-scraper:high_impact_events_calendar.csv
2025-12-09T03:30:00,EH-20251209T0330-AUD-Cash-Rate,Cash Rate,AU,AUD,HIGH,3.6,3.6,3.6,,ehsanrs2/forexfactory-scraper:high_impact_events_calendar.csv
2025-12-09T03:30:00,EH-20251209T0330-AUD-RBA-Rate-Statement,RBA Rate Statement,AU,AUD,HIGH,,,,,ehsanrs2/forexfactory-scraper:high_impact_events_calendar.csv
2025-12-09T04:30:00,EH-20251209T0430-AUD-RBA-Press-Conference,RBA Press Conference,AU,AUD,HIGH,,,,,ehsanrs2/forexfactory-scraper:high_impact_events_calendar.csv
2025-12-09T09:00:00,EH-20251209T0900-JPY-BOJ-Gov-Ueda-Speaks,BOJ Gov Ueda Speaks,JP,JPY,HIGH,,,,,ehsanrs2/forexfactory-scraper:high_impact_events_calendar.csv
2025-12-09T13:15:00,EH-20251209T1315-USD-ADP-Weekly-Employment-Change,ADP Weekly Employment Change,US,USD,HIGH,4800.0,,-8000.0,,ehsanrs2/forexfactory-scraper:high_impact_events_calendar.csv
2025-12-09T15:00:00,EH-20251209T1500-USD-JOLTS-Job-Openings,JOLTS Job Openings,US,USD,HIGH,7670000.0,7140000.0,7660000.0,,ehsanrs2/forexfactory-scraper:high_impact_events_calendar.csv
2025-12-10T13:30:00,EH-20251210T1330-USD-Employment-Cost-Index-q-q,Employment Cost Index q/q,US,USD,HIGH,0.8,0.9,0.9,,ehsanrs2/forexfactory-scraper:high_impact_events_calendar.csv
2025-12-10T14:45:00,EH-20251210T1445-CAD-BOC-Rate-Statement,BOC Rate Statement,CA,CAD,HIGH,,,,,ehsanrs2/forexfactory-scraper:high_impact_events_calendar.csv
2025-12-10T14:45:00,EH-20251210T1445-CAD-Overnight-Rate,Overnight Rate,CA,CAD,HIGH,2.25,2.25,2.25,,ehsanrs2/forexfactory-scraper:high_impact_events_calendar.csv
2025-12-10T15:30:00,EH-20251210T1530-CAD-BOC-Press-Conference,BOC Press Conference,CA,CAD,HIGH,,,,,ehsanrs2/forexfactory-scraper:high_impact_events_calendar.csv
2025-12-10T19:00:00,EH-20251210T1900-USD-Federal-Funds-Rate,Federal Funds Rate,US,USD,HIGH,3.75,3.75,4.0,,ehsanrs2/forexfactory-scraper:high_impact_events_calendar.csv
2025-12-10T19:00:00,EH-20251210T1900-USD-FOMC-Economic-Projections,FOMC Economic Projections,US,USD,HIGH,,,,,ehsanrs2/forexfactory-scraper:high_impact_events_calendar.csv
2025-12-10T19:00:00,EH-20251210T1900-USD-FOMC-Statement,FOMC Statement,US,USD,HIGH,,,,,ehsanrs2/forexfactory-scraper:high_impact_events_calendar.csv
2025-12-10T19:30:00,EH-20251210T1930-USD-FOMC-Press-Conference,FOMC Press Conference,US,USD,HIGH,,,,,ehsanrs2/forexfactory-scraper:high_impact_events_calendar.csv
2025-12-11T00:30:00,EH-20251211T0030-AUD-Employment-Change,Employment Change,AU,AUD,HIGH,-21300.0,20000.0,41100.0,,ehsanrs2/forexfactory-scraper:high_impact_events_calendar.csv
2025-12-11T00:30:00,EH-20251211T0030-AUD-Unemployment-Rate,Unemployment Rate,AU,AUD,HIGH,4.3,4.4,4.3,,ehsanrs2/forexfactory-scraper:high_impact_events_calendar.csv
2025-12-11T08:30:00,EH-20251211T0830-CHF-SNB-Monetary-Policy-Assessment,SNB Monetary Policy Assessment,CH,CHF,HIGH,,,,,ehsanrs2/forexfactory-scraper:high_impact_events_calendar.csv
2025-12-11T08:30:00,EH-20251211T0830-CHF-SNB-Policy-Rate,SNB Policy Rate,CH,CHF,HIGH,0.0,0.0,0.0,,ehsanrs2/forexfactory-scraper:high_impact_events_calendar.csv
2025-12-11T09:00:00,EH-20251211T0900-CHF-SNB-Press-Conference,SNB Press Conference,CH,CHF,HIGH,,,,,ehsanrs2/forexfactory-scraper:high_impact_events_calendar.csv
2025-12-11T13:30:00,EH-20251211T1330-USD-Unemployment-Claims,Unemployment Claims,US,USD,HIGH,236000.0,220000.0,192000.0,,ehsanrs2/forexfactory-scraper:high_impact_events_calendar.csv
2025-12-12T07:00:00,EH-20251212T0700-GBP-GDP-m-m,GDP m/m,GB,GBP,HIGH,-0.1,0.1,-0.1,,ehsanrs2/forexfactory-scraper:high_impact_events_calendar.csv
2025-12-15T13:30:00,EH-20251215T1330-CAD-Trimmed-CPI-y-y,Trimmed CPI y/y,CA,CAD,HIGH,2.8,2.9,3.0,,ehsanrs2/forexfactory-scraper:high_impact_events_calendar.csv
2025-12-15T13:30:00,EH-20251215T1330-CAD-Median-CPI-y-y,Median CPI y/y,CA,CAD,HIGH,2.8,2.9,3.0,,ehsanrs2/forexfactory-scraper:high_impact_events_calendar.csv
2025-12-15T13:30:00,EH-20251215T1330-CAD-CPI-m-m,CPI m/m,CA,CAD,HIGH,0.1,0.1,0.2,,ehsanrs2/forexfactory-scraper:high_impact_events_calendar.csv
2025-12-16T07:00:00,EH-20251216T0700-GBP-Claimant-Count-Change,Claimant Count Change,GB,GBP,HIGH,20100.0,21600.0,-3900.0,,ehsanrs2/forexfactory-scraper:high_impact_events_calendar.csv
2025-12-16T08:30:00,EH-20251216T0830-EUR-German-Flash-Manufacturing-PMI,German Flash Manufacturing PMI,EU,EUR,HIGH,47.7,48.6,48.2,,ehsanrs2/forexfactory-scraper:high_impact_events_calendar.csv
2025-12-16T08:30:00,EH-20251216T0830-EUR-German-Flash-Services-PMI,German Flash Services PMI,EU,EUR,HIGH,52.6,53.0,53.1,,ehsanrs2/forexfactory-scraper:high_impact_events_calendar.csv
2025-12-16T09:30:00,EH-20251216T0930-GBP-Flash-Manufacturing-PMI,Flash Manufacturing PMI,GB,GBP,HIGH,51.2,50.3,50.2,,ehsanrs2/forexfactory-scraper:high_impact_events_calendar.csv
2025-12-16T09:30:00,EH-20251216T0930-GBP-Flash-Services-PMI,Flash Services PMI,GB,GBP,HIGH,52.1,51.6,51.3,,ehsanrs2/forexfactory-scraper:high_impact_events_calendar.csv
2025-12-16T13:15:00,EH-20251216T1315-USD-ADP-Weekly-Employment-Change,ADP Weekly Employment Change,US,USD,HIGH,16300.0,,2800.0,,ehsanrs2/forexfactory-scraper:high_impact_events_calendar.csv
2025-12-16T13:30:00,EH-20251216T1330-USD-Unemployment-Rate,Unemployment Rate,US,USD,HIGH,4.6,4.5,4.4,,ehsanrs2/forexfactory-scraper:high_impact_events_calendar.csv
2025-12-16T13:30:00,EH-20251216T1330-USD-Retail-Sales-m-m,Retail Sales m/m,US,USD,HIGH,0.0,0.1,0.1,,ehsanrs2/forexfactory-scraper:high_impact_events_calendar.csv
2025-12-16T13:30:00,EH-20251216T1330-USD-Core-Retail-Sales-m-m,Core Retail Sales m/m,US,USD,HIGH,0.4,0.2,0.1,,ehsanrs2/forexfactory-scraper:high_impact_events_calendar.csv
2025-12-16T13:30:00,EH-20251216T1330-USD-Average-Hourly-Earnings-m-m,Average Hourly Earnings m/m,US,USD,HIGH,0.1,0.3,0.4,,ehsanrs2/forexfactory-scraper:high_impact_events_calendar.csv
2025-12-16T13:30:00,EH-20251216T1330-USD-Non-Farm-Employment-Change,Non-Farm Employment Change,US,USD,HIGH,64000.0,51000.0,-105000.0,,ehsanrs2/forexfactory-scraper:high_impact_events_calendar.csv
2025-12-16T14:45:00,EH-20251216T1445-USD-Flash-Manufacturing-PMI,Flash Manufacturing PMI,US,USD,HIGH,51.8,52.0,52.2,,ehsanrs2/forexfactory-scraper:high_impact_events_calendar.csv
2025-12-16T14:45:00,EH-20251216T1445-USD-Flash-Services-PMI,Flash Services PMI,US,USD,HIGH,52.9,54.0,54.1,,ehsanrs2/forexfactory-scraper:high_impact_events_calendar.csv
2025-12-17T07:00:00,EH-20251217T0700-GBP-CPI-y-y,CPI y/y,GB,GBP,HIGH,3.2,3.5,3.6,,ehsanrs2/forexfactory-scraper:high_impact_events_calendar.csv
2025-12-17T21:45:00,EH-20251217T2145-NZD-GDP-q-q,GDP q/q,NZ,NZD,HIGH,1.1,0.9,-1.0,,ehsanrs2/forexfactory-scraper:high_impact_events_calendar.csv
2025-12-18T12:00:00,EH-20251218T1200-GBP-Official-Bank-Rate,Official Bank Rate,GB,GBP,HIGH,3.75,3.75,4.0,,ehsanrs2/forexfactory-scraper:high_impact_events_calendar.csv
2025-12-18T12:00:00,EH-20251218T1200-GBP-MPC-Official-Bank-Rate-Votes,MPC Official Bank Rate Votes,GB,GBP,HIGH,0.0,0.0,0.0,,ehsanrs2/forexfactory-scraper:high_impact_events_calendar.csv
2025-12-18T12:00:00,EH-20251218T1200-GBP-Monetary-Policy-Summary,Monetary Policy Summary,GB,GBP,HIGH,,,,,ehsanrs2/forexfactory-scraper:high_impact_events_calendar.csv
2025-12-18T13:15:00,EH-20251218T1315-EUR-Main-Refinancing-Rate,Main Refinancing Rate,EU,EUR,HIGH,2.15,2.15,2.15,,ehsanrs2/forexfactory-scraper:high_impact_events_calendar.csv
2025-12-18T13:15:00,EH-20251218T1315-EUR-Monetary-Policy-Statement,Monetary Policy Statement,EU,EUR,HIGH,,,,,ehsanrs2/forexfactory-scraper:high_impact_events_calendar.csv
2025-12-18T13:30:00,EH-20251218T1330-USD-CPI-y-y,CPI y/y,US,USD,HIGH,2.7,3.1,3.0,,ehsanrs2/forexfactory-scraper:high_impact_events_calendar.csv
2025-12-18T13:30:00,EH-20251218T1330-USD-Unemployment-Claims,Unemployment Claims,US,USD,HIGH,224000.0,224000.0,237000.0,,ehsanrs2/forexfactory-scraper:high_impact_events_calendar.csv
2025-12-18T13:45:00,EH-20251218T1345-EUR-ECB-Press-Conference,ECB Press Conference,EU,EUR,HIGH,,,,,ehsanrs2/forexfactory-scraper:high_impact_events_calendar.csv
2025-12-19T03:19:00,EH-20251219T0319-JPY-BOJ-Policy-Rate,BOJ Policy Rate,JP,JPY,HIGH,,,,,ehsanrs2/forexfactory-scraper:high_impact_events_calendar.csv
2025-12-19T03:19:00,EH-20251219T0319-JPY-Monetary-Policy-Statement,Monetary Policy Statement,JP,JPY,HIGH,,,,,ehsanrs2/forexfactory-scraper:high_impact_events_calendar.csv
2025-12-19T06:30:00,EH-20251219T0630-JPY-BOJ-Press-Conference,BOJ Press Conference,JP,JPY,HIGH,,,,,ehsanrs2/forexfactory-scraper:high_impact_events_calendar.csv
2025-12-19T07:00:00,EH-20251219T0700-GBP-Retail-Sales-m-m,Retail Sales m/m,GB,GBP,HIGH,-0.1,0.3,-0.9,,ehsanrs2/forexfactory-scraper:high_impact_events_calendar.csv
2025-12-23T13:30:00,EH-20251223T1330-CAD-GDP-m-m,GDP m/m,CA,CAD,HIGH,-0.3,-0.3,0.2,,ehsanrs2/forexfactory-scraper:high_impact_events_calendar.csv
2025-12-23T13:30:00,EH-20251223T1330-USD-Prelim-GDP-q-q,Prelim GDP q/q,US,USD,HIGH,4.3,3.3,3.8,,ehsanrs2/forexfactory-scraper:high_impact_events_calendar.csv
2025-12-24T13:30:00,EH-20251224T1330-USD-Unemployment-Claims,Unemployment Claims,US,USD,HIGH,214000.0,224000.0,224000.0,,ehsanrs2/forexfactory-scraper:high_impact_events_calendar.csv
2025-12-30T19:00:00,EH-20251230T1900-USD-FOMC-Meeting-Minutes,FOMC Meeting Minutes,US,USD,HIGH,,,,,ehsanrs2/forexfactory-scraper:high_impact_events_calendar.csv
2025-12-31T13:30:00,EH-20251231T1330-USD-Unemployment-Claims,Unemployment Claims,US,USD,HIGH,199000.0,219000.0,215000.0,,ehsanrs2/forexfactory-scraper:high_impact_events_calendar.csv
2026-01-05T15:00:00,EH-20260105T1500-USD-ISM-Manufacturing-PMI,ISM Manufacturing PMI,US,USD,HIGH,47.9,48.3,48.2,,ehsanrs2/forexfactory-scraper:high_impact_events_calendar.csv
2026-01-07T00:30:00,EH-20260107T0030-AUD-Trimmed-Mean-CPI-m-m,Trimmed Mean CPI m/m,AU,AUD,HIGH,0.3,0.2,0.3,,ehsanrs2/forexfactory-scraper:high_impact_events_calendar.csv
2026-01-07T00:30:00,EH-20260107T0030-AUD-CPI-y-y,CPI y/y,AU,AUD,HIGH,3.4,3.6,3.8,,ehsanrs2/forexfactory-scraper:high_impact_events_calendar.csv
2026-01-07T00:30:00,EH-20260107T0030-AUD-CPI-m-m,CPI m/m,AU,AUD,HIGH,0.0,0.1,0.0,,ehsanrs2/forexfactory-scraper:high_impact_events_calendar.csv
2026-01-07T13:15:00,EH-20260107T1315-USD-ADP-Non-Farm-Employment-Change,ADP Non-Farm Employment Change,US,USD,HIGH,41000.0,49000.0,-29000.0,,ehsanrs2/forexfactory-scraper:high_impact_events_calendar.csv
2026-01-07T15:00:00,EH-20260107T1500-USD-ISM-Services-PMI,ISM Services PMI,US,USD,HIGH,54.4,52.2,52.6,,ehsanrs2/forexfactory-scraper:high_impact_events_calendar.csv
2026-01-07T15:00:00,EH-20260107T1500-USD-JOLTS-Job-Openings,JOLTS Job Openings,US,USD,HIGH,7150000.0,7610000.0,7450000.0,,ehsanrs2/forexfactory-scraper:high_impact_events_calendar.csv
2026-01-08T07:30:00,EH-20260108T0730-CHF-CPI-m-m,CPI m/m,CH,CHF,HIGH,0.0,0.0,-0.2,,ehsanrs2/forexfactory-scraper:high_impact_events_calendar.csv
2026-01-08T13:30:00,EH-20260108T1330-USD-Unemployment-Claims,Unemployment Claims,US,USD,HIGH,208000.0,213000.0,200000.0,,ehsanrs2/forexfactory-scraper:high_impact_events_calendar.csv
2026-01-09T13:30:00,EH-20260109T1330-USD-Unemployment-Rate,Unemployment Rate,US,USD,HIGH,,4.5,4.6,,ehsanrs2/forexfactory-scraper:high_impact_events_calendar.csv
2026-01-09T13:30:00,EH-20260109T1330-USD-Non-Farm-Employment-Change,Non-Farm Employment Change,US,USD,HIGH,,66000.0,64000.0,,ehsanrs2/forexfactory-scraper:high_impact_events_calendar.csv
2026-01-09T13:30:00,EH-20260109T1330-USD-Average-Hourly-Earnings-m-m,Average Hourly Earnings m/m,US,USD,HIGH,,0.3,0.1,,ehsanrs2/forexfactory-scraper:high_impact_events_calendar.csv
2026-01-09T13:30:00,EH-20260109T1330-CAD-Unemployment-Rate,Unemployment Rate,CA,CAD,HIGH,,6.7,6.5,,ehsanrs2/forexfactory-scraper:high_impact_events_calendar.csv
2026-01-09T13:30:00,EH-20260109T1330-CAD-Employment-Change,Employment Change,CA,CAD,HIGH,,-1800.0,53600.0,,ehsanrs2/forexfactory-scraper:high_impact_events_calendar.csv
2026-01-09T15:00:00,EH-20260109T1500-USD-Prelim-UoM-Consumer-Sentiment,Prelim UoM Consumer Sentiment,US,USD,HIGH,,53.5,52.9,,ehsanrs2/forexfactory-scraper:high_impact_events_calendar.csv
2026-01-09T15:00:00,EH-20260109T1500-USD-Prelim-UoM-Inflation-Expectations,Prelim UoM Inflation Expectations,US,USD,HIGH,,,4.2,,ehsanrs2/forexfactory-scraper:high_impact_events_calendar.csv
2026-01-13T13:30:00,EH-20260113T1330-USD-Core-CPI-m-m,Core CPI m/m,US,USD,HIGH,,,0.2,,ehsanrs2/forexfactory-scraper:high_impact_events_calendar.csv
2026-01-13T13:30:00,EH-20260113T1330-USD-CPI-m-m,CPI m/m,US,USD,HIGH,,,0.3,,ehsanrs2/forexfactory-scraper:high_impact_events_calendar.csv
2026-01-13T13:30:00,EH-20260113T1330-USD-CPI-y-y,CPI y/y,US,USD,HIGH,,,2.7,,ehsanrs2/forexfactory-scraper:high_impact_events_calendar.csv
2026-01-14T13:30:00,EH-20260114T1330-USD-Retail-Sales-m-m,Retail Sales m/m,US,USD,HIGH,,,0.0,,ehsanrs2/forexfactory-scraper:high_impact_events_calendar.csv
2026-01-14T13:30:00,EH-20260114T1330-USD-PPI-m-m,PPI m/m,US,USD,HIGH,,,,,ehsanrs2/forexfactory-scraper:high_impact_events_calendar.csv
2026-01-14T13:30:00,EH-20260114T1330-USD-Core-Retail-Sales-m-m,Core Retail Sales m/m,US,USD,HIGH,,,0.4,,ehsanrs2/forexfactory-scraper:high_impact_events_calendar.csv
2026-01-14T13:30:00,EH-20260114T1330-USD-Core-PPI-m-m,Core PPI m/m,US,USD,HIGH,,,,,ehsanrs2/forexfactory-scraper:high_impact_events_calendar.csv
2026-01-15T07:00:00,EH-20260115T0700-GBP-GDP-m-m,GDP m/m,GB,GBP,HIGH,,,-0.1,,ehsanrs2/forexfactory-scraper:high_impact_events_calendar.csv
2026-01-15T13:30:00,EH-20260115T1330-USD-Unemployment-Claims,Unemployment Claims,US,USD,HIGH,,,,,ehsanrs2/forexfactory-scraper:high_impact_events_calendar.csv
2026-01-19T13:30:00,EH-20260119T1330-CAD-CPI-m-m,CPI m/m,CA,CAD,HIGH,,,,,ehsanrs2/forexfactory-scraper:high_impact_events_calendar.csv
2026-01-19T13:30:00,EH-20260119T1330-CAD-Median-CPI-y-y,Median CPI y/y,CA,CAD,HIGH,,,,,ehsanrs2/forexfactory-scraper:high_impact_events_calendar.csv
2026-01-19T13:30:00,EH-20260119T1330-CAD-Trimmed-CPI-y-y,Trimmed CPI y/y,CA,CAD,HIGH,,,,,ehsanrs2/forexfactory-scraper:high_impact_events_calendar.csv
2026-01-20T07:00:00,EH-20260120T0700-GBP-Claimant-Count-Change,Claimant Count Change,GB,GBP,HIGH,,,,,ehsanrs2/forexfactory-scraper:high_impact_events_calendar.csv
2026-01-22T00:30:00,EH-20260122T0030-AUD-Unemployment-Rate,Unemployment Rate,AU,AUD,HIGH,,,,,ehsanrs2/forexfactory-scraper:high_impact_events_calendar.csv
2026-01-22T00:30:00,EH-20260122T0030-AUD-Employment-Change,Employment Change,AU,AUD,HIGH,,,,,ehsanrs2/forexfactory-scraper:high_impact_events_calendar.csv
2026-01-22T13:30:00,EH-20260122T1330-USD-Core-PCE-Price-Index-m-m,Core PCE Price Index m/m,US,USD,HIGH,,,,,ehsanrs2/forexfactory-scraper:high_impact_events_calendar.csv
2026-01-22T13:30:00,EH-20260122T1330-USD-Final-GDP-q-q,Final GDP q/q,US,USD,HIGH,,,,,ehsanrs2/forexfactory-scraper:high_impact_events_calendar.csv
2026-01-22T13:30:00,EH-20260122T1330-USD-Unemployment-Claims,Unemployment Claims,US,USD,HIGH,,,,,ehsanrs2/forexfactory-scraper:high_impact_events_calendar.csv
2026-01-22T21:45:00,EH-20260122T2145-NZD-CPI-q-q,CPI q/q,NZ,NZD,HIGH,,,1.0,,ehsanrs2/forexfactory-scraper:high_impact_events_calendar.csv
2026-01-23T00:00:00,EH-20260123T0000-JPY-BOJ-Outlook-Report,BOJ Outlook Report,JP,JPY,HIGH,,,,,ehsanrs2/forexfactory-scraper:high_impact_events_calendar.csv
2026-01-23T00:00:00,EH-20260123T0000-JPY-BOJ-Policy-Rate,BOJ Policy Rate,JP,JPY,HIGH,,,,,ehsanrs2/forexfactory-scraper:high_impact_events_calendar.csv
2026-01-23T00:00:00,EH-20260123T0000-JPY-Monetary-Policy-Statement,Monetary Policy Statement,JP,JPY,HIGH,,,,,ehsanrs2/forexfactory-scraper:high_impact_events_calendar.csv
2026-01-23T00:00:00,EH-20260123T0000-JPY-BOJ-Press-Conference,BOJ Press Conference,JP,JPY,HIGH,,,,,ehsanrs2/forexfactory-scraper:high_impact_events_calendar.csv
2026-01-23T07:00:00,EH-20260123T0700-GBP-Retail-Sales-m-m,Retail Sales m/m,GB,GBP,HIGH,,,,,ehsanrs2/forexfactory-scraper:high_impact_events_calendar.csv
2026-01-23T08:30:00,EH-20260123T0830-EUR-German-Flash-Manufacturing-PMI,German Flash Manufacturing PMI,EU,EUR,HIGH,,,,,ehsanrs2/forexfactory-scraper:high_impact_events_calendar.csv
2026-01-23T08:30:00,EH-20260123T0830-EUR-German-Flash-Services-PMI,German Flash Services PMI,EU,EUR,HIGH,,,,,ehsanrs2/forexfactory-scraper:high_impact_events_calendar.csv
2026-01-23T09:30:00,EH-20260123T0930-GBP-Flash-Manufacturing-PMI,Flash Manufacturing PMI,GB,GBP,HIGH,,,,,ehsanrs2/forexfactory-scraper:high_impact_events_calendar.csv
2026-01-23T09:30:00,EH-20260123T0930-GBP-Flash-Services-PMI,Flash Services PMI,GB,GBP,HIGH,,,,,ehsanrs2/forexfactory-scraper:high_impact_events_calendar.csv
2026-01-23T14:45:00,EH-20260123T1445-USD-Flash-Manufacturing-PMI,Flash Manufacturing PMI,US,USD,HIGH,,,,,ehsanrs2/forexfactory-scraper:high_impact_events_calendar.csv
2026-01-23T14:45:00,EH-20260123T1445-USD-Flash-Services-PMI,Flash Services PMI,US,USD,HIGH,,,,,ehsanrs2/forexfactory-scraper:high_impact_events_calendar.csv
2026-01-28T00:30:00,EH-20260128T0030-AUD-CPI-y-y,CPI y/y,AU,AUD,HIGH,,,,,ehsanrs2/forexfactory-scraper:high_impact_events_calendar.csv
2026-01-28T00:30:00,EH-20260128T0030-AUD-Trimmed-Mean-CPI-m-m,Trimmed Mean CPI m/m,AU,AUD,HIGH,,,,,ehsanrs2/forexfactory-scraper:high_impact_events_calendar.csv
2026-01-28T00:30:00,EH-20260128T0030-AUD-CPI-m-m,CPI m/m,AU,AUD,HIGH,,,,,ehsanrs2/forexfactory-scraper:high_impact_events_calendar.csv
2026-01-28T14:45:00,EH-20260128T1445-CAD-BOC-Monetary-Policy-Report,BOC Monetary Policy Report,CA,CAD,HIGH,,,,,ehsanrs2/forexfactory-scraper:high_impact_events_calendar.csv
2026-01-28T14:45:00,EH-20260128T1445-CAD-BOC-Rate-Statement,BOC Rate Statement,CA,CAD,HIGH,,,,,ehsanrs2/forexfactory-scraper:high_impact_events_calendar.csv
2026-01-28T14:45:00,EH-20260128T1445-CAD-Overnight-Rate,Overnight Rate,CA,CAD,HIGH,,,,,ehsanrs2/forexfactory-scraper:high_impact_events_calendar.csv
2026-01-28T15:30:00,EH-20260128T1530-CAD-BOC-Press-Conference,BOC Press Conference,CA,CAD,HIGH,,,,,ehsanrs2/forexfactory-scraper:high_impact_events_calendar.csv
2026-01-28T19:00:00,EH-20260128T1900-USD-Federal-Funds-Rate,Federal Funds Rate,US,USD,HIGH,,,,,ehsanrs2/forexfactory-scraper:high_impact_events_calendar.csv
2026-01-28T19:00:00,EH-20260128T1900-USD-FOMC-Statement,FOMC Statement,US,USD,HIGH,,,,,ehsanrs2/forexfactory-scraper:high_impact_events_calendar.csv
2026-01-28T19:30:00,EH-20260128T1930-USD-FOMC-Press-Conference,FOMC Press Conference,US,USD,HIGH,,,,,ehsanrs2/forexfactory-scraper:high_impact_events_calendar.csv
2026-01-29T13:30:00,EH-20260129T1330-USD-Unemployment-Claims,Unemployment Claims,US,USD,HIGH,,,,,ehsanrs2/forexfactory-scraper:high_impact_events_calendar.csv
2026-01-30T13:30:00,EH-20260130T1330-USD-Core-PPI-m-m,Core PPI m/m,US,USD,HIGH,,,,,ehsanrs2/forexfactory-scraper:high_impact_events_calendar.csv
2026-01-30T13:30:00,EH-20260130T1330-CAD-GDP-m-m,GDP m/m,CA,CAD,HIGH,,,,,ehsanrs2/forexfactory-scraper:high_impact_events_calendar.csv
2026-01-30T13:30:00,EH-20260130T1330-USD-PPI-m-m,PPI m/m,US,USD,HIGH,,,,,ehsanrs2/forexfactory-scraper:high_impact_events_calendar.csv
